SMILES1,SMILES2,cocrystal
C1=CC=C(C(=C1)C(=O)O)O,CC1=C(C=C(C=C1[N+](=O)[O-])[N+](=O)[O-])[N+](=O)[O-],0
C1=CC=C(C=C1)C(=O)O,CC1=C(C=C(C=C1[N+](=O)[O-])[N+](=O)[O-])[N+](=O)[O-],0
C1=CC=C(C(=C1)C(=O)O)O,CC1=C(C=C(C=C1)[N+](=O)[O-])[N+](=O)[O-],0
C1=CC=C(C=C1)C(=O)O,CC1=C(C=C(C=C1)[N+](=O)[O-])[N+](=O)[O-],0
C1=CC=C(C(=C1)C(=O)O)Cl,C1=CC=C(C(=C1)C(=O)O)O,0
C1=CC=C(C(=C1)C(=O)O)Cl,C1=CC=C(C=C1)C(=O)O,0
C1=CC=C(C(=C1)[N+](=O)[O-])O,C1=CC=C(C=C1)C(=O)O,0
C1=CC(=CC(=C1)O)C(=O)N,C1=CC=C(C(=C1)C(=O)O)O,0
C1=CC(=CC(=C1)O)C(=O)N,C1=CC=C(C=C1)C(=O)O,0
C1=CC=C(C=C1)C(=O)O,CC(CCCC(=O)O)CC(=O)O,0
C1=CC(=CC=C1[N+](=O)[O-])O,C1=CC=C(C(=C1)C(=O)O)O,0
C1=CC(=CC=C1[N+](=O)[O-])O,C1=CC=C(C=C1)C(=O)O,0
C1=CC(=CC=C1[N+](=O)[O-])O,C1=CC=C(C=C1)C=CC(=O)O,0
C1=CC=C(C=C1)C(=O)O,CC(=O)N,0
C1=CC(=CC(=C1)O)C(=O)O,C1=CC=C(C=C1)C(=O)N,0
C1=CC(=CC=C1C(=O)O)O,C1=CC=C(C=C1)C(=O)N,0
C1=CC=C(C=C1)C(=O)N,C1=CC=C(C=C1)C(=O)O,0
C1=CC=C(C=C1)C(=O)N,COC1=C(C=CC(=C1)C=CC(=O)O)O,0
C1=CC=C(C=C1)C(=O)C(=O)C2=CC=CC=C2,C1=CC=C(C=C1)C(=O)O,0
C1=CC=C(C(=C1)C(=O)O)O,C1=CC=C(C=C1)C(=O)O,0
C1=CC=C(C(=C1)C(=O)O)O,CC1(C2CCC1(C(C2)O)C)C,0
C1=CC=C(C=C1)C(=O)O,C1=CC=C(C=C1)C=CC(=O)O,0
C1=CC=C(C(=C1)C(=O)O)O,COC1=C(C=CC(=C1)C=CC(=O)CC(=O)C=CC2=CC(=C(C=C2)O)OC)O,0
C1=CC(=CC=C1C(=O)O)O,COC1=C(C=CC(=C1)C=CC(=O)CC(=O)C=CC2=CC(=C(C=C2)O)OC)O,0
COC1=C(C=CC(=C1)C=CC(=O)CC(=O)C=CC2=CC(=C(C=C2)O)OC)O,COC1=C(C=CC(=C1)C=CC(=O)O)O,0
C1=CC(=CC(=C1)O)C(=O)O,CCOC1=CC=CC=C1C(=O)N,0
C1=CC=C(C(=C1)C(=O)O)O,C1CC(=O)NC(=O)C1,0
C1=CC(=CC(=C1)O)C(=O)O,C1CC(=O)NC(=O)C1,0
C1=CC=C(C=C1)C(=O)O,C1CC(=O)NC(=O)C1,0
C1=CC=C2C(=C1)C=CC(=C2O)C(=O)O,CC1=C(C2=C(N1C(=O)C3=CC=C(C=C3)Cl)C=CC(=C2)OC)CC(=O)O,0
C1=CC(=C(C=C1O)C(=O)O)O,CC1=C(C2=C(N1C(=O)C3=CC=C(C=C3)Cl)C=CC(=C2)OC)CC(=O)O,0
C1=CC=C(C(=C1)C(=O)O)O,CC1=C(C2=C(N1C(=O)C3=CC=C(C=C3)Cl)C=CC(=C2)OC)CC(=O)O,0
C1=CC(=CC=C1C(=O)O)O,CC1=C(C2=C(N1C(=O)C3=CC=C(C=C3)Cl)C=CC(=C2)OC)CC(=O)O,0
C1=CC=C(C=C1)C(=O)O,CC1=C(C2=C(N1C(=O)C3=CC=C(C=C3)Cl)C=CC(=C2)OC)CC(=O)O,0
C1=CC(=O)NC1=O,C1=CC=C(C(=C1)C(=O)O)O,0
C1=CC(=CC(=C1)O)C(=O)O,C1=CC(=O)NC1=O,0
C1=CC(=O)NC1=O,C1=CC=C(C=C1)C(=O)O,0
C(C(=O)O)C(=O)O,C1=CC=C(C(=C1)C(=O)O)O,0
C(C(=O)O)C(=O)O,C1=CC=C(C=C1)C(=O)O,0
C1=CC=C(C(=C1)C(=O)O)O,CC1CCC(C(C1)O)C(C)C,0
C1=CC=C(C=C1)C(=O)O,C1=CC=C2C=CC=CC2=C1,0
C(=O)(C(=O)O)O,C1=CC=C(C=C1)C(=O)O,0
C1=CC=C(C(=C1)C(=O)O)O,C1=CC=C2C(=C1)C=CC3=CC=CC=C32,0
C1=CC=C(C=C1)C(=O)O,C1=CC=C2C(=C1)C=CC3=CC=CC=C32,0
C1=CC(=CC(=C1)O)C(=O)O,C1=CC=C2C(=C1)C=CC3=CC=CC=C32,0
C1=CC=C(C=C1)C=CC(=O)O,C1=CC=C2C(=C1)C=CC3=CC=CC=C32,0
C1=CC=C(C=C1)C(=O)O,C1=CC=C(C=C1)CC(=O)O,0
C1=CC=C(C=C1)C(=O)O,C1=CC=C2C(=C1)C(=O)NC2=O,0
C1=CC(=C(C(=C1)O)C(=O)O)O,C1CC(=O)N(C1)CC(=O)N,0
C1=CC(=C(C=C1O)C(=O)O)O,CC(=O)C1CCC2C1(CCC3C2CC=C4C3(CCC(C4)O)C)C,0
C1=CC=C2C(=C1)C=CC(=C2C(=O)O)O,CC(=O)C1CCC2C1(CCC3C2CC=C4C3(CCC(C4)O)C)C,0
C1=CC=C2C=C(C(=CC2=C1)C(=O)O)O,CC(=O)C1CCC2C1(CCC3C2CC=C4C3(CCC(C4)O)C)C,0
C1=CC(=CC(=C1)O)C(=O)O,C1=CC=C(C(=C1)C(=O)N)O,0
C(CC(=O)O)C(=O)O,C1=CC=C(C=C1)C(=O)O,0
C1=CC=C(C(=C1)C(=O)O)O,C1CC(=O)NC1=O,0
C1=CC(=CC(=C1)O)C(=O)O,C1CC(=O)NC1=O,0
C1=CC=C(C=C1)C(=O)O,C1CC(=O)NC1=O,0
C(=O)(N)N,C1=CC=C(C=C1)C(=O)O,0
CC1=CC(=C(C=C1)C(C)C)O,CCN(CC)CC(=O)NC1=C(C=CC=C1C)C,0
C1=CC(=CC(=C1)O)O,C1=CC=C(C=C1)C(C(=O)C2=CC=CC=C2)O,0
C1=CC(=CC(=C1)O)[N+](=O)[O-],CC1(C2CCC1(C(=O)C2)C)C,0
C1=C(N=C(S1)N=C(N)N)CSCCC(=NS(=O)(=O)N)N,C1=CC=C2C(=C1)C(=O)NS2(=O)=O,0
C(C(C(=O)O)O)(C(=O)O)O,COC1=C(C=CC(=C1)C=CC(=O)CC(=O)C=CC2=CC(=C(C=C2)O)OC)O,0
C1=CC(=CC=C1[N+](=O)[O-])O,CC1(C2CCC1(C(=O)C2)C)C,0
C1=CC=C2C(=C1)C=CC=C2O,COC1=C(C=CC(=C1)C=O)O,0
C1=CC=C2C(=C1)C3=CC=CC=C3C2=O,C1=CC=C2C(=C1)C3=CC=CC=C3N2,0
C1=CC(=CC(=C1)N)N,C1=CC=C2C=C(C=CC2=C1)O,0
C1=CC(=CC=C1N)S(=O)(=O)NC2=NC=CS2,CN1C=NC2=C1C(=O)N(C(=O)N2C)C,0
C1=CC=C(C=C1)C(=O)O,CC1(C2CCC1(C(=O)C2)C)C,0
C(=O)(C(=O)O)O,CC1=C(C2=C(N1C(=O)C3=CC=C(C=C3)Cl)C=CC(=C2)OC)CC(=O)O,0
C1=CC=C(C(=C1)N)[N+](=O)[O-],C1=CC=C2C(=C1)C=CC=C2O,0
C1=CC=C(C(=C1)CC(=O)O)NC2=C(C=CC=C2Cl)Cl,C1=CN=C(N=C1)Cl,0
C1=CC(=CN=C1)C(=O)N,C1=CC=C2C=C(C=CC2=C1)O,0
C1=CC=C2C(=C1)C=CN2,CC1=CC2=CC=CC=C2N1,0
C(=O)(N)N,C1=CC=C2C(=C1)C=CC=C2O,0
C1=C(N=C(S1)N=C(N)N)CSCCC(=NS(=O)(=O)N)N,C1=CC(=CN=C1)C(=O)N,0
C1=CC(=CN=C1)C(=O)N,C1=CC=C2C(=C1)C=CN2,0
C1=CC(=CN=C1)C(=O)N,COC1=C(C=CC(=C1)C=CC(=O)CC(=O)C=CC2=CC(=C(C=C2)O)OC)O,0
C1=CC=C(C(=C1)CC(=O)O)NC2=C(C=CC=C2Cl)Cl,CC1=CC(=NN1)C,0
C1=CC=C(C=C1)C(=O)O,C1=CN=CC=C1N,0
CC(C)(C)CCNC(CC(=O)O)C(=O)NC(CC1=CC=CC=C1)C(=O)OC,CC1=C(C2=C(N1C(=O)C3=CC=C(C=C3)Cl)C=CC(=C2)OC)CC(=O)O,0
C1=CC(=CC=C1N)N,C1=CC=C(C=C1)C(=O)N,0
C1=CC=C2C=C(C=CC2=C1)O,COC1=C(C=CC(=C1)C=O)O,0
C1=CC(=CC(=C1)O)N,C1=CC(=CC(=C1)O)O,0
C1=CC=C2C(=C1)C=CC=C2O,CC12CCC3C(C1CCC2O)CCC4=C3C=CC(=C4)O,0
C1=CC(=CC(=C1)O)[N+](=O)[O-],C1=CC=C(C=C1)C(=O)N,0
C1=CC(=CC=C1[N+](=O)[O-])O,CC(=O)C1=CC=C(C=C1)N,0
C1=CC=C(C(=C1)C(=O)O)Cl,C1=CC=C(C=C1)C(=O)N,0
C1=CC=C2C(=C1)C3=CC=CC=C3N2,CC1=C(C=C(C=C1)[N+](=O)[O-])[N+](=O)[O-],0
C1=CC=C(C(=C1)[N+](=O)[O-])O,C1=CC=C2C(=C1)C3=CC=CC=C3N2,0
C(=CC(=O)O)C(=O)O,CC1=C(C2=C(N1C(=O)C3=CC=C(C=C3)Cl)C=CC(=C2)OC)CC(=O)O,0
C1=CC=C(C(=C1)N)[N+](=O)[O-],C1=CC=C(C=C1)C2=CC=C(C=C2)O,0
C1=CC(=C(C=C1[N+](=O)[O-])[N+](=O)[O-])O,C1=CC=C2C(=C1)C3=CC=CC=C3N2,0
C1=CC(=CN=C1)C(=O)N,CC(=O)NC1=CC=C(C=C1)O,0
C1=CC=C(C(=C1)N)[N+](=O)[O-],C1=CC=C2C=C(C=CC2=C1)O,0
C(CC(=O)N)C(=O)N,C1=CN=CC=C1C2=CC=NC=C2,0
C1=CC=C(C(=C1)CC(=O)O)NC2=C(C=CC=C2Cl)Cl,C1=CNN=C1,0
CC1=CC(=O)N(N1C)C2=CC=CC=C2,CCOC1=CC=C(C=C1)NC(=O)C,0
CC(=O)NC1=CC=C(C=C1)O,CN1C=NC2=C1C(=O)N(C(=O)N2C)C,0
C(C(=O)O)Cl,COC1=C(C=CC(=C1)C=O)O,0
C1=CC=C(C(=C1)O)O,COC1=CC=C(C=C1)O,0
C1=CC=C(C(=C1)N)N,C1=CC=C(C=C1)C(=O)N,0
C1=CC(=CC(=C1)[N+](=O)[O-])[N+](=O)[O-],C1=CC=C2C(=C1)C3=CC=CC=C3N2,0
C1=CC=NC(=C1)C(=O)N,C1=CN=C(C=N1)C(=O)O,0
C1=CC(=CC(=C1)O)C=O,C1=CC=C2C=C(C=CC2=C1)O,0
C1=CC(=CN=C1)C(=O)N,C1=CN=C(C=N1)C(=O)O,0
C1=CC(=CC=C1[N+](=O)[O-])[N+](=O)[O-],C1=CC=C2C(=C1)C3=CC=CC=C3N2,0
C(C(=O)O)(Cl)Cl,CC1=CC=C(C=C1)C(=O)O,0
C1=CC=C(C=C1)C(=O)O,COC(=O)C1=CC=C(C=C1)C(=O)OC,0
CC(=O)C1CCC2C1(CCC3C2CCC4=CC(=O)CCC34C)C,CN1C2=C(C(=O)N(C1=O)C)NC=N2,0
C1=CC(=CC(=C1)N)N,C1=CC=C(C=C1)C(=O)N,0
C(C(=O)O)(Cl)Cl,C1=CC=C(C=C1)CC(=O)O,0
C1=CC(=CC=C1C(=O)O)O,COC1=CC=C(C=C1)C(=O)O,0
C1=CC=C(C=C1)C(=O)O,C1=CC=C2C(=C1)C=CC=C2N,0
C1=CC(=CC=C1O)Br,CC12CCC3C(C1CCC2O)CCC4=C3C=CC(=C4)O,0
C1=CC(=CC(=C1)[N+](=O)[O-])N,C1=CC=C(C=C1)C2=CC=C(C=C2)O,0
C1=CC(=CC=C1[N+](=O)[O-])O,C1=CC(=CC=C1N)[N+](=O)[O-],0
C1=CC=C2C=C(C=CC2=C1)O,CC12CCC3C(C1CCC2O)CCC4=C3C=CC(=C4)O,0
CC1=C(C2=C(N1C(=O)C3=CC=C(C=C3)Cl)C=CC(=C2)OC)CC(=O)O,COC1=C(C=CC(=C1)C(=O)O)O,0
C1=CC(=CC=C1Br)Br,CC1=C(N=C(C(=N1)C)C)C,0
C1=CC(=CC=C1N)[N+](=O)[O-],C1=CC=C(C=C1)C2=CC=C(C=C2)O,0
C1=CC=C2C(=C1)NC3=CC=CC=C3S2,CC1=NC=CN1,0
C1=CC(=CC=C1I)I,C1=CC=C(C=C1)C2=CC=NC=C2,0
C1=CC(=CC=C1C(=O)O)O,C1=CC=C(C(=C1)C(=O)O)O,0
C1=CC(=CC=C1C(=O)O)N,C1=CC(=CC=C1C(=O)O)O,0
C1=CC(=CC=C1Br)Br,C1=CC=C(C=C1)C2=CC=NC=C2,0
C1=CC(=CC=C1C(=O)N)O,CC(=O)OC1=CC=CC=C1C(=O)O,0
C1=NC=NN1,C1=NNN=N1,0
C1=CC(=CC=C1N)O,CC(=O)NC1=CC=C(C=C1)O,0
C1=CC(=CC=C1Br)Br,C1=CN=CC=C1C2=CC=NC=C2,0
C1=CC(=CC=C1I)I,C1=CN=CC=N1,0
C1=CC(=CC=C1Br)Br,C1=CC=C(C=C1)C(=O)C2=CC=NC=C2,0
C1=CC(=CC=C1Br)Br,C1=CN=CC=N1,0
C1=C(C=C(C=C1[N+](=O)[O-])[N+](=O)[O-])C(=O)O,COC1=CC(=CC(=C1)C(=O)O)OC,0
C1=CC(=CC=C1I)I,C1=CC=C(C=C1)C(=O)C2=CC=NC=C2,0
C1=CC=C(C(=C1)C(=O)O)O,CC1=CC=C(C=C1)[N+](=O)[O-],0
C1=CC=C(C(=C1)[N+](=O)[O-])O,C1=CC=C2C=C(C=CC2=C1)N,0
C1=CC(=CC=C1C(=O)O)N,CC1=C(C2=C(N1C(=O)C3=CC=C(C=C3)Cl)C=CC(=C2)OC)CC(=O)O,0
C1=CC=C(C=C1)C(C(=O)C2=CC=CC=C2)O,CC(=O)C1=CC=C(C=C1)N,0
C1=CC(=CC=C1Cl)Br,CCCCCCCCCCCCCCO,0
C1=CC(=CN=C1)C(=O)N,C1=CC=C(C(=C1)N)[N+](=O)[O-],0
C1=CC=C2C=C(C=CC2=C1)N,CC1=C(C=C(C=C1)[N+](=O)[O-])[N+](=O)[O-],0
C1=CC(=CC=C1C(=O)O)N,COC1=CC(=CC(=C1)C(=O)O)OC,0
C1=CC(=CC(=C1)[N+](=O)[O-])C(=O)O,C1=CC=C(C(=C1)C(=O)O)I,0
C1=CC(=CC(=C1)[N+](=O)[O-])N,C1=CC=C(C=C1)C(=O)C(=O)C2=CC=CC=C2,0
C1=NNN=C1,C1=NNN=N1,0
C1=CC=C2C=C(C=CC2=C1)N,CC1=C(C=CC=C1[N+](=O)[O-])[N+](=O)[O-],0
C1=CC(=CC2=C1C=CC(=C2)O)O,CC12CCC3C(C1CCC2O)CCC4=C3C=CC(=C4)O,0
C1=C(C=C(C=C1N)N)C(=O)O,C1=CC(=CC=C1C(=O)O)N,0
C1=C(C=C(C=C1[N+](=O)[O-])[N+](=O)[O-])C(=O)O,COC1=CC=C(C=C1)C(=O)O,0
C1=CC=C(C(=C1)C(=O)O)O,CC1=CC=CC=C1[N+](=O)[O-],0
CC1=CC=C(C=C1)NC(=O)C,CC1=CC=CC=C1NC(=O)C,0
C1=CC(=CC(=C1)O)C(=O)O,C1=CC=C(C(=C1)C(=O)O)O,0
C1=CC=C(C(=C1)[N+](=O)[O-])O,C1=CC=C2C(=C1)C=CC=C2N,0
CC(=O)NC1=CC=C(C=C1)O,CC(=O)OC1=CC=CC=C1C(=O)O,0
C1=CC=C(C=C1)Br,CC(=O)C1CCC2C1(CCC3C2CCC4=CC(=O)CCC34C)C,0
C1=CC=C2C=CC=CC2=C1,CC1(C2CCC1(C(=O)C2)C)C,0
C1=CC(=CC=C1C(=O)O)N,C1=CC=C(C(=C1)N)[N+](=O)[O-],0
CC(C)CC1=CC=C(C=C1)C(C)C(=O)O,CC1=CC(=C(C=C1)C(C)C)O,0
C1=CNN=C1,C1=NC=NN1,0
C1=CC(=CC=C1N)N,C1=CC=C(C(=C1)N)N,0
C1=CC(=CC(=C1)O)C=O,C1=CC(=CC=C1[N+](=O)[O-])O,0
C1=CC(=CC=C1N)[N+](=O)[O-],C1=CC=C(C=C1)C2=CC=CC=C2O,0
C1=C(C=C(C(=C1[N+](=O)[O-])O)[N+](=O)[O-])[N+](=O)[O-],C1=CC=C(C=C1)C(=O)C2=CC=CC=C2,0
C1=C(C=C(C(=C1[N+](=O)[O-])O)[N+](=O)[O-])[N+](=O)[O-],CC1=C(C=C(C=C1)[N+](=O)[O-])[N+](=O)[O-],0
C(=O)(N)N,CC1=CC(=O)N(N1C)C2=CC=CC=C2,0
C1=CC=C(C(=C1)N)[N+](=O)[O-],C1=CC=C(C=C1)C(=O)C(=O)C2=CC=CC=C2,0
C1=CC=C(C=C1)OC(=O)C2=CC=CC=C2O,CCN(CC)CC(=O)NC1=C(C=CC=C1C)C,0
C1=CC(=CN=C1)C(=O)N,C1=CC=C(C=C1)C(=O)N,0
C1=CC(=CC=C1C(=O)O)O,CC1=CC=C(C=C1)C(=O)O,0
C1=CC(=CC=C1C(=O)O)O,C1=CC=C(C=C1)C(=O)O,0
C1=CC=C2C(=C1)C=CC=C2O,C1=CC=C2C=C(C=CC2=C1)O,0
C1=CC=C2C(=C1)C=CC=C2N,CC1=C(C=CC=C1[N+](=O)[O-])[N+](=O)[O-],0
C1=C(C=C(C=C1[N+](=O)[O-])[N+](=O)[O-])[N+](=O)[O-],C1=CC(=CC(=C1)[N+](=O)[O-])[N+](=O)[O-],0
C1=CC(=CC=C1C(=O)N)N,CC1=C(C2=C(N1C(=O)C3=CC=C(C=C3)Cl)C=CC(=C2)OC)CC(=O)O,0
C1=CC(=CC=C1[N+](=O)[O-])O,C1=CC=C(C(=C1)C(=O)N)O,0
C1=CC(=CC=C1C(=O)O)Br,COC1=CC=C(C=C1)C(=O)O,0
C1=CC(=CC=C1C(=O)O)Cl,COC1=CC=C(C=C1)C(=O)O,0
C1=CC(=CC(=C1)[N+](=O)[O-])C(=O)O,C1=CC(=CC(=C1)O)C(=O)O,0
C1=CC(=CC(=C1)N)N,C1=CC(=CC=C1N)N,0
C1=CC(=CC(=C1)[N+](=O)[O-])N,C1=CC(=CC=C1O)O,0
C1=C(C=C(C(=C1[N+](=O)[O-])O)[N+](=O)[O-])[N+](=O)[O-],C1=CC(=CC(=C1)[N+](=O)[O-])[N+](=O)[O-],0
CC1=C(C(=C(C=C1[N+](=O)[O-])[N+](=O)[O-])C)[N+](=O)[O-],CC1=CC=C(C=C1)[N+](=O)[O-],0
CC1=C(C=C(C=C1)[N+](=O)[O-])[N+](=O)[O-],CC1=C(C=C(C=C1[N+](=O)[O-])[N+](=O)[O-])[N+](=O)[O-],0
C1=CC(=C(C=C1O)C(=O)O)O,CC12CCC3C(C1CCC2O)CCC4=C3C=CC(=C4)O,0
C1=CC(=CC(=C1)Cl)Cl,C1CC2=CC=CC3=C2C1=CC=C3,0
C1=CC(=CC=C1C(=O)O)I,COC1=CC=C(C=C1)C(=O)O,0
C1=CC=C(C=C1)C2=CC=CC=C2,C1CC2=CC=CC3=C2C1=CC=C3,0
C1=CC=C(C=C1)C(=O)O,CC1=CC=CC=C1[N+](=O)[O-],0
C1=CC(=CC(=C1)N)N,C1=CC=C(C(=C1)N)N,0
C1=CC(=C(C=C1[N+](=O)[O-])[N+](=O)[O-])O,C1=CC=C(C=C1)C(=O)C2=CC=CC=C2,0
C1=C(C=C(C=C1[N+](=O)[O-])[N+](=O)[O-])[N+](=O)[O-],COC1=C(C=C(C=C1[N+](=O)[O-])[N+](=O)[O-])[N+](=O)[O-],0
CCC1(C(=O)NC(=O)NC1=O)C2=CC=CC=C2,CCOC1=CC=C(C=C1)NC(=O)C,0
CC(C)(CO)CO,CC(CO)(CO)N,0
C1=CC=C2C=CC=CC2=C1,CC1=CC2=CC=CC=C2C=C1C,0
C1=CC(=CC(=C1)Cl)Cl,C1=CC=C2C=CC=CC2=C1,0
C1=CC(=CC(=C1)[N+](=O)[O-])[N+](=O)[O-],C1=CC=C2C=C(C=CC2=C1)O,0
CC1(C2CCC(O1)(CC2)C)C,CC1=CC=C(C=C1)C(C)C,0
C1=CC=C(C=C1)O,C1=CC=C(C=C1)OC(=O)OC2=CC=CC=C2,0
C1=CC=C(C=C1)C(=O)O,CC(C(C)C(=O)O)C(=O)O,0
C1=CC(=CN=C1)C(=O)N,CN(C)C1=CC=C(C=C1)C=O,0
C1=CC=C(C=C1)NC2=CC=CC=C2,CCNC1=CC=C(C=C1)[N+](=O)[O-],0
C1=C(C=C(C=C1[N+](=O)[O-])[N+](=O)[O-])C(=O)O,C1=CC(=CC(=C1)[N+](=O)[O-])C(=O)O,0
C1=CC(=CC=C1O)O,COC1=C(C=CC(=C1)C=CC(=O)CC(=O)C=CC2=CC(=C(C=C2)O)OC)O,0
C(C(=O)O)Cl,C1=CC=C(C=C1)C=CC(=O)O,0
C1=CC=C2C=CC=CC2=C1,C1CC2=CC=CC3=C2C1=CC=C3,0
CC(=O)OC1=CC=CC=C1C(=O)O,CCC1(C(=O)NC(=O)NC1=O)C2=CC=CC=C2,0
C1=CNN=C1,C1=NNN=C1,0
C1=CC=C2C(=C1)C=CC3=CC=CC=C32,C1=CC=C2C(=C1)SC3=CC=CC=C3S2,0
C1=CC(=CC=C1[N+](=O)[O-])O,C1=CC=C2C(=C1)C3=CC=CC=C3N2,0
C1=CC(=CC(=C1)[N+](=O)[O-])[N+](=O)[O-],C1=CC(=CC=C1[N+](=O)[O-])[N+](=O)[O-],0
C1=CC(=CC(=C1)[N+](=O)[O-])[N+](=O)[O-],CC1=C(C=C(C=C1[N+](=O)[O-])[N+](=O)[O-])[N+](=O)[O-],0
C1=CC(=C(C=C1[N+](=O)[O-])[N+](=O)[O-])O,CC1=C(C=C(C=C1)[N+](=O)[O-])[N+](=O)[O-],0
C1=CC(=C(C=C1[N+](=O)[O-])[N+](=O)[O-])O,CC1=C(C=C(C=C1[N+](=O)[O-])[N+](=O)[O-])[N+](=O)[O-],0
C1=C(C=C(C(=C1[N+](=O)[O-])O)[N+](=O)[O-])[N+](=O)[O-],COC1=C(C=C(C=C1[N+](=O)[O-])[N+](=O)[O-])[N+](=O)[O-],0
C1=CC=C2C(=C1)C=CC3=CC=CC=C32,C1CC2=CC=CC3=C2C1=CC=C3,0
C1C2=CC=CC=C2C3=CC=CC=C31,C1CC2=CC=CC3=C2C1=CC=C3,0
C1=CC(=CC=C1Br)Br,C1=CC=C(C(=C1)Cl)Cl,0
C1=CC=C(C=C1)C(C2=CC=CC=C2)C3=CC=CC=C3,C1=CC=C(C=C1)C2=CC=CC=C2,0
C1=CC=C(C=C1)C(C2=CC=CC=C2)C3=CC=CC=C3,C1=CC=C(C=C1)CC2=CC=CC=C2,0
C1=CC=C(C=C1)C2=CC=CC=C2,C1=CC=C(C=C1)CC2=CC=CC=C2,0
C1=CC=C2C=C(C(=CC2=C1)C(=O)O)O,CC12CCC3C(C1CCC2O)CCC4=C3C=CC(=C4)O,0
C1=CC=C(C(=C1)Cl)Cl,C1CC2=CC=CC3=C2C1=CC=C3,0
C1=C(C=NC=C1Cl)Cl,C1=CC(=CC=C1Br)Br,0
C(CC(=O)N)C(=O)N,C1=CN=CC=C1C(=O)NN,0
C1=C(C=NC=C1Cl)Cl,C1=CC(=CC=C1I)I,0
C1=CC(=CC(=C1)O)C(=O)O,C1=CC=C(C=C1)C(=O)O,0
C1=CC(=CC=C1C(=O)O)Br,C1=CC=C(C=C1)C(=O)O,0
C1=CC(=CC=C1C(=O)O)Br,C1=CC(=CC=C1C(=O)O)O,0
C1=CC(=CC=C1C(=O)O)Cl,C1=CC=C(C=C1)C(=O)O,0
C1=CC=C(C=C1)C(=O)O,COC1=CC=C(C=C1)C(=O)O,0
C1=CC=C(C(=C1)C(=O)O)[N+](=O)[O-],C1=CC=C(C(=C1)C(=O)O)I,0
C1=CC2=C3C(=C1)C=CC4=CC=CC(=C43)C=C2,C1=CC=C2C(=C1)C3=CC=CC4=C3C2=CC=C4,0
C1=CC2=C3C(=C1)C=CC4=CC=CC(=C43)C=C2,C1=CC=C2C(=C1)C=CC3=C2C=CC4=CC=CC=C43,0
C1=CC2=C3C(=C1)C=CC4=CC=CC(=C43)C=C2,C1=CC=C2C(=C1)C=CC3=CC=CC=C32,0
C1=CC=C2C(=C1)C3=CC=CC4=C3C2=CC=C4,C1=CC=C2C(=C1)C=CC3=C2C=CC4=CC=CC=C43,0
C1=CC=C2C(=C1)C3=CC=CC4=C3C2=CC=C4,C1CC2=CC=CC3=C2C1=CC=C3,0
C1=CC=C2C(=C1)C3=CC=CC4=C3C2=CC=C4,C1=CC=C2C(=C1)C=CC3=CC=CC=C32,0
C1=CC=C2C(=C1)C=CC3=C2C=CC4=CC=CC=C43,C1=CC=C2C(=C1)C=CC3=CC=CC=C32,0
C1=CC=C2C(=C1)C=CC3=CC=CC=C32,CC1=C2C(=CC=C1)C=CC3=CC=CC(=C32)C,0
C1CC2=CC=CC3=C2C1=CC=C3,CC1=CC2=C(C=C1)C=CC(=C2)C,0
C1CC2=CC=CC3=C2C1=CC=C3,CC1=CC2=CC=CC=C2C=C1,0
C1=CC=C(C=C1)C2=CC=CC=C2,C1C2=CC=CC=C2C3=CC=CC=C31,0
C1=CC=C2C=CC=CC2=C1,C1C2=CC=CC=C2C3=CC=CC=C31,0
C1=CC=C2C=CC=CC2=C1,CC1=CC2=CC=CC=C2C=C1,0
C1=CC=C(C(=C1)C(=O)N)O,CC(=O)OC1=CC=CC=C1C(=O)O,0
C1=CC(=C(C(=C1)Cl)Cl)O,C1=CC(=C(C=C1Cl)Cl)O,0
C1=CC(=CC=C1Cl)Cl,C1=CC=C2C=CC=CC2=C1,0
C1=CC(=CC=C1Cl)Cl,C1=CC=C(C=C1)C2=CC=CC=C2,0
C1=CC=C(C=C1)C2=CC=CC=C2,C1=CC=C2C=CC=CC2=C1,0
C1=CN=CN1,C1=NC=NN1,0
C1=CC=C2C(=C1)C3=CC=CC=C3O2,C1=CC=C2C(=C1)C3=CC=CC=C3S2,0
C1=CC=C2C(=C1)C=CC3=CC=CC=C32,C1=CC=C2C=CC=CC2=C1,0
C1=CC=C(C=C1)C2=CC=CC=C2,C1=CC=C2C(=C1)C3=CC=CC=C3O2,0
C1=CC=C2C=C(C=CC2=C1)N,CC1=CC(=C(C=C1)[N+](=O)[O-])[N+](=O)[O-],0
C1=CC(=CC(=C1)[N+](=O)[O-])[N+](=O)[O-],CC1=C(C=C(C=C1)[N+](=O)[O-])[N+](=O)[O-],0
C1=CC(=C(C=C1[N+](=O)[O-])[N+](=O)[O-])O,C1=CC(=CC(=C1)[N+](=O)[O-])[N+](=O)[O-],0
C1=C(C=C(C(=C1[N+](=O)[O-])O)[N+](=O)[O-])[N+](=O)[O-],C1=C(C=C(C=C1[N+](=O)[O-])[N+](=O)[O-])[N+](=O)[O-],0
CC1=C(C(=C(C=C1[N+](=O)[O-])[N+](=O)[O-])C)[N+](=O)[O-],CC1=C(C=C(C=C1)[N+](=O)[O-])[N+](=O)[O-],0
CC1=C(C=C(C=C1[N+](=O)[O-])[N+](=O)[O-])[N+](=O)[O-],COC1=C(C=C(C=C1[N+](=O)[O-])[N+](=O)[O-])[N+](=O)[O-],0
C1=CC=C(C=C1)CC2=CC=CC=C2,C1CC2=CC=CC3=C2C1=CC=C3,0
C1=CC=C(C=C1)CC2=CC=CC=C2,C1C2=CC=CC=C2C3=CC=CC=C31,0
C1=CC=C2C(=C1)C3=CC=CC=C3O2,C1CC2=CC=CC3=C2C1=CC=C3,0
C1=CC=C(C=C1)C(C2=CC=CC=C2)C3=CC=CC=C3,C1=CC=C2C=CC=CC2=C1,0
CC1=CC2=C(C=C1)C=C(C=C2)C,CC1=CC2=C(C=C1)C=CC(=C2)C,0
C1CC2=CC=CC3=C2C1=CC=C3,CC1=CC2=C(C=C1)C=C(C=C2)C,0
C1=CC=C2C=CC=CC2=C1,CC1=CC2=C(C=C1)C=C(C=C2)C,0
CCCCCCCCCC(=O)O,CCCCCCCCCCCC(=O)O,0
CC1=CC2=C(C=C1)C=C(C=C2)C,CC1=CC=C(C2=CC=CC=C12)C,0
CC1=C2C=CC=C(C2=CC=C1)C,CC1=CC2=C(C=C1)C=C(C=C2)C,0
CC1=CC2=C(C=C1)C=C(C=C2)C,CC1=CC2=CC=CC(=C2C=C1)C,0
CC1=CC2=C(C=C1)C=C(C=C2)C,CC1=CC2=CC=CC=C2C=C1C,0
C1=CC=C(C(=C1)Cl)Cl,C1=CC=C2C=CC=CC2=C1,0
C1=CC=C2C=C(C=CC2=C1)C(=O)O,CC12CCC3C(C1CCC2O)CCC4=C3C=CC(=C4)O,0
C1=CC2=C3C(=C1)C=CC4=CC=CC(=C43)C=C2,C1=CC=C2C=C3C=CC=CC3=CC2=C1,0
C1=CC2=C(C(=C1)O)N=CC=C2,C1=CC=C(C=C1)C(=O)O,0
C1=CC=C(C=C1)OC(=O)OC2=CC=CC=C2,COC(=O)OC,0
C1=CC=C(C=C1)C(=O)C(=O)C2=CC=CC=C2,C1=CC=C(C=C1)N=NC2=CC=CC=C2,0
C(CCC(=O)O)CC(=O)O,C(CCC(=O)O)CCC(=O)O,0
C1=CC=C2C=C3C=CC=CC3=CC2=C1,C1CC2=CC=CC3=C2C1=CC=C3,0
C1=CC=C2C(=C1)C3=CC=CC=C3C2=O,C1=CC=C2C=C3C=CC=CC3=CC2=C1,0
C1=CC=C2C(=C1)C3=CC=CC=C3C2=O,C1=CC=C2C(=C1)C3=CC=CC=C3O2,0
C1=CC(=CC=C1I)I,C1=CC(=NC(=C1)Cl)Cl,0
C1=CC(=CC(=C1)O)C(=O)O,C1=CC(=CC=C1C(=O)O)O,0
C1=CC(=CC(=C1)[N+](=O)[O-])C(=O)O,C1=CC(=CC=C1C(=O)O)[N+](=O)[O-],0
C1=CC=C(C=C1)C(=O)O,CC1=CC=C(C=C1)C(=O)O,0
C(C(=O)O)Cl,C1=CC=C(C=C1)CC(=O)O,0
C1=CC=C2C(=C1)C=CC3=C2C=CC4=CC=CC=C43,C1=CC=C2C=C3C=CC=CC3=CC2=C1,0
C1=CC2=C3C(=C1)C=CC4=CC=CC(=C43)C=C2,C1=CC=C2C=CC=CC2=C1,0
C1=CC=C2C(=C1)C3=CC=CC4=C3C2=CC=C4,C1C2=CC=CC=C2C3=CC=CC=C31,0
C1=CC=C2C(=C1)C3=CC=CC4=C3C2=CC=C4,C1=CC=C2C=CC=CC2=C1,0
C1=CC=C2C(=C1)C=CC3=C2C=CC4=CC=CC=C43,C1=CC=C2C=CC=CC2=C1,0
C1=CC=C2C(=C1)C=CC3=CC=CC=C32,C1C2=CC=CC=C2C3=CC=CC=C31,0
C1=CC=C(C=C1)C2=CC=CC=C2,C1=CC=C2C(=C1)C=CC3=CC=CC=C32,0
C1=CC=C2C(=C1)C3=CC=CC=C3O2,C1C2=CC=CC=C2C3=CC=CC=C31,0
C1=CC=C2C(=C1)C3=CC=CC=C3S2,C1C2=CC=CC=C2C3=CC=CC=C31,0
C1=CC=C(C(=C1)[N+](=O)[O-])O,C1=CC=C2C=C3C=CC=CC3=CC2=C1,0
CC1=C(C(=C(C=C1[N+](=O)[O-])[N+](=O)[O-])C)[N+](=O)[O-],CC1=C(C=C(C=C1[N+](=O)[O-])[N+](=O)[O-])[N+](=O)[O-],0
C1=C(C=C(C(=C1[N+](=O)[O-])O)[N+](=O)[O-])[N+](=O)[O-],CC1=C(C=C(C=C1[N+](=O)[O-])[N+](=O)[O-])[N+](=O)[O-],0
C1=CC=C(C=C1)C2=CC=CC=C2,CC1=CC(=C(C=C1C)C)C,0
C1=CC=C(C=C1)CC2=CC=CC=C2,C1=CC=C2C=CC=CC2=C1,0
CC1=C2C(=CC=CC2=CC=C1)C,CC1=CC2=C(C=C1)C=C(C=C2)C,0
C1=CC=C2C3=C4C(=CC2=C1)C=CC5=C4C(=CC=C5)C=C3,C1=CC=C2C=C3C=CC=CC3=CC2=C1,0
C(CC(=O)O)CC(=O)O,C(CCC(=O)O)CC(=O)O,0
CC1(C2CCC(O1)(CC2)C)C,CC1=CC2=CC=CC=C2N1,0
CC1(C2CCC(C2)C1=C)C,CC1(C2CCC(O1)(CC2)C)C,0
C(CCC(=O)O)CCC(=O)O,C1=CC=C(C=C1)C(=O)O,0
C1=CC(=CC=C1Br)Br,C1=CC(=NC(=C1)Cl)Cl,0
CC(C)CC1=CC=C(C=C1)C(C)C(=O)O,CCCCCCCCCCCC(=O)O,0
C1=CC(=CC=C1C#N)C(=O)O,COC1=CC(=CC(=C1)C(=O)O)OC,0
CC1=CC=C(C=C1)C(=O)O,COC1=CC=C(C=C1)C(=O)O,0
C1=CC(=CC(=C1)[N+](=O)[O-])C(=O)O,C1=CC=C(C(=C1)C(=O)O)[N+](=O)[O-],0
C1=CC(=CC=C1C(=O)O)[N+](=O)[O-],C1=CC=C(C(=C1)C(=O)O)[N+](=O)[O-],0
C1CC2=CC=CC3=C2C1=CC=C3,CC1=CC=CC=C1C,0
C1=CC(=C(C(=C1)Cl)O)Cl,C1=CC(=C(C=C1Cl)Cl)O,0
C1=CC(=CC=C1Cl)Cl,C1=CC=C(C=C1)C(C2=CC=CC=C2)C3=CC=CC=C3,0
C1=CN=CN1,C1=CNN=C1,0
C1=CNN=C1,C1=NNN=N1,0
C1=CN=CN1,C1=NNN=C1,0
C1=CC=C(C(=C1)[N+](=O)[O-])O,C1=CC=C2C=CC=CC2=C1,0
C1=CC=C2C(=C1)C=CC=C2N,CC1=CC(=C(C=C1)[N+](=O)[O-])[N+](=O)[O-],0
C1=C(C=C(C(=C1[N+](=O)[O-])O)[N+](=O)[O-])[N+](=O)[O-],CC1(C2CCC1(C(=O)C2)C)C,0
C1=CC(=CC(=C1)[N+](=O)[O-])[N+](=O)[O-],CC1=C(C(=C(C=C1[N+](=O)[O-])[N+](=O)[O-])C)[N+](=O)[O-],0
CC1=C(C=CC=C1[N+](=O)[O-])[N+](=O)[O-],CC1=CC=C(C=C1)N,0
C1=CC=C(C=C1)CC2=CC=CC=C2,C1=CC=C2C(=C1)C3=CC=CC=C3O2,0
C1=CC=C(C=C1)CC2=CC=CC=C2,C1=CC=C2C(=C1)C=CC3=CC=CC=C32,0
CC(=O)NC1=CC=CC=C1,CCOC1=CC=C(C=C1)NC(=O)C,0
C1=CC=C2C=CC=CC2=C1,CC1=CC(=C(C=C1C)C)C,0
C1=CC=C(C=C1)C(C2=CC=CC=C2)C3=CC=CC=C3,C1=CC=C2C(=C1)C=CC3=CC=CC=C32,0
C1=CC=C(C(=C1)Cl)Cl,C1=CC=C2C(=C1)C=CC3=CC=CC=C32,0
C1=CC=C2C(=C1)C=CC3=CC=CC=C3N2C(=O)N,C1=CC=NC(=C1)C(=O)N,0
C(CC(=O)O)CC(=O)O,C(CCC(=O)O)CCC(=O)O,0
C1=CC=C2C(=C1)C3=CC=CC=C3C2=O,C1C2=CC=CC=C2C3=CC=CC=C31,0
C1=CC=C(C=C1)NC2=CC=CC=C2,C1=CC=C2C=CC=CC2=C1,0
C1=CC(=CN=C1)C(=O)O,CC1=NC=C(C(=C1O)CO)CO,0
C1=CC(=CC=C1C=O)O,CC1=C(C=CC(=C1)[N+](=O)[O-])N,0
C1=CC(=CC=C1C(=O)O)Cl,C1=CC(=CC=C1C(=O)O)O,0
C1=CC(=CC=C1C(=O)O)Cl,C1=CC=C(C(=C1)C(=O)O)Cl,0
C(C(=O)O)(Cl)Cl,C(C(=O)O)Cl,0
C1=CC(=CC=C1C(=O)N)O,C1=CC=C(C=C1)C(=O)O,0
C1=CC(=CC(=C1)[N+](=O)[O-])[N+](=O)[O-],C1=CC(=CC(=C1)[N+](=O)[O-])N,0
C(=O)(N)N,CC(=O)OC1=CC=CC=C1C(=O)O,0
C1=CC(=CC(=C1)[N+](=O)[O-])[N+](=O)[O-],C1=CC(=CC(=C1)N)N,0
C1=C(C=C(C(=C1[N+](=O)[O-])O)[N+](=O)[O-])[N+](=O)[O-],CC1=C(C(=C(C=C1[N+](=O)[O-])[N+](=O)[O-])C)[N+](=O)[O-],0
CC1=C(C=C(C=C1)C(=O)O)C,COC1=CC(=CC(=C1)C(=O)O)OC,0
C1=CC=C2C(=C1)C3=CC=CC=C3C2=O,C1CC2=CC=CC3=C2C1=CC=C3,0
C1=CC(=CC=C1Br)Br,CC1=CC=[N+](C=C1)[O-],0
CCN(C1=CC=CC=C1)C(=O)N(CC)C2=CC=CC=C2,CCNC1=CC=C(C=C1)[N+](=O)[O-],0
C1=C(C=C(C=C1N)N)C(=O)O,C1=CC(=CC=C1C#N)C(=O)O,0
C1=C(C=C(C=C1N)N)C(=O)O,COC1=CC(=CC(=C1)C(=O)O)OC,0
C1=C(C=C(C=C1[N+](=O)[O-])[N+](=O)[O-])C(=O)O,C1=CC=C(C=C1)C(=O)O,0
C1=CC(=CC(=C1)N)C(=O)O,C1=CC=C(C=C1)C(=O)O,0
C1=CC(=CC(=C1)[N+](=O)[O-])C(=O)O,C1=CC=C(C(=C1)C(=O)O)O,0
C(C(=O)O)Cl,CC1=CC=C(C=C1)C(=O)O,0
C1CC2=CC=CC3=C2C1=CC=C3,CC1=CC(=C(C=C1C)C)C,0
C1=CC=C2C=CC=CC2=C1,CC1=CC=C(C=C1)[N+](=O)[O-],0
C1=CC=C(C(=C1)[N+](=O)[O-])O,C1=CC=C(C=C1)C2=CC=CC=C2,0
C1=CC=C(C(=C1)[N+](=O)[O-])O,CC1(C2CCC1(C(=O)C2)C)C,0
C1=CC(=CC(=C1)[N+](=O)[O-])[N+](=O)[O-],CC1=CC=C(C=C1)N,0
C1=CC=C(C=C1)CC2=CC=CC=C2,CC1=CC(=C(C=C1C)C)C,0
C1=CC=C(C=C1)C(C2=CC=CC=C2)C3=CC=CC=C3,CC1=CC(=C(C=C1C)C)C,0
CC12CCC3C(C1CCC2O)CCC4=C3C=CC(=C4)O,CN1C=NC2=C1C(=O)NC(=O)N2C,0
C1=CC(=CC=C1Cl)Br,CC(C)CC1=CC=C(C=C1)C(C)C(=O)O,0
C1=CN=CC=C1C(=O)NN,CC1=NC=C(C(=C1O)CO)CO,0
C1=CC(=CC=C1C(=O)O)N,C1=CC=C(C=C1)C(=O)O,0
C1=CC=C(C(=C1)C(=O)O)[N+](=O)[O-],C1=CC=C(C(=C1)C(=O)O)O,0
C(C(=O)O)Cl,C1=CC=C(C=C1)C(=O)O,0
C1=CC(=CC(=C1)O)[N+](=O)[O-],C1=CC=C2C(=C1)C3=CC=CC=C3N2,0
C1=CC(=C(C=C1[N+](=O)[O-])[N+](=O)[O-])O,CC1(C2CCC1(C(=O)C2)C)C,0
CC1=C(C(=O)N(N1C)C2=CC=CC=C2)N(C)C,CC1=CC(=O)N(N1C)C2=CC=CC=C2,0
C1=CC=C2C(=C1)C=CC3=CC=CC=C32,CC1=CC(=C(C=C1C)C)C,0
C1=CC(=CC=C1[N+](=O)[O-])Cl,C1=CC=C2C=CC=CC2=C1,0
C1=C(C=C(C=C1O)O)O,CC12CCC3C(C1CCC2O)CCC4=C3C=CC(=C4)O,0
C1=CC=C(C=C1)C(=O)C(=O)C2=CC=CC=C2,C1=CC=C(C=C1)C2=CC=CC=C2,0
C(C(=O)O)C(CC(=O)O)(C(=O)O)O,C(C(C(=O)O)O)(C(=O)O)O,0
C(CCC(=O)O)CCC(=O)O,CC(C(C)C(=O)O)C(=O)O,0
C(CCC(=O)O)CCC(=O)O,CC(C)(CC(=O)O)C(=O)O,0
C(CC(=O)O)CC(=O)O,CC(C(C)C(=O)O)C(=O)O,0
C(CC(=O)O)CC(=O)O,CC(C)(CC(=O)O)C(=O)O,0
C1=CC2=C3C(=C1)C=CC4=CC=CC(=C43)C=C2,C1=CC=C2C(=C1)C3=CC=CC=C3N2,0
C1=CC=C2C(=C1)C3=CC=CC4=C3C2=CC=C4,C1=CC=C2C(=C1)C3=CC=CC=C3N2,0
C1=CC=C2C(=C1)C3=CC=CC=C3N2,C1=CC=C2C(=C1)C=CC3=C2C=CC4=CC=CC=C43,0
C1=C(C=C(C=C1[N+](=O)[O-])[N+](=O)[O-])[N+](=O)[O-],C1=CC(=CC=C1N)[N+](=O)[O-],0
C1=CC(=CC=C1[N+](=O)[O-])[N+](=O)[O-],CC1=CC=C(C=C1)N,0
CC1=CC(=C(C=C1)[N+](=O)[O-])[N+](=O)[O-],CC1=CC=C(C=C1)N,0
CC1=C(C(=O)N(N1C)C2=CC=CC=C2)N(C)C,CCOC1=CC=C(C=C1)NC(=O)C,0
C(CCC(=O)O)CC(=O)O,C1=CC=C(C=C1)C(=O)O,0
C(CC(=O)O)C(=O)O,CC(=O)NC1=CC=CC=C1,0
C(CCCC(=O)O)CCC(=O)O,CC(C(C)C(=O)O)C(=O)O,0
C(CCCC(=O)O)CCC(=O)O,CC(C)(CC(=O)O)C(=O)O,0
C(CCCC(=O)O)CCCC(=O)O,CC(C(C)C(=O)O)C(=O)O,0
C(CCCC(=O)O)CCCC(=O)O,CC(C)(CC(=O)O)C(=O)O,0
CC12CCC3C(C1CCC2O)CCC4=C3C=CC(=C4)O,CN1C2=C(C(=O)N(C1=O)C)NC=N2,0
C1=CC(=CN=C1)C(=O)N,CC(=O)NC1=CC=CC=C1,0
C1=CC=C2C(=C1)C3=CC=CC=C3N2,C1=CC=C2C=C3C=CC=CC3=CC2=C1,0
C1=CC=C(C=C1)C(=O)N,CCOC1=CC=C(C=C1)NC(=O)C,0
C1=CC(=C(C=C1[N+](=O)[O-])[N+](=O)[O-])O,C1=CC=C2C(=C1)C=CC3=CC=CC=C32,0
C1=CC(=CC=C1C(=O)O)N,C1=CC(=CC=C1N)S(=O)(=O)NC2=NC=CS2,0
CC(C)(CO)CO,CC1(C2CCC1(C(=O)C2)C)C,0
CC(=O)C1CCC2C1(CCC3C2CCC4=CC(=O)CCC34C)C,CN1C=NC2=C1C(=O)NC(=O)N2C,0
C(CC(=O)O)CC(=O)O,CC1=C(C2=C(N1C(=O)C3=CC=C(C=C3)Cl)C=CC(=C2)OC)CC(=O)O,0
C(C(C1C(=C(C(=O)O1)O)O)O)O,CC(=O)NC1=CC=C(C=C1)O,0
C1=CC(=CC=C1I)I,CC1=CC=[N+](C=C1)[O-],0
C(CCCCC(=O)O)CCCC(=O)O,CC(C(C)C(=O)O)C(=O)O,0
C(CCCCC(=O)O)CCCC(=O)O,CC(C)(CC(=O)O)C(=O)O,0
C1=CC=C(C(=C1)[N+](=O)[O-])O,C1=CC=C(C(=C1)N)N,0
C1=CC(=C(C=C1[N+](=O)[O-])[N+](=O)[O-])O,C1=CC=C2C=C3C=CC=CC3=CC2=C1,0
C1=CC=C2C(=C1)C=CN2,C1=CC=C2C=CC=CC2=C1,0
C(CC(=O)O)CC(=O)O,C1=CC=C(C=C1)C(=O)O,0
C1=CC=C(C=C1)C(=O)C(=O)C2=CC=CC=C2,C1CC2=CC=CC3=C2C1=CC=C3,0
C1=CC=C(C=C1)C2=CC=CC=C2,C1=CC=C2C(=C1)C=CN2,0
C1=CC(=CC(=C1)[N+](=O)[O-])[N+](=O)[O-],C1=CC(=CC(=C1)[N+](=O)[O-])C(=O)O,0
C1=CC(=CC=C1C(=O)O)N,CC1=C(C=C(C=C1)C(=O)O)C,0
CC(=O)C1=CC(=CC=C1)O,CC(=O)NC1=CC=CC=C1,0
C(=O)(N)N,C1=CC(=CC(=C1)O)N,0
C1=CC=C2C(=C1)C=CN2,CC1=CC2=CC=CC=C2C=C1,0
C1=CC=C2C=C3C=CC=CC3=CC2=C1,CC1=C(C=C(C=C1)[N+](=O)[O-])[N+](=O)[O-],0
C1=CC=C2C(=C1)C=CC3=CC=CC=C32,CC1=C(C=C(C=C1)[N+](=O)[O-])[N+](=O)[O-],0
C1=CC(=C(C=C1[N+](=O)[O-])[N+](=O)[O-])O,C1C2=CC=CC=C2C3=CC=CC=C31,0
C1=CC(=CC=C1N)S(=O)(=O)NC2=NC=CS2,CCOC(=O)C1=CC=C(C=C1)N,0
C1=CC=C2C(=C1)C(=O)NC2=O,CC12CCC3C(C1CCC2O)CCC4=C3C=CC(=C4)O,0
C(C(=O)O)C(CC(=O)O)(C(=O)O)O,CC1=C(C2=C(N1C(=O)C3=CC=C(C=C3)Cl)C=CC(=C2)OC)CC(=O)O,0
C1=CC=C(C(=C1)[N+](=O)[O-])O,C1=CC=C(C=C1)C(C2=CC=CC=C2)C3=CC=CC=C3,0
C1=CC(=CC(=C1)O)C=O,C1=CC=C(C(=C1)[N+](=O)[O-])O,0
C1=CC(=CC=C1N)N,C1=CC=C(C(=C1)[N+](=O)[O-])O,0
C1=CC=C2C(=C1)C=CC3=CC=CC=C32,CC1=C(C=CC=C1[N+](=O)[O-])[N+](=O)[O-],0
C1=CC(=CC(=C1)O)C=O,C1=CC(=CC=C1[N+](=O)[O-])[N+](=O)[O-],0
C1=CC=C2C(=C1)C=CC3=CC=CC=C32,CC1=CC(=C(C=C1)[N+](=O)[O-])[N+](=O)[O-],0
C1C2=CC=CC=C2C3=CC=CC=C31,CC1=C(C=CC=C1[N+](=O)[O-])[N+](=O)[O-],0
C1=CC=C2C=C3C=CC=CC3=CC2=C1,CC1=C(C=CC=C1[N+](=O)[O-])[N+](=O)[O-],0
C1C2=CC=CC=C2C3=CC=CC=C31,CC1=C(C=C(C=C1)[N+](=O)[O-])[N+](=O)[O-],0
C1=CC=C(C(=C1)[N+](=O)[O-])O,C1=CC=C(C=C1)C(=O)N,0
C(CC(=O)O)C(=O)O,CC1=C(C2=C(N1C(=O)C3=CC=C(C=C3)Cl)C=CC(=C2)OC)CC(=O)O,0
C1=CC(=CN=C1)C(=O)N,CC1=NC=CN1,0
C1=CC(=CC(=C1)[N+](=O)[O-])[N+](=O)[O-],C1=CC=C2C=C3C=CC=CC3=CC2=C1,0
C1=CC=C2C=C3C=CC=CC3=CC2=C1,CC1=CC(=C(C=C1)[N+](=O)[O-])[N+](=O)[O-],0
C(C(C(=O)O)O)C(=O)O,CC1=C(C2=C(N1C(=O)C3=CC=C(C=C3)Cl)C=CC(=C2)OC)CC(=O)O,0
C(C(=O)O)C(=O)O,CC1=C(C2=C(N1C(=O)C3=CC=C(C=C3)Cl)C=CC(=C2)OC)CC(=O)O,0
C(CC(=O)N)C(=O)N,C1=CN=CC=C1C(=O)N,0
C1=CC(=CC(=C1)[N+](=O)[O-])[N+](=O)[O-],C1=CC=C2C(=C1)C=CC3=CC=CC=C32,0
C1=CC(=CC=C1[N+](=O)[O-])[N+](=O)[O-],C1=CC=C2C(=C1)C=CC3=CC=CC=C32,0
C1=CC(=CC(=C1)O)C=O,CC1=C(C=C(C=C1)[N+](=O)[O-])[N+](=O)[O-],0
C1=CC=C2C=C3C=CC=CC3=CC2=C1,CC1=C(C=C(C=C1[N+](=O)[O-])[N+](=O)[O-])[N+](=O)[O-],0
CC(=O)NC1=CC=C(C=C1)O,CCC1(C(=O)NC(=O)NC1=O)C2=CC=CC=C2,0
C(=O)(N)N,CC(=O)NC1=CC=C(C=C1)O,0
CC(=O)C1=CC=C(C=C1)O,CC(=O)NC1=CC=CC=C1,0
C(CC#N)C#N,CC(C)(CO)CO,0
C(=O)(N)N,C1=CC=C2C(=C1)N=C(S2)N,0
C1=CC(=C(C=C1[N+](=O)[O-])[N+](=O)[O-])O,CC(=O)NC1=CC=CC=C1,0
C1=CC(=CC(=C1)[N+](=O)[O-])[N+](=O)[O-],C1=CC(=CC(=C1)O)C=O,0
C1=CC(=CC=C1[N+](=O)[O-])[N+](=O)[O-],C1=CC=C2C=C3C=CC=CC3=CC2=C1,0
C1C2=CC=CC=C2C3=CC=CC=C31,CC1=CC(=C(C=C1)[N+](=O)[O-])[N+](=O)[O-],0
C1CC2=CC=CC3=C2C1=CC=C3,CC1=C(C=CC=C1[N+](=O)[O-])[N+](=O)[O-],0
C1=CC(=CC(=C1)O)C=O,CC1=C(C=C(C=C1[N+](=O)[O-])[N+](=O)[O-])[N+](=O)[O-],0
C1=CC=C2C=CC=CC2=C1,CC12CCC3C(C1CCC2O)CCC4=C3C=CC(=C4)O,0
C1=CC(=CC(=C1)O)C=O,C1=CC=C(C=C1)C2=CC=CC=C2,0
C1=CC(=CN=C1)C(=O)N,CC(C1=CC(=CC=C1)C(=O)C2=CC=CC=C2)C(=O)O,0
C1=CC=C2C=CC=CC2=C1,CC1=CC(=C(C=C1)C(C)C)O,0
C1=CC(=CC(=C1)[N+](=O)[O-])[N+](=O)[O-],C1C2=CC=CC=C2C3=CC=CC=C31,0
C1=CC(=CC=C1[N+](=O)[O-])[N+](=O)[O-],C1C2=CC=CC=C2C3=CC=CC=C31,0
C1=CC(=CC=C1N)[N+](=O)[O-],C1=CC(=CC=C1O)O,0
CC(=O)C1=CC=C(C=C1)N,CC(=O)NC1=CC=CC=C1,0
C(C#N)C(=O)N,CC(=O)C1=CC=C(C=C1)N,0
C1=CC=C(C=C1)CC(=O)O,C1=CC=C2C=CC=CC2=C1,0
C1=CC=C2C(=C1)C=CC=C2N,C1=CC=C2C=CC=CC2=C1,0
C1=CC(=CC(=C1)[N+](=O)[O-])[N+](=O)[O-],COC1=C(C=CC(=C1)C=O)O,0
C1=CC=C2C(=C1)C=CC=C2O,C1=CC=C2C=CC=CC2=C1,0
C1=CC(=CC(=C1)[N+](=O)[O-])[N+](=O)[O-],CC(=O)NC1=CC=CC=C1,0
C1=CC=C2C=CC=CC2=C1,COC1=C(C=CC(=C1)C=O)O,0
C1=CC=C(C=C1)NC2=CC=CC=C2,C1=CC=C2C(=C1)C=CC=C2O,0
C1CC2=CC=CC3=C2C1=CC=C3,CC1=CC(=C(C=C1)[N+](=O)[O-])[N+](=O)[O-],0
C1=CC=C2C(=C1)NC3=CC=CC=C3S2,C1=CC=C2C=C(C=CC2=C1)O,0
C1=CC=C2C=C(C=CC2=C1)O,C1=CC=C2C=CC=CC2=C1,0
C1=CC(=CC=C1[N+](=O)[O-])O,C1=CC=C2C=CC=CC2=C1,0
C1=CC=C(C=C1)Br,CC12CCC3C(C1CCC2O)CCC4=C3C=CC(=C4)O,0
C1=C(C=C(C=C1N)N)C(=O)O,CC1=C(C=C(C=C1)C(=O)O)C,0
C1=C(C=C(C(=C1[N+](=O)[O-])O)[N+](=O)[O-])[N+](=O)[O-],C1=CC=C(C=C1)CC2=CC=CC=C2,0
C1=CC(=CC=C1[N+](=O)[O-])O,C1=CC=C2C(=C1)C=CC3=CC=CC=C32,0
C1=CC(=CC=C1[N+](=O)[O-])O,C1=CC=C2C=C3C=CC=CC3=CC2=C1,0
CC(CO)(CO)N,CC1(C2CCC1(C(=O)C2)C)C,0
CC1=NC=CN1,CCCCCCCCCCCCO,0
C1=CC=C(C=C1)O,C1=CC=C2C=CC=CC2=C1,0
C1=CC=C(C(=C1)O)O,C1=CC=C2C=CC=CC2=C1,0
C1CC2=CC=CC3=C2C1=CC=C3,COC1=C(C=CC(=C1)C=O)O,0
C(CCCN)CCN,C1=CC=C2C=CC=CC2=C1,0
C(CCCCN)CCCN,C1=CC=C2C=CC=CC2=C1,0
CC1=C(C=C(C=C1[N+](=O)[O-])[N+](=O)[O-])[N+](=O)[O-],CC1=CC(=CC=C1)C,0
C1=CC(=CC(=C1)O)[N+](=O)[O-],C1=CC=C(C=C1)C2=CC=CC=C2,0
C1=CC(=CC=C1[N+](=O)[O-])O,C1=CC=C(C=C1)CC2=CC=CC=C2,0
C1=CC2=C3C(=C1)C4=CC=CC5=C4C(=CC=C5)C3=CC=C2,CC12CCC3C(C1CCC2O)CCC4=C3C=CC(=C4)O,0
C1=C(C(=CC(=C1Cl)Cl)Cl)Cl,C1=CC=C2C(=C1)C=CC=C2O,0
C(CC#N)C#N,C1=CC2=C(C(=C1)O)N=CC=C2,0
C(=O)(N)N,C(CC#N)C#N,0
C1=CC=C(C=C1)C2=CC=CC=C2,CC(C)(C)CO,0
C1=C(C(=CC(=C1Cl)Cl)Cl)Cl,C1=CC=C2C=C(C=CC2=C1)O,0
C1=CC(=CC(=C1)O)[N+](=O)[O-],C1=CC=C(C=C1)CC2=CC=CC=C2,0
C(CC#N)C#N,CC1(C2CCC1(C(=O)C2)C)C,0
C1=CC2=C3C4=C1C=CC5=C4C6=C(C=C5)C=CC7=C6C3=C(C=C2)C=C7,CC12CCC3C(C1CCC2O)CCC4=C3C=CC(=C4)O,0
C(=O)(N)N,CC1=C(C2=C(N1C(=O)C3=CC=C(C=C3)Cl)C=CC(=C2)OC)CC(=O)O,0
C1=CC(=CC=C1[N+](=O)[O-])O,C1=CC=C(C=C1)C(C2=CC=CC=C2)C3=CC=CC=C3,0
C(CC#N)C#N,C1(=C(C(=C(C(=C1Cl)Cl)Cl)Cl)Cl)[N+](=O)[O-],0
C12=C(C(=C(C(=C1F)F)F)F)C(=C(C(=C2F)F)F)F,CC(=O)C1CCC2C1(CCC3C2CCC4=CC(=O)CCC34C)C,0
C1=CC(=CC(=C1)O)O,C1=CC(=CC=C1I)I,0
C1=CC(=CC(=C1)O)O,C1=CC(=CC=C1Cl)Br,0
C(CC#N)C#N,C1=CC(=CC=C1Cl)Br,0
C1=C[N+](=O)C=CN1[O-],C1=CC(=CC=C1Br)Br,0
C1=C[N+](=O)C=CN1[O-],C1=CC(=CC=C1I)I,0
C(CC#N)C#N,C1CC2=CC=CC3=C2C1=CC=C3,0
C(C(=O)O)N,CC1=C(C2=C(N1C(=O)C3=CC=C(C=C3)Cl)C=CC(=C2)OC)CC(=O)O,0
C(CC#N)C#N,CC1=CC(=C(C=C1C)C)C,0
C1=CN=CC=N1,CC(=O)NC1=CC=C(C=C1)O,0
C(C(C(=O)O)O)C(=O)O,CC(=O)NC1=CC=C(C=C1)O,0
C(C(=O)O)C(=O)O,CC(=O)NC1=CC=C(C=C1)O,0
C(CCC(=O)O)CC(=O)O,CC(=O)NC1=CC=C(C=C1)O,0
C1=CC(=C(C=C1O)C(=O)O)O,CC(=O)NC1=CC=C(C=C1)O,0
C1=CC=C(C=C1)C(=O)O,CC(=O)NC1=CC=C(C=C1)O,0
CC(=O)NC1=CC=C(C=C1)O,CN1C=NC2=C1C(=O)NC(=O)N2C,0
C(CC(=O)O)C(=O)O,CC(=O)NC1=CC=C(C=C1)O,0
C(=CC(=O)O)C(=O)O,CC(=O)NC1=CC=C(C=C1)O,0
C1=CC=C2C(=C1)C(=O)NS2(=O)=O,CC(=O)NC1=CC=C(C=C1)O,0
C1(=NC(=NC(=N1)N)N)N,CC(=O)NC1=CC=C(C=C1)O,0
C1=CC(=CC(=C1)O)O,CC(=O)NC1=CC=C(C=C1)O,0
C1=CN=CN1,CC(=O)NC1=CC=C(C=C1)O,0
C1=CC=C2C(=C1)C=CC=C2O,CC(=O)NC1=CC=C(C=C1)O,0
C1=CN=CC=C1C(=O)N,CC(=O)NC1=CC=C(C=C1)O,0
CC(=O)NC1=CC=C(C=C1)O,CC1C(=O)OC(C(=O)O1)C,0
C1C2=CC=CC=C2COC1=O,CC(=O)NC1=CC=C(C=C1)O,0
C1=CC=C2C(=C1)C=CC3=CC=CC=C3N2C(=O)N,CCCCCCCCCCCCCCCCCC(=O)O,0
C1=CC=C2C(=C1)C=CC3=CC=CC=C3N2C(=O)N,CC(C)CC1=CC=C(C=C1)C(C)C(=O)O,0
C(CC(C(=O)O)N)CN=C(N)N,C1=CC=C2C(=C1)C=CC3=CC=CC=C3N2C(=O)N,0
C(CCN)CC(C(=O)O)N,C1=CC=C2C(=C1)C=CC3=CC=CC=C3N2C(=O)N,0
C1=CC=C2C(=C1)C=CC3=CC=CC=C3N2C(=O)N,CCC1=C(C(=O)C=CO1)O,0
C(CCC(=O)O)CC(=O)O,C1=CC=C2C(=C1)C=CC3=CC=CC=C3N2C(=O)N,0
C(CC(=O)O)C(=NO)C(=O)O,C1=CC=C2C(=C1)C=CC3=CC=CC=C3N2C(=O)N,0
C(=CC(=O)O)C(=O)O,C1=CC=C2C(=C1)C=CC3=CC=CC=C3N2C(=O)N,0
C1=CC=C2C(=C1)C=CC3=CC=CC=C3N2C(=O)N,CNCC(C(C(C(CO)O)O)O)O,0
C1=CC=C2C(=C1)C=CC3=CC=CC=C3N2C(=O)N,CC(C(=O)N)O,0
C(C(=O)O)C(CC(=O)O)(C(=O)O)O,C1=CC=C2C(=C1)C=CC3=CC=CC=C3N2C(=O)N,0
C(C(C(=O)O)O)C(=O)O,C1=CC=C2C(=C1)C=CC3=CC=CC=C3N2C(=O)N,0
C(C(=O)O)O,C1=CC=C2C(=C1)C=CC3=CC=CC=C3N2C(=O)N,0
C(C(CO)(CO)N)O,C1=CC=C2C(=C1)C=CC3=CC=CC=C3N2C(=O)N,0
C(C(C(=O)O)O)(C(=O)O)O,C1=CC=C2C(=C1)C=CC3=CC=CC=C3N2C(=O)N,0
C(C(=O)N)O,C1=CC=C2C(=C1)C=CC3=CC=CC=C3N2C(=O)N,0
CC(=O)O,CN1C=NC2=C1C(=O)N(C(=O)N2C)C,0
C(=O)(C(F)(F)F)O,CN1C=NC2=C1C(=O)N(C(=O)N2C)C,0
C(=O)O,CN1C=NC2=C1C(=O)N(C(=O)N2C)C,0
CC(C(=O)O)O,CN1C=NC2=C1C(=O)N(C(=O)N2C)C,0
C1=CC(=CC=C1N)S(=O)(=O)C2=CC=C(C=C2)N,CN1C2=C(C(=O)N(C1=O)C)NC=N2,0
CC(C(=O)O)O,CN1C2=C(C(=O)N(C1=O)C)NC=N2,0
CCCCCCCC(=O)O,CN1C(=C(C2=CC=CC=C2S1(=O)=O)O)C(=O)NC3=CC=CC=N3,0
C1=CC=C(C=C1)C=CC(=O)O,CN1C(=C(C2=CC=CC=C2S1(=O)=O)O)C(=O)NC3=CC=CC=N3,0
CN1C(=C(C2=CC=CC=C2S1(=O)=O)O)C(=O)NC3=CC=CC=N3,COC1=C(C=CC(=C1)C=O)O,0
C1=CC=C(C(=C1)O)O,CN1C(=C(C2=CC=CC=C2S1(=O)=O)O)C(=O)NC3=CC=CC=N3,0
C1=CC(=CC=C1C(=O)O)C(=O)O,CN1C(=C(C2=CC=CC=C2S1(=O)=O)O)C(=O)NC3=CC=CC=N3,0
C1=CC=C(C(=C1)C(=O)O)N,CN1C(=C(C2=CC=CC=C2S1(=O)=O)O)C(=O)NC3=CC=CC=N3,0
C1=CC(=CC=C1CCC(=O)O)O,CN1C(=C(C2=CC=CC=C2S1(=O)=O)O)C(=O)NC3=CC=CC=N3,0
CN1C(=C(C2=CC=CC=C2S1(=O)=O)O)C(=O)NC3=CC=CC=N3,COC1=C(C=CC(=C1)C=CC(=O)O)O,0
C1=CC(=CC=C1C(=O)O)N,CN1C(=C(C2=CC=CC=C2S1(=O)=O)O)C(=O)NC3=CC=CC=N3,0
C1CC(=O)NC1C(=O)O,CN1C(=C(C2=CC=CC=C2S1(=O)=O)O)C(=O)NC3=CC=CC=N3,0
C(C(=O)O)C(CC(=O)O)(C(=O)O)O,CN1C(=C(C2=CC=CC=C2S1(=O)=O)O)C(=O)NC3=CC=CC=N3,0
C(C(=O)O)O,CN1C(=C(C2=CC=CC=C2S1(=O)=O)O)C(=O)NC3=CC=CC=N3,0
C(C(C(=O)O)O)(C(=O)O)O,CN1C(=C(C2=CC=CC=C2S1(=O)=O)O)C(=O)NC3=CC=CC=N3,0
C1=CC(=CN=C1)C(=O)N,CC1CCC2C(C(=O)OC3C24C1CCC(O3)(OO4)C)C,0
C1=CC(=CN=C1)C(=O)N,CC(=O)SC1CC2=CC(=O)CCC2(C3C1C4CCC5(C4(CC3)C)CCC(=O)O5)C,0
C1=CC(=CN=C1)C(=O)N,CN(CCCN1CCC2=CC(=C(C=C2CC1=O)OC)OC)CC3CC4=CC(=C(C=C34)OC)OC,0
C1=CC(=CN=C1)C(=O)N,CC1(CCC2=C(O1)C3=CC=CC=C3C(=O)C2=O)C,0
C1=CC(=CN=C1)C(=O)N,CC(=O)OC1=CC=CC=C1C(=O)NC2=NC=C(S2)[N+](=O)[O-],0
C1=CC(=CC=C1C(=O)O)N,CC(=O)NC1=NN=C(S1)S(=O)(=O)N,0
C1=CC=C(C(=C1)C(=O)O)N,CC(=O)NC1=NN=C(S1)S(=O)(=O)N,0
C1=CC=C(C=C1)C(=O)O,CC(=O)NC1=NN=C(S1)S(=O)(=O)N,0
C(C(=O)O)C(=O)O,CC(=O)NC1=NN=C(S1)S(=O)(=O)N,0
C1=CC=C(C(=C1)C(=O)O)O,CC(=O)NC1=NN=C(S1)S(=O)(=O)N,0
C(CCC(=O)O)CC(=O)O,C1=CC=C(C=C1)CN2C=CN=C2C3=NC=CN3CC4=CC=CC=C4,0
C(CC(=O)O)CC(=O)O,C(CCCCC(=O)O)CCCC(=O)O,0
C(CCC(=O)O)CC(=O)O,C(CCCC(=O)O)CCC(=O)O,0
C(CCCC(=O)O)CCC(=O)O,C1=C(N=CC(=N1)Br)N,0
C(CC(=O)O)CC(=O)O,C1=CC(=CC=C1C(=O)N)N,0
C(=CC(=O)O)C(=O)O,C1=CN=C(C=N1)C(=O)N,0
C(CCC(=O)O)CCC(=O)O,CC(CCCC(=O)O)CC(=O)O,0
C(CCCCCC(=O)O)CCCCC(=O)O,C1=CC=C(C=C1)CN2C=CN=C2C3=NC=CN3CC4=CC=CC=C4,0
C(CCC(=O)O)CCC(=O)O,C(CCCC(=O)O)CCCC(=O)O,0
C(CC(=O)O)C(=O)O,CC1CC(=O)C=C(C12C(=O)C3=C(O2)C(=C(C=C3OC)OC)Cl)OC,0
C(CCC(=O)O)CC(=O)O,C1=CC(=CC=C1C(=O)N)N,0
C(CCCC(=O)O)CCCC(=O)O,C1=C(N=C(C(=N1)N)Br)Br,0
C(CCC(=O)O)CC(=O)O,CCC(C(=O)N)N1CCCC1=O,0
C(C(C(=O)O)O)C(=O)O,C1=CN=C(C=N1)C(=O)N,0
C(CCC(=O)O)CC(=O)O,C1=CC=C2C=CC=CC2=C1,0
C(=CC(=O)O)C(=O)O,CCOC(=O)N1CCC(=C2C3=C(CCC4=C2N=CC=C4)C=C(C=C3)Cl)CC1,0
C(C(C(=O)O)O)(C(=O)O)O,C1=CN=C(C=N1)C(=O)N,0
C(C(=O)O)C(=O)O,C(CC(=O)O)C(=O)O,0
C(C(C(C(=O)O)O)O)(C(C(=O)O)O)O,CC(=O)NC1=NC2=C(C=CC=C2S1)OC3=NC=NC(=C3)C4=CC=C(C=C4)C(F)(F)F,0
CC1=C(C(=O)N(N1C)C2=CC=CC=C2)C(C)C,CCC(C(=O)O)C(=O)O,0
C(C(C(=O)O)O)C(=O)O,CC1=CC(=NC(=N1)NS(=O)(=O)C2=CC=C(C=C2)N)C,0
C(CCCC(=O)O)CCC(=O)O,C1=CC2=C(C=C1OC(F)(F)F)SC(=N2)N,0
C(=CC(=O)O)C(=O)O,C1CC(=O)N(C1)CC(=O)N,0
C(CC(=O)O)C(=O)O,C1=C(N=C(C(=N1)N)Br)Br,0
C(CCC(=O)O)CCC(=O)O,C1=CN=C(C=N1)C(=O)N,0
C(CCCCC(=O)O)CCCC(=O)O,C1=C(N=C(C(=N1)N)Br)Br,0
C(CC(=O)O)C(=O)O,CC1=CC(=NC(=N1)NS(=O)(=O)C2=CC=C(C=C2)N)C,0
C(C(=O)O)C(=O)O,C1=C(N=C(C(=N1)N)Br)Br,0
C(CC(=O)O)CC(=O)O,CC(CCCC(=O)O)CC(=O)O,0
C(CCCC(=O)O)CCC(=O)O,C1=CC=C(C=C1)CN2C=CN=C2C3=NC=CN3CC4=CC=CC=C4,0
C(CC(=O)O)C(=O)O,C1=CC=C(C=C1)CN2C=CN=C2C3=NC=CN3CC4=CC=CC=C4,0
C(CCCC(=O)O)CCCC(=O)O,C(CCCCC(=O)O)CCCC(=O)O,0
C(CCCCC(=O)O)CCCC(=O)O,C(CCCCCC(=O)O)CCCCC(=O)O,0
C(CC(=O)O)C(=O)O,C1=C(N=CC(=N1)Br)N,0
C(CC(=O)O)CC(=O)O,CC1=CC(=NC(=N1)NS(=O)(=O)C2=CC=C(C=C2)N)C,0
C(CCCC(=O)O)CCC(=O)O,C1=C(N=C(C(=N1)N)Br)Br,0
C(CCC(=O)O)CCC(=O)O,C1=C(N=C(C(=N1)N)Br)Br,0
C(CCCC(=O)O)CCCC(=O)O,C1=CC=NC(=C1)CN2C=CN=C2C3=NC=CN3CC4=CC=CC=N4,0
C(CCC(=O)O)CC(=O)O,CC1=CC=C(C=C1)C2=CC(=NN2C3=CC=C(C=C3)S(=O)(=O)N)C(F)(F)F,0
C(CC(=O)O)CC(=O)O,C1CC(=O)N(C1)CC(=O)N,0
C(CCCC(=O)O)CCCC(=O)O,C1=CC=C(C=C1)CN2C=CN=C2C3=NC=CN3CC4=CC=CC=C4,0
C(C(C(=O)O)O)(C(=O)O)O,CC1=CC(=NC(=N1)NS(=O)(=O)C2=CC=C(C=C2)N)C,0
C(CCCC(=O)O)CCC(=O)O,CC(CCCC(=O)O)CC(=O)O,0
C(CCC(=O)O)CC(=O)O,CC1=CC(=NC(=N1)NS(=O)(=O)C2=CC=C(C=C2)N)C,0
C(=CC(=O)O)C(=O)O,CC1=C(C(=O)N(N1C)C2=CC=CC=C2)C(C)C,0
C(CC(=O)O)CC(=O)O,C1=C(N=CC(=N1)Br)N,0
C(CCCCCC(=O)O)CCCCC(=O)O,C1=C(N=CC(=N1)Br)N,0
C(CCCC(=O)O)CCC(=O)O,CCCCCCCCCCCCCCCCCC(=O)O,0
C(CCC(=O)O)CCC(=O)O,C(CCCCC(=O)O)CCCC(=O)O,0
C(CCCC(=O)O)CCC(=O)O,C(CCCC(=O)O)CCCC(=O)O,0
C(CCCCC(=O)O)CCCC(=O)O,CCCCCCCCCCCCCCCCCC(=O)O,0
C(CCC(=O)O)CC(=O)O,CCCCCCCCCCCCCCCCCC(=O)O,0
C(=O)(C(=O)O)O,CC1=C(C(=O)N(N1C)C2=CC=CC=C2)C(C)C,0
C(CCCCC(=O)O)CCCC(=O)O,CC(CCCC(=O)O)CC(=O)O,0
C(CCCC(=O)O)CCCC(=O)O,C1=CN=C(C=N1)C(=O)N,0
C(CCCC(=O)O)CCC(=O)O,C(CCCCC(=O)O)CCCC(=O)O,0
C(CCC(=O)O)CC(=O)O,C(CCCC(=O)O)CCCC(=O)O,0
C(CC(=O)O)C(=O)O,C1CC(=O)N(C1)CC(=O)N,0
C(CC(=O)O)CC(=O)O,C1=C(N=C(C(=N1)N)Br)Br,0
C(CCCC(=O)O)CCCC(=O)O,CC(CCCC(=O)O)CC(=O)O,0
C(CCCC(=O)O)CCC(=O)O,C1=CN=C(C=N1)C(=O)N,0
C(C(C(=O)O)O)(C(=O)O)O,CC1=C(C2=C(N1C(=O)C3=CC=C(C=C3)Cl)C=CC(=C2)OC)CC(=O)O,0
C(CCCCC(=O)O)CCCC(=O)O,C1=CC=C(C=C1)CN2C=CN=C2C3=NC=CN3CC4=CC=CC=C4,0
C(CCC(=O)O)CCC(=O)O,C(CCCC(=O)O)CCC(=O)O,0
C(CCC(=O)O)CC(=O)O,C(CCCCC(=O)O)CCCC(=O)O,0
C(CCCCCC(=O)O)CCCCC(=O)O,C1=C(N=C(C(=N1)N)Br)Br,0
C(CC(=O)O)C(=O)O,CC(C1=CC(=CC=C1)C(=O)C2=CC=CC=C2)C(=O)O,0
C(C(C(C(=O)O)O)O)(C(C(=O)O)O)O,C1=CN=C(C=N1)C(=O)N,0
C(CCC(=O)O)CCC(=O)O,C1=CC=C(C=C1)CN2C=CN=C2C3=NC=CN3CC4=CC=CC=C4,0
C(CCC(=O)O)CC(=O)O,CC1=C(C2=C(N1C(=O)C3=CC=C(C=C3)Cl)C=CC(=C2)OC)CC(=O)O,0
C(C(=CC(=O)O)C(=O)O)C(=O)O,COC1=CC=CC=C1C(=O)O,0
C(C(=CC(=O)O)C(=O)O)C(=O)O,C1=CC(=CC=C1C(=O)N)[N+](=O)[O-],0
C(C(=CC(=O)O)C(=O)O)C(=O)O,C1=CC(=CC=C1C(=O)N)O,0
C(C(=CC(=O)O)C(=O)O)C(=O)O,C1=CC(=CC(=C1)F)C(=O)O,0
C(C(=CC(=O)O)C(=O)O)C(=O)O,C1=CC(=CC=C1C(=O)N)N,0
C(C(=CC(=O)O)C(=O)O)C(=O)O,COC1=CC=CC(=C1)C(=O)N,0
C(C(=CC(=O)O)C(=O)O)C(=O)O,C1=CC=C(C(=C1)C(=O)O)N,0
C(C(=CC(=O)O)C(=O)O)C(=O)O,COC1=CC=C(C=C1)C(=O)O,0
C(C(=CC(=O)O)C(=O)O)C(=O)O,C1=CC=C(C(=C1)C(=O)O)O,0
C(C(=CC(=O)O)C(=O)O)C(=O)O,C1=CC(=CC(=C1)N)C(=O)O,0
C(C(=CC(=O)O)C(=O)O)C(=O)O,C1=CC=C(C(=C1)C(=O)N)O,0
C(C(=CC(=O)O)C(=O)O)C(=O)O,C1=CC(=CC(=C1)[N+](=O)[O-])C(=O)N,0
C(C(=CC(=O)O)C(=O)O)C(=O)O,C1=CC(=CC=C1C(=O)O)[N+](=O)[O-],0
C(C(=CC(=O)O)C(=O)O)C(=O)O,C1=CC=C(C(=C1)C(=O)N)[N+](=O)[O-],0
C(C(=CC(=O)O)C(=O)O)C(=O)O,C1=CC=C(C(=C1)C(=O)N)N,0
C(C(=CC(=O)O)C(=O)O)C(=O)O,CC1=CC(=CC=C1)C(=O)O,0
C(C(=CC(=O)O)C(=O)O)C(=O)O,C1=CC=C(C(=C1)C(=O)O)F,0
C(C(=CC(=O)O)C(=O)O)C(=O)O,C1=CC(=CC=C1C(=O)O)O,0
C(C(=CC(=O)O)C(=O)O)C(=O)O,COC1=CC=CC(=C1)C(=O)O,0
C(C(=CC(=O)O)C(=O)O)C(=O)O,C1=CC(=CC=C1C(=O)O)F,0
C(C(=CC(=O)O)C(=O)O)C(=O)O,CC1=CC=C(C=C1)C(=O)O,0
C(C(=CC(=O)O)C(=O)O)C(=O)O,C1=CC=C(C(=C1)C(=O)O)[N+](=O)[O-],0
C(=O)(N)N,COC1=CC=CC=C1C(=O)O,0
C(=O)(N)N,C1=CC(=CC=C1C(=O)N)[N+](=O)[O-],0
C(=O)(N)N,C1=CC(=CC(=C1)F)C(=O)O,0
C(=O)(N)N,C1=CC(=CC(=C1)N)C(=O)N,0
C(=O)(N)N,COC1=CC=CC(=C1)C(=O)N,0
C(=O)(N)N,CC1=CC=C(C=C1)C(=O)N,0
C(=O)(N)N,C1=CC=C(C(=C1)C(=O)O)N,0
C(=O)(N)N,COC1=CC=C(C=C1)C(=O)O,0
C(=O)(N)N,CC1=CC=CC=C1C(=O)N,0
C(=O)(N)N,C1=CC(=CC(=C1)N)C(=O)O,0
C(=O)(N)N,C1=CC=C(C(=C1)C(=O)N)O,0
C(=O)(N)N,C1=CC(=CC=C1C(=O)N)F,0
C(=O)(N)N,COC1=CC=C(C=C1)C(=O)N,0
C(=O)(N)N,CC1=CC(=CC=C1)C(=O)N,0
C(=O)(N)N,C1=CC(=CC(=C1)F)C(=O)N,0
C(=O)(N)N,C1=CC=C(C(=C1)C(=O)N)[N+](=O)[O-],0
C(=O)(N)N,C1=CC=C(C(=C1)C(=O)N)N,0
C(=O)(N)N,CC1=CC(=CC=C1)C(=O)O,0
C(=O)(N)N,COC1=CC=CC(=C1)C(=O)O,0
C(=O)(N)N,C1=CC(=CC=C1C(=O)O)F,0
C(=O)(N)N,CC1=CC=C(C=C1)C(=O)O,0
C1=CC(=CN=C1)C(=O)N,COC1=CC=CC=C1C(=O)O,0
C1=CC(=CC(=C1)F)C(=O)O,C1=CC(=CN=C1)C(=O)N,0
C1=CC(=CC(=C1)N)C(=O)N,C1=CC(=CN=C1)C(=O)N,0
C1=CC(=CN=C1)C(=O)N,COC1=CC=CC(=C1)C(=O)N,0
C1=CC(=CN=C1)C(=O)N,CC1=CC=C(C=C1)C(=O)N,0
C1=CC(=CN=C1)C(=O)N,COC1=CC=CC=C1C(=O)N,0
C1=CC(=CN=C1)C(=O)N,COC1=CC=C(C=C1)C(=O)O,0
C1=CC(=CN=C1)C(=O)N,CC1=CC=CC=C1C(=O)N,0
C1=CC(=CC(=C1)N)C(=O)O,C1=CC(=CN=C1)C(=O)N,0
C1=CC(=CC=C1C(=O)N)F,C1=CC(=CN=C1)C(=O)N,0
C1=CC(=CN=C1)C(=O)N,COC1=CC=C(C=C1)C(=O)N,0
C1=CC(=CN=C1)C(=O)N,CC1=CC(=CC=C1)C(=O)N,0
C1=CC(=CC(=C1)F)C(=O)N,C1=CC(=CN=C1)C(=O)N,0
C1=CC(=CN=C1)C(=O)N,C1=CC=C(C(=C1)C(=O)N)[N+](=O)[O-],0
C1=CC(=CN=C1)C(=O)N,C1=CC=C(C(=C1)C(=O)N)N,0
C1=CC(=CC(=C1)[N+](=O)[O-])C(=O)O,C1=CC(=CN=C1)C(=O)N,0
C(C(C1C(=C(C(=O)O1)O)O)O)O,COC1=CC=CC=C1C(=O)O,0
C(C(C1C(=C(C(=O)O1)O)O)O)O,C1=CC(=CC=C1C(=O)N)[N+](=O)[O-],0
C(C(C1C(=C(C(=O)O1)O)O)O)O,C1=CC(=CC=C1C(=O)N)O,0
C(C(C1C(=C(C(=O)O1)O)O)O)O,C1=CC(=CC(=C1)F)C(=O)O,0
C(C(C1C(=C(C(=O)O1)O)O)O)O,C1=CC(=CC=C1C(=O)N)N,0
C(C(C1C(=C(C(=O)O1)O)O)O)O,COC1=CC=CC(=C1)C(=O)N,0
C(C(C1C(=C(C(=O)O1)O)O)O)O,CC1=CC=C(C=C1)C(=O)N,0
C(C(C1C(=C(C(=O)O1)O)O)O)O,C1=CC=C(C(=C1)C(=O)O)N,0
C(C(C1C(=C(C(=O)O1)O)O)O)O,COC1=CC=CC=C1C(=O)N,0
C(C(C1C(=C(C(=O)O1)O)O)O)O,COC1=CC=C(C=C1)C(=O)O,0
C(C(C1C(=C(C(=O)O1)O)O)O)O,CC1=CC=CC=C1C(=O)N,0
C(C(C1C(=C(C(=O)O1)O)O)O)O,C1=CC=C(C(=C1)C(=O)O)O,0
C(C(C1C(=C(C(=O)O1)O)O)O)O,C1=CC(=CC=C1C(=O)O)N,0
C(C(C1C(=C(C(=O)O1)O)O)O)O,C1=CC(=CC(=C1)N)C(=O)O,0
C(C(C1C(=C(C(=O)O1)O)O)O)O,C1=CC=C(C(=C1)C(=O)N)O,0
C(C(C1C(=C(C(=O)O1)O)O)O)O,C1=CC(=CC=C1C(=O)N)F,0
C(C(C1C(=C(C(=O)O1)O)O)O)O,CC1=CC(=CC=C1)C(=O)N,0
C(C(C1C(=C(C(=O)O1)O)O)O)O,C1=CC(=CC=C1C(=O)O)[N+](=O)[O-],0
C(C(C1C(=C(C(=O)O1)O)O)O)O,C1=CC(=CC(=C1)F)C(=O)N,0
C(C(C1C(=C(C(=O)O1)O)O)O)O,C1=CC=C(C(=C1)C(=O)N)[N+](=O)[O-],0
C(C(C1C(=C(C(=O)O1)O)O)O)O,C1=CC=C(C(=C1)C(=O)N)N,0
C(C(C1C(=C(C(=O)O1)O)O)O)O,CC1=CC(=CC=C1)C(=O)O,0
C(C(C1C(=C(C(=O)O1)O)O)O)O,C1=CC=C(C(=C1)C(=O)O)F,0
C(C(C1C(=C(C(=O)O1)O)O)O)O,C1=CC(=CC(=C1)[N+](=O)[O-])C(=O)O,0
C(C(C1C(=C(C(=O)O1)O)O)O)O,C1=CC(=CC=C1C(=O)O)O,0
C(C(C1C(=C(C(=O)O1)O)O)O)O,COC1=CC=CC(=C1)C(=O)O,0
C(C(C1C(=C(C(=O)O1)O)O)O)O,C1=CC(=CC(=C1)O)C(=O)O,0
C(C(C1C(=C(C(=O)O1)O)O)O)O,C1=CC(=CC=C1C(=O)O)F,0
C(C(C1C(=C(C(=O)O1)O)O)O)O,CC1=CC=C(C=C1)C(=O)O,0
C(C(C1C(=C(C(=O)O1)O)O)O)O,C1=CC=C(C(=C1)C(=O)O)[N+](=O)[O-],0
C1=CC(=CN=C1)C(=O)O,COC1=CC=CC=C1C(=O)O,0
C1=CC(=CC=C1C(=O)N)[N+](=O)[O-],C1=CC(=CN=C1)C(=O)O,0
C1=CC(=CC(=C1)F)C(=O)O,C1=CC(=CN=C1)C(=O)O,0
C1=CC(=CC(=C1)N)C(=O)N,C1=CC(=CN=C1)C(=O)O,0
C1=CC(=CC=C1C(=O)N)N,C1=CC(=CN=C1)C(=O)O,0
C1=CC(=CN=C1)C(=O)O,COC1=CC=CC(=C1)C(=O)N,0
C1=CC(=CN=C1)C(=O)O,CC1=CC=C(C=C1)C(=O)N,0
C1=CC(=CN=C1)C(=O)O,COC1=CC=CC=C1C(=O)N,0
C1=CC(=CN=C1)C(=O)O,COC1=CC=C(C=C1)C(=O)O,0
C1=CC(=CN=C1)C(=O)O,CC1=CC=CC=C1C(=O)N,0
C1=CC(=CN=C1)C(=O)O,C1=CC=C(C(=C1)C(=O)O)O,0
C1=CC(=CC(=C1)N)C(=O)O,C1=CC(=CN=C1)C(=O)O,0
C1=CC(=CN=C1)C(=O)O,C1=CC=C(C(=C1)C(=O)N)O,0
C1=CC(=CC=C1C(=O)N)F,C1=CC(=CN=C1)C(=O)O,0
C1=CC(=CN=C1)C(=O)O,CC1=CC(=CC=C1)C(=O)N,0
C1=CC(=CC=C1C(=O)O)[N+](=O)[O-],C1=CC(=CN=C1)C(=O)O,0
C1=CC(=CC(=C1)F)C(=O)N,C1=CC(=CN=C1)C(=O)O,0
C1=CC(=CN=C1)C(=O)O,C1=CC=C(C(=C1)C(=O)N)[N+](=O)[O-],0
C1=CC(=CN=C1)C(=O)O,C1=CC=C(C(=C1)C(=O)N)N,0
C1=CC(=CN=C1)C(=O)O,CC1=CC(=CC=C1)C(=O)O,0
C1=CC(=CC(=C1)[N+](=O)[O-])C(=O)O,C1=CC(=CN=C1)C(=O)O,0
C1=CC(=CC=C1C(=O)O)O,C1=CC(=CN=C1)C(=O)O,0
C1=CC(=CN=C1)C(=O)O,COC1=CC=CC(=C1)C(=O)O,0
C1=CC(=CC=C1C(=O)O)F,C1=CC(=CN=C1)C(=O)O,0
C1=CC(=CN=C1)C(=O)O,CC1=CC=C(C=C1)C(=O)O,0
C(=CC(=O)O)C(=O)O,COC1=CC=CC=C1C(=O)O,0
C(=CC(=O)O)C(=O)O,C1=CC(=CC=C1C(=O)N)[N+](=O)[O-],0
C(=CC(=O)O)C(=O)O,C1=CC(=CC(=C1)F)C(=O)O,0
C(=CC(=O)O)C(=O)O,C1=CC=C(C(=C1)C(=O)O)N,0
C(=CC(=O)O)C(=O)O,COC1=CC=C(C=C1)C(=O)O,0
C(=CC(=O)O)C(=O)O,CC1=CC=CC=C1C(=O)N,0
C(=CC(=O)O)C(=O)O,C1=CC=C(C(=C1)C(=O)O)O,0
C(=CC(=O)O)C(=O)O,C1=CC(=CC=C1C(=O)O)N,0
C(=CC(=O)O)C(=O)O,C1=CC=C(C(=C1)C(=O)N)O,0
C(=CC(=O)O)C(=O)O,C1=CC(=CC=C1C(=O)O)[N+](=O)[O-],0
C(=CC(=O)O)C(=O)O,C1=CC=C(C(=C1)C(=O)N)[N+](=O)[O-],0
C(=CC(=O)O)C(=O)O,CC1=CC(=CC=C1)C(=O)O,0
C(=CC(=O)O)C(=O)O,C1=CC=C(C(=C1)C(=O)O)F,0
C(=CC(=O)O)C(=O)O,C1=CC(=CC(=C1)[N+](=O)[O-])C(=O)O,0
C(=CC(=O)O)C(=O)O,C1=CC(=CC=C1C(=O)O)O,0
C(=CC(=O)O)C(=O)O,COC1=CC=CC(=C1)C(=O)O,0
C(=CC(=O)O)C(=O)O,C1=CC(=CC=C1C(=O)O)F,0
C(=CC(=O)O)C(=O)O,CC1=CC=C(C=C1)C(=O)O,0
C(=CC(=O)O)C(=O)O,C1=CC=C(C(=C1)C(=O)O)[N+](=O)[O-],0
C1=CC(=CC(=C1)N)C(=O)N,CN1C=NC2=C1C(=O)N(C(=O)N2C)C,0
C1=CC(=CC=C1C(=O)N)N,CN1C=NC2=C1C(=O)N(C(=O)N2C)C,0
CN1C=NC2=C1C(=O)N(C(=O)N2C)C,COC1=CC=CC(=C1)C(=O)N,0
CC1=CC=C(C=C1)C(=O)N,CN1C=NC2=C1C(=O)N(C(=O)N2C)C,0
CN1C=NC2=C1C(=O)N(C(=O)N2C)C,COC1=CC=CC=C1C(=O)N,0
CN1C=NC2=C1C(=O)N(C(=O)N2C)C,COC1=CC=C(C=C1)C(=O)O,0
CC1=CC=CC=C1C(=O)N,CN1C=NC2=C1C(=O)N(C(=O)N2C)C,0
C1=CC(=CC=C1C(=O)O)N,CN1C=NC2=C1C(=O)N(C(=O)N2C)C,0
C1=CC(=CC(=C1)N)C(=O)O,CN1C=NC2=C1C(=O)N(C(=O)N2C)C,0
C1=CC(=CC=C1C(=O)N)F,CN1C=NC2=C1C(=O)N(C(=O)N2C)C,0
CC1=CC(=CC=C1)C(=O)N,CN1C=NC2=C1C(=O)N(C(=O)N2C)C,0
C1=CC(=CC=C1C(=O)O)[N+](=O)[O-],CN1C=NC2=C1C(=O)N(C(=O)N2C)C,0
C1=CC=C(C(=C1)C(=O)N)[N+](=O)[O-],CN1C=NC2=C1C(=O)N(C(=O)N2C)C,0
C1=CC(=CC=C1C(=O)O)F,CN1C=NC2=C1C(=O)N(C(=O)N2C)C,0
CC1=CC=C(C=C1)C(=O)O,CN1C=NC2=C1C(=O)N(C(=O)N2C)C,0
C(CSCCC(=O)O)C(=O)O,COC1=CC=CC=C1C(=O)O,0
C(CSCCC(=O)O)C(=O)O,C1=CC(=CC=C1C(=O)N)O,0
C(CSCCC(=O)O)C(=O)O,C1=CC(=CC(=C1)F)C(=O)O,0
C(CSCCC(=O)O)C(=O)O,C1=CC(=CC(=C1)N)C(=O)N,0
C(CSCCC(=O)O)C(=O)O,C1=CC(=CC=C1C(=O)N)N,0
C(CSCCC(=O)O)C(=O)O,C1=CC=C(C(=C1)C(=O)O)N,0
C(CSCCC(=O)O)C(=O)O,COC1=CC=CC=C1C(=O)N,0
C(CSCCC(=O)O)C(=O)O,COC1=CC=C(C=C1)C(=O)O,0
C(CSCCC(=O)O)C(=O)O,CC1=CC=CC=C1C(=O)N,0
C(CSCCC(=O)O)C(=O)O,C1=CC=C(C(=C1)C(=O)O)O,0
C(CSCCC(=O)O)C(=O)O,C1=CC(=CC=C1C(=O)O)N,0
C(CSCCC(=O)O)C(=O)O,C1=CC(=CC(=C1)N)C(=O)O,0
C(CSCCC(=O)O)C(=O)O,C1=CC=C(C(=C1)C(=O)N)O,0
C(CSCCC(=O)O)C(=O)O,C1=CC(=CC(=C1)[N+](=O)[O-])C(=O)N,0
C(CSCCC(=O)O)C(=O)O,C1=CC(=CC=C1C(=O)O)[N+](=O)[O-],0
C(CSCCC(=O)O)C(=O)O,C1=CC(=CC(=C1)F)C(=O)N,0
C(CSCCC(=O)O)C(=O)O,C1=CC=C(C(=C1)C(=O)N)[N+](=O)[O-],0
C(CSCCC(=O)O)C(=O)O,CC1=CC(=CC=C1)C(=O)O,0
C(CSCCC(=O)O)C(=O)O,C1=CC(=CC(=C1)[N+](=O)[O-])C(=O)O,0
C(CSCCC(=O)O)C(=O)O,C1=CC(=CC=C1C(=O)O)O,0
C(CSCCC(=O)O)C(=O)O,COC1=CC=CC(=C1)C(=O)O,0
C(CSCCC(=O)O)C(=O)O,C1=CC(=CC=C1C(=O)O)F,0
C(CSCCC(=O)O)C(=O)O,CC1=CC=C(C=C1)C(=O)O,0
C(CSCCC(=O)O)C(=O)O,C1=CC=C(C(=C1)C(=O)O)[N+](=O)[O-],0
C1=CC(=CC(=C1)F)C(=O)O,C1=CN=CC=C1C2=CC=NC=C2,0
C1=CN=CC=C1C2=CC=NC=C2,COC1=CC=CC(=C1)C(=O)N,0
C1=CN=CC=C1C2=CC=NC=C2,CC1=CC=C(C=C1)C(=O)N,0
C1=CN=CC=C1C2=CC=NC=C2,CC1=CC=CC=C1C(=O)N,0
C1=CN=CC=C1C2=CC=NC=C2,CC1=CC=CC=C1C(=O)O,0
C1=CC(=CC=C1C(=O)O)F,C1=CN=CC=C1C2=CC=NC=C2,0
CC1=CC2=C(C=C1C)N(C3=NC(=O)NC(=O)C3=N2)CC(C(C(CO)O)O)O,COC1=CC=CC=C1C(=O)O,0
C1=CC(=CC=C1C(=O)N)[N+](=O)[O-],CC1=CC2=C(C=C1C)N(C3=NC(=O)NC(=O)C3=N2)CC(C(C(CO)O)O)O,0
C1=CC(=CC=C1C(=O)N)O,CC1=CC2=C(C=C1C)N(C3=NC(=O)NC(=O)C3=N2)CC(C(C(CO)O)O)O,0
C1=CC(=CC(=C1)F)C(=O)O,CC1=CC2=C(C=C1C)N(C3=NC(=O)NC(=O)C3=N2)CC(C(C(CO)O)O)O,0
C1=CC(=CC(=C1)N)C(=O)N,CC1=CC2=C(C=C1C)N(C3=NC(=O)NC(=O)C3=N2)CC(C(C(CO)O)O)O,0
C1=CC(=CC=C1C(=O)N)N,CC1=CC2=C(C=C1C)N(C3=NC(=O)NC(=O)C3=N2)CC(C(C(CO)O)O)O,0
CC1=CC2=C(C=C1C)N(C3=NC(=O)NC(=O)C3=N2)CC(C(C(CO)O)O)O,COC1=CC=CC(=C1)C(=O)N,0
CC1=CC2=C(C=C1C)N(C3=NC(=O)NC(=O)C3=N2)CC(C(C(CO)O)O)O,CC1=CC=C(C=C1)C(=O)N,0
C1=CC=C(C(=C1)C(=O)O)N,CC1=CC2=C(C=C1C)N(C3=NC(=O)NC(=O)C3=N2)CC(C(C(CO)O)O)O,0
CC1=CC2=C(C=C1C)N(C3=NC(=O)NC(=O)C3=N2)CC(C(C(CO)O)O)O,COC1=CC=CC=C1C(=O)N,0
CC1=CC2=C(C=C1C)N(C3=NC(=O)NC(=O)C3=N2)CC(C(C(CO)O)O)O,COC1=CC=C(C=C1)C(=O)O,0
CC1=CC2=C(C=C1C)N(C3=NC(=O)NC(=O)C3=N2)CC(C(C(CO)O)O)O,CC1=CC=CC=C1C(=O)N,0
C1=CC=C(C(=C1)C(=O)O)O,CC1=CC2=C(C=C1C)N(C3=NC(=O)NC(=O)C3=N2)CC(C(C(CO)O)O)O,0
C1=CC(=CC=C1C(=O)O)N,CC1=CC2=C(C=C1C)N(C3=NC(=O)NC(=O)C3=N2)CC(C(C(CO)O)O)O,0
C1=CC(=CC(=C1)N)C(=O)O,CC1=CC2=C(C=C1C)N(C3=NC(=O)NC(=O)C3=N2)CC(C(C(CO)O)O)O,0
C1=CC=C(C(=C1)C(=O)N)O,CC1=CC2=C(C=C1C)N(C3=NC(=O)NC(=O)C3=N2)CC(C(C(CO)O)O)O,0
C1=CC(=CC=C1C(=O)N)F,CC1=CC2=C(C=C1C)N(C3=NC(=O)NC(=O)C3=N2)CC(C(C(CO)O)O)O,0
CC1=CC2=C(C=C1C)N(C3=NC(=O)NC(=O)C3=N2)CC(C(C(CO)O)O)O,COC1=CC=C(C=C1)C(=O)N,0
CC1=CC(=CC=C1)C(=O)N,CC1=CC2=C(C=C1C)N(C3=NC(=O)NC(=O)C3=N2)CC(C(C(CO)O)O)O,0
C1=CC(=CC(=C1)[N+](=O)[O-])C(=O)N,CC1=CC2=C(C=C1C)N(C3=NC(=O)NC(=O)C3=N2)CC(C(C(CO)O)O)O,0
C1=CC(=CC=C1C(=O)O)[N+](=O)[O-],CC1=CC2=C(C=C1C)N(C3=NC(=O)NC(=O)C3=N2)CC(C(C(CO)O)O)O,0
C1=CC(=CC(=C1)F)C(=O)N,CC1=CC2=C(C=C1C)N(C3=NC(=O)NC(=O)C3=N2)CC(C(C(CO)O)O)O,0
C1=CC=C(C(=C1)C(=O)N)[N+](=O)[O-],CC1=CC2=C(C=C1C)N(C3=NC(=O)NC(=O)C3=N2)CC(C(C(CO)O)O)O,0
C1=CC=C(C(=C1)C(=O)N)N,CC1=CC2=C(C=C1C)N(C3=NC(=O)NC(=O)C3=N2)CC(C(C(CO)O)O)O,0
CC1=CC2=C(C=C1C)N(C3=NC(=O)NC(=O)C3=N2)CC(C(C(CO)O)O)O,CC1=CC=CC=C1C(=O)O,0
CC1=CC(=CC=C1)C(=O)O,CC1=CC2=C(C=C1C)N(C3=NC(=O)NC(=O)C3=N2)CC(C(C(CO)O)O)O,0
C1=CC=C(C(=C1)C(=O)O)F,CC1=CC2=C(C=C1C)N(C3=NC(=O)NC(=O)C3=N2)CC(C(C(CO)O)O)O,0
C1=CC(=CC(=C1)[N+](=O)[O-])C(=O)O,CC1=CC2=C(C=C1C)N(C3=NC(=O)NC(=O)C3=N2)CC(C(C(CO)O)O)O,0
C1=CC(=CC=C1C(=O)O)O,CC1=CC2=C(C=C1C)N(C3=NC(=O)NC(=O)C3=N2)CC(C(C(CO)O)O)O,0
CC1=CC2=C(C=C1C)N(C3=NC(=O)NC(=O)C3=N2)CC(C(C(CO)O)O)O,COC1=CC=CC(=C1)C(=O)O,0
C1=CC(=CC(=C1)O)C(=O)O,CC1=CC2=C(C=C1C)N(C3=NC(=O)NC(=O)C3=N2)CC(C(C(CO)O)O)O,0
CC1=CC2=C(C=C1C)N(C3=NC(=O)NC(=O)C3=N2)CC(C(C(CO)O)O)O,CC1=CC=C(C=C1)C(=O)O,0
C1=CC=C(C(=C1)C(=O)O)[N+](=O)[O-],CC1=CC2=C(C=C1C)N(C3=NC(=O)NC(=O)C3=N2)CC(C(C(CO)O)O)O,0
C(CC(=O)O)C(C(=O)O)N,C1=CC(=CC=C1C(=O)N)[N+](=O)[O-],0
C(CC(=O)O)C(C(=O)O)N,C1=CC(=CC=C1C(=O)N)O,0
C(CC(=O)O)C(C(=O)O)N,C1=CC(=CC(=C1)F)C(=O)O,0
C(CC(=O)O)C(C(=O)O)N,C1=CC(=CC(=C1)N)C(=O)N,0
C(CC(=O)O)C(C(=O)O)N,C1=CC(=CC=C1C(=O)N)N,0
C(CC(=O)O)C(C(=O)O)N,COC1=CC=CC(=C1)C(=O)N,0
C(CC(=O)O)C(C(=O)O)N,CC1=CC=C(C=C1)C(=O)N,0
C(CC(=O)O)C(C(=O)O)N,C1=CC=C(C(=C1)C(=O)O)N,0
C(CC(=O)O)C(C(=O)O)N,COC1=CC=CC=C1C(=O)N,0
C(CC(=O)O)C(C(=O)O)N,COC1=CC=C(C=C1)C(=O)O,0
C(CC(=O)O)C(C(=O)O)N,CC1=CC=CC=C1C(=O)N,0
C(CC(=O)O)C(C(=O)O)N,C1=CC=C(C(=C1)C(=O)O)O,0
C(CC(=O)O)C(C(=O)O)N,C1=CC(=CC=C1C(=O)O)N,0
C(CC(=O)O)C(C(=O)O)N,C1=CC(=CC(=C1)N)C(=O)O,0
C(CC(=O)O)C(C(=O)O)N,C1=CC=C(C(=C1)C(=O)N)O,0
C(CC(=O)O)C(C(=O)O)N,C1=CC(=CC=C1C(=O)N)F,0
C(CC(=O)O)C(C(=O)O)N,CC1=CC(=CC=C1)C(=O)N,0
C(CC(=O)O)C(C(=O)O)N,C1=CC(=CC(=C1)[N+](=O)[O-])C(=O)N,0
C(CC(=O)O)C(C(=O)O)N,C1=CC(=CC(=C1)F)C(=O)N,0
C(CC(=O)O)C(C(=O)O)N,C1=CC=C(C(=C1)C(=O)N)[N+](=O)[O-],0
C(CC(=O)O)C(C(=O)O)N,C1=CC=C(C(=C1)C(=O)N)N,0
C(CC(=O)O)C(C(=O)O)N,CC1=CC(=CC=C1)C(=O)O,0
C(CC(=O)O)C(C(=O)O)N,C1=CC(=CC=C1C(=O)O)O,0
C(CC(=O)O)C(C(=O)O)N,COC1=CC=CC(=C1)C(=O)O,0
C(CC(=O)O)C(C(=O)O)N,CC1=CC=C(C=C1)C(=O)O,0
C(CC(=O)O)C(C(=O)O)N,C1=CC=C(C(=C1)C(=O)O)[N+](=O)[O-],0
C1=CN=CC=C1C(=O)N,COC1=CC=CC=C1C(=O)O,0
C1=CN=CC=C1C(=O)N,COC1=CC=C(C=C1)C(=O)O,0
CC1=NC=C(C(=C1O)CO)CO,COC1=CC=CC=C1C(=O)O,0
C1=CC(=CC=C1C(=O)N)[N+](=O)[O-],CC1=NC=C(C(=C1O)CO)CO,0
C1=CC(=CC=C1C(=O)N)O,CC1=NC=C(C(=C1O)CO)CO,0
C1=CC(=CC(=C1)N)C(=O)N,CC1=NC=C(C(=C1O)CO)CO,0
C1=CC(=CC=C1C(=O)N)N,CC1=NC=C(C(=C1O)CO)CO,0
CC1=NC=C(C(=C1O)CO)CO,COC1=CC=CC(=C1)C(=O)N,0
CC1=CC=C(C=C1)C(=O)N,CC1=NC=C(C(=C1O)CO)CO,0
C1=CC=C(C(=C1)C(=O)O)N,CC1=NC=C(C(=C1O)CO)CO,0
CC1=NC=C(C(=C1O)CO)CO,COC1=CC=CC=C1C(=O)N,0
CC1=NC=C(C(=C1O)CO)CO,COC1=CC=C(C=C1)C(=O)O,0
CC1=CC=CC=C1C(=O)N,CC1=NC=C(C(=C1O)CO)CO,0
C1=CC=C(C(=C1)C(=O)O)O,CC1=NC=C(C(=C1O)CO)CO,0
C1=CC(=CC(=C1)N)C(=O)O,CC1=NC=C(C(=C1O)CO)CO,0
C1=CC=C(C(=C1)C(=O)N)O,CC1=NC=C(C(=C1O)CO)CO,0
C1=CC(=CC=C1C(=O)N)F,CC1=NC=C(C(=C1O)CO)CO,0
CC1=CC(=CC=C1)C(=O)N,CC1=NC=C(C(=C1O)CO)CO,0
C1=CC(=CC(=C1)[N+](=O)[O-])C(=O)N,CC1=NC=C(C(=C1O)CO)CO,0
C1=CC(=CC(=C1)F)C(=O)N,CC1=NC=C(C(=C1O)CO)CO,0
C1=CC=C(C(=C1)C(=O)N)[N+](=O)[O-],CC1=NC=C(C(=C1O)CO)CO,0
C1=CC=C(C(=C1)C(=O)N)N,CC1=NC=C(C(=C1O)CO)CO,0
CC1=CC(=CC=C1)C(=O)O,CC1=NC=C(C(=C1O)CO)CO,0
C1=CC(=CC(=C1)[N+](=O)[O-])C(=O)O,CC1=NC=C(C(=C1O)CO)CO,0
CC1=NC=C(C(=C1O)CO)CO,COC1=CC=CC(=C1)C(=O)O,0
C1=CC(=CC(=C1)O)C(=O)O,CC1=NC=C(C(=C1O)CO)CO,0
C1=CC(=CC=C1C(=O)O)F,CC1=NC=C(C(=C1O)CO)CO,0
CC1=CC=C(C=C1)C(=O)O,CC1=NC=C(C(=C1O)CO)CO,0
C1=CC=C(C(=C1)C(=O)O)[N+](=O)[O-],CC1=NC=C(C(=C1O)CO)CO,0
C(=O)(C(=O)O)O,COC1=CC=CC=C1C(=O)O,0
C(=O)(C(=O)O)O,C1=CC(=CC(=C1)F)C(=O)O,0
C(=O)(C(=O)O)O,COC1=CC=C(C=C1)C(=O)O,0
C(=O)(C(=O)O)O,C1=CC=C(C(=C1)C(=O)O)O,0
C(=O)(C(=O)O)O,C1=CC(=CC(=C1)[N+](=O)[O-])C(=O)N,0
C(=O)(C(=O)O)O,C1=CC(=CC=C1C(=O)O)[N+](=O)[O-],0
C(=O)(C(=O)O)O,CC1=CC(=CC=C1)C(=O)O,0
C(=O)(C(=O)O)O,C1=CC=C(C(=C1)C(=O)O)F,0
C(=O)(C(=O)O)O,C1=CC(=CC(=C1)[N+](=O)[O-])C(=O)O,0
C(=O)(C(=O)O)O,C1=CC(=CC=C1C(=O)O)O,0
C(=O)(C(=O)O)O,COC1=CC=CC(=C1)C(=O)O,0
C(=O)(C(=O)O)O,C1=CC(=CC=C1C(=O)O)F,0
C(=O)(C(=O)O)O,CC1=CC=C(C=C1)C(=O)O,0
C(=O)(C(=O)O)O,C1=CC=C(C(=C1)C(=O)O)[N+](=O)[O-],0
C1=CC=C(C(=C1)C(=O)O)O,COC1=CC=CC=C1C(=O)O,0
C1=CC(=CC(=C1)F)C(=O)O,C1=CC=C(C(=C1)C(=O)O)O,0
C1=CC(=CC=C1C(=O)N)N,C1=CC=C(C(=C1)C(=O)O)O,0
C1=CC=C(C(=C1)C(=O)O)O,COC1=CC=CC(=C1)C(=O)N,0
C1=CC=C(C(=C1)C(=O)O)O,COC1=CC=C(C=C1)C(=O)O,0
C1=CC=C(C(=C1)C(=O)O)O,CC1=CC=CC=C1C(=O)N,0
C1=CC(=CC=C1C(=O)O)N,C1=CC=C(C(=C1)C(=O)O)O,0
C1=CC(=CC(=C1)N)C(=O)O,C1=CC=C(C(=C1)C(=O)O)O,0
C1=CC(=CC=C1C(=O)O)[N+](=O)[O-],C1=CC=C(C(=C1)C(=O)O)O,0
C1=CC(=CC(=C1)F)C(=O)N,C1=CC=C(C(=C1)C(=O)O)O,0
C1=CC=C(C(=C1)C(=O)N)[N+](=O)[O-],C1=CC=C(C(=C1)C(=O)O)O,0
C1=CC=C(C(=C1)C(=O)O)O,CC1=CC(=CC=C1)C(=O)O,0
C1=CC=C(C(=C1)C(=O)O)F,C1=CC=C(C(=C1)C(=O)O)O,0
C1=CC=C(C(=C1)C(=O)O)O,COC1=CC=CC(=C1)C(=O)O,0
C1=CC(=CC=C1C(=O)O)F,C1=CC=C(C(=C1)C(=O)O)O,0
C1=CC=C(C(=C1)C(=O)O)O,CC1=CC=C(C=C1)C(=O)O,0
C(C(C(=O)O)O)C(=O)O,COC1=CC=CC=C1C(=O)O,0
C(C(C(=O)O)O)C(=O)O,C1=CC(=CC(=C1)F)C(=O)O,0
C(C(C(=O)O)O)C(=O)O,C1=CC(=CC(=C1)N)C(=O)N,0
C(C(C(=O)O)O)C(=O)O,C1=CC=C(C(=C1)C(=O)O)N,0
C(C(C(=O)O)O)C(=O)O,COC1=CC=CC=C1C(=O)N,0
C(C(C(=O)O)O)C(=O)O,COC1=CC=C(C=C1)C(=O)O,0
C(C(C(=O)O)O)C(=O)O,CC1=CC=CC=C1C(=O)N,0
C(C(C(=O)O)O)C(=O)O,C1=CC=C(C(=C1)C(=O)O)O,0
C(C(C(=O)O)O)C(=O)O,C1=CC(=CC(=C1)N)C(=O)O,0
C(C(C(=O)O)O)C(=O)O,C1=CC=C(C(=C1)C(=O)N)O,0
C(C(C(=O)O)O)C(=O)O,C1=CC(=CC=C1C(=O)O)[N+](=O)[O-],0
C(C(C(=O)O)O)C(=O)O,C1=CC=C(C(=C1)C(=O)N)[N+](=O)[O-],0
C(C(C(=O)O)O)C(=O)O,CC1=CC(=CC=C1)C(=O)O,0
C(C(C(=O)O)O)C(=O)O,C1=CC=C(C(=C1)C(=O)O)F,0
C(C(C(=O)O)O)C(=O)O,C1=CC(=CC(=C1)[N+](=O)[O-])C(=O)O,0
C(C(C(=O)O)O)C(=O)O,C1=CC(=CC=C1C(=O)O)O,0
C(C(C(=O)O)O)C(=O)O,COC1=CC=CC(=C1)C(=O)O,0
C(C(C(=O)O)O)C(=O)O,C1=CC(=CC=C1C(=O)O)F,0
C(C(C(=O)O)O)C(=O)O,CC1=CC=C(C=C1)C(=O)O,0
C(C(C(=O)O)O)C(=O)O,C1=CC=C(C(=C1)C(=O)O)[N+](=O)[O-],0
C1=CC=C(C=C1)C(=O)N,COC1=CC=CC=C1C(=O)O,0
C1=CC(=CC=C1C(=O)N)O,C1=CC=C(C=C1)C(=O)N,0
C1=CC(=CC(=C1)N)C(=O)N,C1=CC=C(C=C1)C(=O)N,0
C1=CC(=CC=C1C(=O)N)N,C1=CC=C(C=C1)C(=O)N,0
C1=CC=C(C=C1)C(=O)N,COC1=CC=CC(=C1)C(=O)N,0
C1=CC=C(C(=C1)C(=O)O)N,C1=CC=C(C=C1)C(=O)N,0
C1=CC=C(C=C1)C(=O)N,COC1=CC=CC=C1C(=O)N,0
C1=CC=C(C=C1)C(=O)N,COC1=CC=C(C=C1)C(=O)O,0
C1=CC(=CC=C1C(=O)O)N,C1=CC=C(C=C1)C(=O)N,0
C1=CC(=CC(=C1)N)C(=O)O,C1=CC=C(C=C1)C(=O)N,0
C1=CC=C(C(=C1)C(=O)N)O,C1=CC=C(C=C1)C(=O)N,0
C1=CC(=CC=C1C(=O)N)F,C1=CC=C(C=C1)C(=O)N,0
C1=CC=C(C=C1)C(=O)N,COC1=CC=C(C=C1)C(=O)N,0
C1=CC=C(C=C1)C(=O)N,CC1=CC(=CC=C1)C(=O)N,0
C1=CC(=CC(=C1)[N+](=O)[O-])C(=O)N,C1=CC=C(C=C1)C(=O)N,0
C1=CC(=CC(=C1)F)C(=O)N,C1=CC=C(C=C1)C(=O)N,0
C1=CC=C(C(=C1)C(=O)N)[N+](=O)[O-],C1=CC=C(C=C1)C(=O)N,0
C1=CC=C(C(=C1)C(=O)N)N,C1=CC=C(C=C1)C(=O)N,0
C1=CC=C(C=C1)C(=O)N,CC1=CC=CC=C1C(=O)O,0
C1=CC=C(C=C1)C(=O)N,CC1=CC(=CC=C1)C(=O)O,0
C1=CC=C(C=C1)C(=O)N,COC1=CC=CC(=C1)C(=O)O,0
C1=CC=C(C=C1)C(=O)N,CC1=CC=C(C=C1)C(=O)O,0
C1=CC(=CC=C1C(=O)N)[N+](=O)[O-],C1=CC(=CC=C1O)O,0
C1=CC(=CC(=C1)F)C(=O)O,C1=CC(=CC=C1O)O,0
C1=CC(=CC=C1C(=O)N)N,C1=CC(=CC=C1O)O,0
C1=CC(=CC=C1O)O,COC1=CC=CC(=C1)C(=O)N,0
C1=CC(=CC=C1O)O,C1=CC=C(C(=C1)C(=O)O)N,0
C1=CC(=CC=C1O)O,CC1=CC=CC=C1C(=O)N,0
C1=CC(=CC=C1O)O,C1=CC=C(C(=C1)C(=O)O)O,0
C1=CC(=CC=C1C(=O)O)N,C1=CC(=CC=C1O)O,0
C1=CC(=CC(=C1)N)C(=O)O,C1=CC(=CC=C1O)O,0
C1=CC(=CC=C1O)O,C1=CC=C(C(=C1)C(=O)N)O,0
C1=CC(=CC=C1C(=O)N)F,C1=CC(=CC=C1O)O,0
C1=CC(=CC=C1C(=O)O)[N+](=O)[O-],C1=CC(=CC=C1O)O,0
C1=CC(=CC=C1O)O,C1=CC=C(C(=C1)C(=O)N)[N+](=O)[O-],0
C1=CC(=CC=C1O)O,C1=CC=C(C(=C1)C(=O)N)N,0
C1=CC(=CC=C1O)O,CC1=CC(=CC=C1)C(=O)O,0
C1=CC(=CC=C1O)O,C1=CC=C(C(=C1)C(=O)O)F,0
C1=CC(=CC(=C1)[N+](=O)[O-])C(=O)O,C1=CC(=CC=C1O)O,0
C1=CC(=CC=C1C(=O)O)O,C1=CC(=CC=C1O)O,0
C1=CC(=CC=C1O)O,COC1=CC=CC(=C1)C(=O)O,0
C1=CC(=CC=C1C(=O)O)F,C1=CC(=CC=C1O)O,0
C1=CC(=CC=C1O)O,C1=CC=C(C(=C1)C(=O)O)[N+](=O)[O-],0
C1=CC(=CC(=C1)F)C(=O)O,C1CC(=O)NC1,0
C1CC(=O)NC1,COC1=CC=C(C=C1)C(=O)O,0
C1=CC(=CC(=C1)N)C(=O)O,C1CC(=O)NC1,0
C1CC(=O)NC1,CC1=CC=CC=C1C(=O)O,0
C1CC(=O)NC1,CC1=CC(=CC=C1)C(=O)O,0
C1=CC=C(C(=C1)C(=O)O)F,C1CC(=O)NC1,0
CCCCCCCC(=O)O,COC1=CC=CC=C1C(=O)O,0
C1=CC(=CC=C1C(=O)N)[N+](=O)[O-],CCCCCCCC(=O)O,0
C1=CC(=CC=C1C(=O)N)O,CCCCCCCC(=O)O,0
C1=CC(=CC(=C1)F)C(=O)O,CCCCCCCC(=O)O,0
C1=CC(=CC(=C1)N)C(=O)N,CCCCCCCC(=O)O,0
C1=CC(=CC=C1C(=O)N)N,CCCCCCCC(=O)O,0
CCCCCCCC(=O)O,COC1=CC=CC(=C1)C(=O)N,0
C1=CC=C(C(=C1)C(=O)O)N,CCCCCCCC(=O)O,0
CCCCCCCC(=O)O,COC1=CC=CC=C1C(=O)N,0
CCCCCCCC(=O)O,COC1=CC=C(C=C1)C(=O)O,0
CC1=CC=CC=C1C(=O)N,CCCCCCCC(=O)O,0
C1=CC=C(C(=C1)C(=O)O)O,CCCCCCCC(=O)O,0
C1=CC(=CC=C1C(=O)O)N,CCCCCCCC(=O)O,0
C1=CC(=CC(=C1)N)C(=O)O,CCCCCCCC(=O)O,0
C1=CC=C(C(=C1)C(=O)N)O,CCCCCCCC(=O)O,0
C1=CC(=CC=C1C(=O)N)F,CCCCCCCC(=O)O,0
CC1=CC(=CC=C1)C(=O)N,CCCCCCCC(=O)O,0
C1=CC(=CC(=C1)[N+](=O)[O-])C(=O)N,CCCCCCCC(=O)O,0
C1=CC(=CC=C1C(=O)O)[N+](=O)[O-],CCCCCCCC(=O)O,0
C1=CC(=CC(=C1)F)C(=O)N,CCCCCCCC(=O)O,0
C1=CC=C(C(=C1)C(=O)N)[N+](=O)[O-],CCCCCCCC(=O)O,0
C1=CC=C(C(=C1)C(=O)N)N,CCCCCCCC(=O)O,0
CC1=CC=CC=C1C(=O)O,CCCCCCCC(=O)O,0
CC1=CC(=CC=C1)C(=O)O,CCCCCCCC(=O)O,0
C1=CC=C(C(=C1)C(=O)O)F,CCCCCCCC(=O)O,0
C1=CC(=CC(=C1)[N+](=O)[O-])C(=O)O,CCCCCCCC(=O)O,0
C1=CC(=CC=C1C(=O)O)O,CCCCCCCC(=O)O,0
CCCCCCCC(=O)O,COC1=CC=CC(=C1)C(=O)O,0
C1=CC(=CC(=C1)O)C(=O)O,CCCCCCCC(=O)O,0
C1=CC(=CC=C1C(=O)O)F,CCCCCCCC(=O)O,0
CC1=CC=C(C=C1)C(=O)O,CCCCCCCC(=O)O,0
C1=CC=C(C(=C1)C(=O)O)[N+](=O)[O-],CCCCCCCC(=O)O,0
CC1(C)C(NC1=O)S(=O)(=O)c1ccccc1,CC1C(NC1=O)S(=O)(=O)c1ccccc1,1
c1cc(ccn1)C=Cc1ccncc1,Oc1cccc(O)c1,1
c1cc(ccn1)C1C(C(C1c1ccncc1)c1ccncc1)c1ccncc1,Oc1cccc(O)c1,1
c1cc(ccn1)C=Cc1ccncc1,COc1cc(O)cc(O)c1,1
c1ccc(C=Cc2ccccn2)nc1,Oc1cccc(O)c1,1
NC(=O)N1c2ccccc2C=Cc2ccccc12,Oc1ccc(O)cc1,1
NC(=O)CN1CCCC1=O,Oc1ccc(O)cc1,1
c1ccc(nc1)C#Cc1ccccn1,OC1=C(Cl)C(=O)C(=C(Cl)C1=O)O,1
NC(=O)c1cccnc1,OC(=O)c1cc2ccccc2cc1O,1
c1ccc2c(c1)ccc1ccc3ccc4ccc5ccccc5c4c3c21,OC(=O)c1cc(cc(c1)N(=O)=O)N(=O)=O,1
c1ccc2c(c1)ccc1ccc3ccc4ccc5ccccc5c4c3c21,N#CC(C#N)=C1C=CC(C=C1)=C(C#N)C#N,1
c1ccc2c(c1)ccc1ccccc21,OC(=O)c1cc(cc(c1)N(=O)=O)C(O)=O,1
CC(C)c1c(O)c(O)c(C=O)c2c(O)c(c(C)cc12)c1c(C)cc2c(C(C)C)c(O)c(O)c(C=O)c2c1O,CC(O)=CC(C)=O,1
CN1N=NC2=C(N=CN2C1=O)C(N)=O,COC(=O)N1C=NC(=C1N)C(N)=O,1
CN1N=NC2=C(N=CN2C1=O)C(N)=O,Nc1ccccc1C(O)=O,1
CN1N=NC2=C(N=CN2C1=O)C(N)=O,OC(C(O)C(O)=O)C(O)=O,1
CN1N=NC2=C(N=CN2C1=O)C(N)=O,OC(=O)C(O)=O,1
CN1N=NC2=C(N=CN2C1=O)C(N)=O,OC(=O)c1ccccc1O,1
C1Cc2cccc3cccc1c23,ClC1=C(Cl)C(=O)C(=C(Cl)C1=O)Cl,1
C1Cc2cccc3cccc1c23,N#CC(C#N)=C1C=CC(C=C1)=C(C#N)C#N,1
Brc1ccc(Br)c2N=C(Nc12)c1ccc(cc1)C1=Nc2c(Br)ccc(Br)c2N1,C1COCCOCCOCCOCCOCCOCCOCCO1,1
c1ccc(C=Cc2ccccn2)nc1,OC(=O)c1cccc2cccc(C(O)=O)c12,1
c1cc(ccn1)C1C(C(C1c1ccncc1)c1ccncc1)c1ccncc1,OC(=O)c1cccc2cccc(C(O)=O)c12,1
O=C1NC=CC=C1,OC1=C(Cl)C(=O)C(=C(Cl)C1=O)O,1
NC(=O)c1ccncc1,OC(=O)C1CC1,1
NC(=O)c1ccncc1,OC(=O)C1CCC1,1
NC(=O)c1ccncc1,OC(=O)C1CCCCC1,1
NC(=O)c1cnccn1,OC(=O)c1cc(O)cc(O)c1,1
COc1cc(C=CC(O)=O)ccc1O,NC(=O)c1cnccn1,1
C(Cc1ccncc1)c1ccncc1,Oc1cccc(O)c1,1
C(Cc1ccncc1)c1ccncc1,Oc1ccc(Cl)c(O)c1,1
NNC(=O)c1ccncc1,OC(=O)c1ccc(cc1)C#N,1
Nc1ccc(cc1)C(O)=O,NNC(=O)c1ccncc1,1
NNC(=O)c1ccncc1,OC(=O)c1ccc(cc1)N(=O)=O,1
C1CCC(CC1)NC1CCCCC1,ON=C1CCCCC1,1
Nc1ncnc2N(C=Nc12)C1OC(CO)C(O)C1O,OCC1OC(C(O)C1O)N1C=C(Br)C(=O)NC1=O,1
Cc1cc(C)nc(N)n1,OC(=O)c1ccc(O)cc1,1
CCN1C=NC2=C1N=CN=C2N,CSCOC(=O)C1(C)CC2(C)CC(C)(C1)C(=O)NC2=O,1
CC1(CCC2C(=CCC3C(C)(CO)C(O)CCC23C)C1)C=C,CC1(CO)C(O)CCC2(C)C1CCC13CC4C(CC21)C4(C)C3,1
BrC1=CNC(=O)NC1=O,Nc1ncnc2N(C=Nc12)C1OC(CO)C(O)C1O,1
CN(C)c1ccc(cc1)N=Nc1ccccc1C(O)=O,OC(=O)c1cc(cc(c1)C(O)=O)C(O)=O,1
Cc1nc(N)nc(N)n1,CN1C(=CC(=O)NC1=O)C,1
c1ccc(nc1)c1ccccn1,CC(c1ccc(O)cc1)(c1ccc(O)cc1)c1ccc(O)cc1,1
CN1C=NC2=C1C(=O)N(C)C(=O)N2C,OC(=O)c1cc(F)c(F)c(F)c1F,1
CN1C=NC2=C1C(=O)N(C)C(=O)N2C,OC(=O)c1c(F)cccc1F,1
CN1C=NC2=C1C(=O)N(C)C(=O)N2C,OC(=O)c1cc(F)ccc1F,1
CN1C=NC2=C1C(=O)N(C)C(=O)N2C,OC(=O)c1cccc(F)c1F,1
CN1C=NC2=C1C(=O)N(C)C(=O)N2C,OC(=O)c1cccc(F)c1,1
CN1C=NC2=C1C(=O)N(C)C(=O)N2C,OC(=O)c1ccccc1F,1
CN1C=NC2=C1C(=O)N(C)C(=O)N2C,OC(=O)c1ccccc1,1
C1CNCCN1,Oc1ccc(cc1)N(=O)=O,1
C[NH2+]NC(=O)c1cc(ccc1[O-])N(=O)=O,CNNC(=O)c1cc(ccc1O)N(=O)=O,1
c1cc(ccn1)C=Cc1ccncc1,Cc1cccc(Nc2ccccc2C(O)=O)c1C,1
C(Cc1ccncc1)c1ccncc1,Cc1cccc(Nc2ccccc2C(O)=O)c1C,1
c1cc(ccn1)N=Nc1ccncc1,Cc1cccc(Nc2ccccc2C(O)=O)c1C,1
C(Cc1ccncc1)Cc1ccncc1,Cc1cccc(Nc2ccccc2C(O)=O)c1C,1
c1cc(ccn1)N=Nc1ccncc1,COc1ccc2cc(ccc2c1)C(C)C(O)=O,1
NNC(=O)C(=O)NN,NNC(=O)C1=C(O)c2ccccc2S(=O)(=O)N1,1
CC1=CC(=NN1)C=Nc1ccccc1O,CC1=NNC(=C1)C=Nc1ccccc1O,1
N1c2cccc3cccc(N=C1c1ncccn1)c23,Nc1cccc2cccc(N)c12,1
CN1C=NC2=C1C(=O)N(C)C(=O)N2C,OC(=O)C=Cc1ccccc1,1
c1ccc2c(c1)N(c1ccc(cc1)c1ccc(cc1)N1c3ccccc3c3ccccc13)c1ccccc21,N#Cc1cc(C#N)c(cc1C#N)C#N,1
c1cc2ccc3cccc4ccc(c1)c2c34,O=C1c2cccc(c2C(=O)c2c1cccc2N(=O)=O)N(=O)=O,1
O=C1NC=CC=C1,OC(=O)Cc1ccccc1,1
O=C1NC=CC=C1,OC(=O)Cc1ccc(Cl)cc1,1
O=C1NC=CC=C1,OC(=O)Cc1cccc2ccccc12,1
O=C1NC=CC=C1,OC(=O)Cc1ccc2ccccc2c1,1
C1CSCCN1,Fc1c(F)c(I)c(F)c(F)c1I,1
C1CCNCC1,Fc1c(F)c(I)c(F)c(F)c1I,1
NC(N)=S,O=C1C(=O)c2ccccc2c2ccccc12,1
O=C1CNC(=O)CN1,OC(=O)C#C,1
O=C1CNC(=O)CN1,OC1=C(Cl)C(=O)C(=C(Cl)C1=O)O,1
O=C1CNC(=O)CN1,Oc1cc(Cl)c(O)cc1Cl,1
O=C1CNC(=O)CN1,OC(=O)c1cc(O)ccc1O,1
O=C1CNC(=O)CN1,OC(=O)c1cc(Cl)ccc1O,1
O=C1CNC(=O)CN1,OC(=O)C=CC(O)=O,1
O=C1CNC(=O)CN1,OC(=O)c1cc(O)c(cc1O)C(O)=O,1
O=C1CNC(=O)CN1,OC(=O)c1cc(Cl)c(cc1Cl)C(O)=O,1
O=C1CNC(=O)CN1,OC1=CC(=O)C(=CC1=O)O,1
CCCC=CC(O)=O,NC(=O)c1ccncc1,1
NC(=O)c1ccncc1,OC(=O)c1ccc(cc1)N(=O)=O,1
NC(=O)c1ccc(Cl)cc1,OC(=O)c1cc(cc(c1)N(=O)=O)N(=O)=O,1
CN(C)c1cccc(c1)C(O)=O,NC(=O)c1ccc(Cl)cc1,1
NC(=O)c1ccc(Cl)cc1,OC(=O)C=CC(O)=O,1
O=C1C=Cc2ccccc2C1=CNc1ccc(Oc2ccc(NC=C3C(=O)C=Cc4ccccc34)cc2)cc1,Oc1ccc2ccccc2c1C=Nc1ccc(Oc2ccc(NC=C3C(=O)C=Cc4ccccc34)cc2)cc1,1
O=C(NCc1ccncc1)C(=O)NCc1ccncc1,Oc1ccc(cc1)N=Nc1ccccc1C(O)=O,1
CC(C)C(=O)Nc1cccc(NC(=O)C(C)C)n1,CN(C)c1ccc(cc1)C#CC1(C)CC2(C)CC(C)(C1)C(=O)NC2=O,1
CC(C)C(=O)Nc1cccc(NC(=O)C(C)C)n1,CC1(CC2(C)CC(C)(C1)C(=O)NC2=O)C#C,1
CC(C)C(=O)Nc1cccc(NC(=O)C(C)C)n1,CC1(CC2(C)CC(C)(C1)C(=O)NC2=O)C#Cc1ccc(cc1)c1cnccn1,1
CC(C)C(=O)Nc1cccc(NC(=O)C(C)C)n1,CC1(CC2(C)CC(C)(C1)C(=O)NC2=O)C#Cc1ccc(cc1)c1cncnc1,1
CC1(CC2(C)CC(C)(C1)C(=O)NC2=O)C#Cc1ccccc1,CCc1cc(NC(=O)C(C)C)nc(NC(=O)C(C)C)c1,1
C1CCC2OCCOCCOC3CCCCC3OCCOCCOC2C1,NC(=S)C(N)=S,1
C1COCCOCCOCCOCCOCCO1,NC(=S)NNC(N)=S,1
C1CCC2OCCOCCOC3CCCCC3OCCOCCOC2C1,NC(=S)NNC(N)=S,1
C1COCCOCCOCCO1,NC(=S)NNC(N)=S,1
CN1C(SC(=C1C)C)=NN=C1SC(=C(C)N1C)C,N#CC(C#N)=C1C=CC(C=C1)=C(C#N)C#N,1
CN1C(SC(=C1C)C)=NN=C(C)C(C)=NN=C1SC(=C(C)N1C)C,N#CC(C#N)=C1C=CC(C=C1)=C(C#N)C#N,1
CC(=O)Nc1cccc(NC(C)=O)n1,O=C1CN(N=CC2=CC=C(O2)N(=O)=O)C(=O)N1,1
NC(=S)c1ccccc1,O=P(c1ccccc1)(c1ccccc1)c1ccccc1,1
c1cc2cccc3c4cccc5cccc(c(c1)c23)c45,FC1=C(F)C(C(=C(F)C1=C(C#N)C#N)F)=C(C#N)C#N,1
NC(=O)CN1CCCC1=O,OC(=O)c1cc(O)c(O)c(O)c1,1
CC1(C)N(I)C(=O)N(I)C1=O,Cc1ccncc1,1
C1CCN(C1)c1ccncc1,CC1(C)N(I)C(=O)N(I)C1=O,1
CC1(C)N(I)C(=O)N(I)C1=O,COC(=O)c1ccncc1,1
CC1(C)N(I)C(=O)N(I)C1=O,CN(C)c1ccncc1,1
COc1cccc(COC2=CC(=O)OC(=C2)C)c1,O=C1NC(=O)C=C1,1
c1ccc2cnccc2c1,Oc1ccc2ccccc2c1c1c(O)ccc2ccccc12,1
CC1CCC(N)CC1,OC1(c2ccccc2)c2ccccc2c2ccccc12,1
C(Cc1ccncc1)c1ccncc1,OC(=O)c1ccc(C=Cc2ccc(cc2)C(O)=O)cc1,1
O=C(NCc1ccncc1)C(=O)NCc1ccncc1,Oc1cc(O)cc(c1)C(=O)OCC#CC#C,1
COc1cccc(OC)c1,N#CC(C#N)=C(C#N)C1=CC=C(S1)C1=CC=C(N1c1ccccc1)C1=CC=C(S1)C(C#N)=C(C#N)C#N,1
COc1ccc(OC)cc1,N#CC(C#N)=C(C#N)C1=CC=C(S1)C1=CC=C(N1c1ccccc1)C1=CC=C(S1)C(C#N)=C(C#N)C#N,1
[NH3+]c1ccccc1C(=O)[O-],Nc1ccccc1C(O)=O,1
CCC1(CCC(C)C)C(=O)NC(=O)NC1=O,NC(=O)c1ccccc1O,1
c1cc(ccn1)c1ccncc1,Oc1cccc2c3ccccc3c3ccccc3c3cccc(O)c3c12,1
NC(=O)NC(N)=O,OC(=O)CCCC(O)=O,1
c1ccc(nc1)c1ccccn1,NC(N)=O,1
c1cnc2c(c1)ccc1cccnc21,NC(N)=S,1
c1cnc2c(c1)ccc1cccnc21,NC(N)=O,1
Cc1ccc2ccc3ccc(C)nc3c2n1,NC(N)=O,1
Cc1ccc2ccc3ccc(C)nc3c2n1,NC(N)=S,1
C(N1C=CN=C1)c1ccc(CN2C=CN=C2)cc1,OC(=O)C1CCC(CC1)C(O)=O,1
CCC1(C(=O)NC(=O)NC1=O)C1=CCCCC1,CN(C)C1=C(C)N(C)N(c2ccccc2)C1=O,1
[O-]c1ccccc1C=[NH+]c1ccccc1,CC(=CC(O)=O)C(O)=O,1
CC12CCC(=O)CC1CCC1C2CCC2(C)C1CCC2=O,Oc1ccc(Br)cc1,1
CC12CCC3C(C=CC4=CC(=O)C=CC34C)C1CCC2=O,Oc1ccc(Br)cc1,1
c1cnccn1,OC(C(O)C(O)=O)C(O)=O,1
CNC(C)=O,OC(C1OC2(CCCCC2)OC1C(O)(c1ccccc1)c1ccccc1)(c1ccccc1)c1ccccc1,1
C[S+](C)CCC(=O)[O-],Oc1c(cc(cc1N(=O)=O)N(=O)=O)N(=O)=O,1
c1ccc2cc3ccccc3cc2c1,ClC1=CC(C=C(Cl)C1=O)=C1C=C(Cl)C(=O)C(=C1)Cl,1
c1ccc2cc3ccccc3cc2c1,N#Cc1cc(C#N)c(cc1C#N)C#N,1
c1ccc2cc3ccccc3cc2c1,Oc1c(cc(cc1N(=O)=O)N(=O)=O)N(=O)=O,1
c1ccc2cc3ccccc3cc2c1,O=C1OC(=O)c2cc3C(=O)OC(=O)c3cc12,1
O=N(=O)c1cc(c2Oc3cc4ccccc4cc3Oc3cc(Oc4cc5ccccc5cc4Oc1c2)c(cc3N(=O)=O)N(=O)=O)N(=O)=O,O=N(=O)c1ccccc1,1
O=C1NC=C2C=CC=CC2=C1,OC(C#CC#CC(O)(c1ccccc1)c1ccccc1)(c1ccccc1)c1ccccc1,1
O=C1NC=C2C=CC=CC2=C1,Oc1cccc(O)c1,1
C1CSCCS1,Fc1c(F)c(I)c(F)c(F)c1I,1
c1ccc2nc3ccccc3nc2c1,Fc1c(F)c(F)c(I)c(I)c1F,1
Fc1c(F)c(I)c(F)c(F)c1I,O=P(c1ccccc1)(c1ccccc1)c1ccccc1,1
COc1cc(O)cc(O)c1,O=C(C=Cc1ccncc1)C=Cc1ccncc1,1
Clc1ccc(C=Cc2ccncc2)c(Cl)c1,NC(N)=S,1
c1ccc(nc1)c1ccccn1,Oc1cc(O)c(Cl)cc1Cl,1
C1COC2=C(SC(=C2O1)c1ccccn1)c1ccccn1,Oc1cc(O)c(Cl)cc1Cl,1
Oc1cc(O)c(Cl)cc1Cl,S1C(=CC=C1c1ccccn1)c1ccccn1,1
c1ccc(C=Cc2ccccn2)nc1,NC(N)=S,1
Oc1ccccc1O,S1C(=CC=C1c1ccccn1)c1ccccn1,1
CCCN,CCCN1C(=C(C#N)C(=C(C#N)C1=O)c1ccccc1)O,1
CC(=O)OCC=C,CC(CCC(O)=O)C1CCC2C3C(O)CC4CC(O)CCC4(C)C3CC(O)C12C,1
CN1N(C(=O)C=C1C)c1ccccc1,OC(=O)c1ccccc1O,1
CN1c2ccccc2Sc2ccccc12,O=N(=O)c1cccc(c1)N(=O)=O,1
CC(=O)C1=CC(=NN(C1)c1ccccc1)C(=O)c1ccccc1,CC(=O)C1=NN(CC(=C1)C(=O)c1ccccc1)c1ccccc1,1
Cc1c[n+]([O-])c2ccccc2c1,OC(=O)c1cccc(Cl)c1,1
Cc1ccc(cc1)S(=O)(=O)[N-]C(=O)CN1CCC[NH2+]CCNCCCNCC1,Cc1ccc(cc1)S(N)(=O)=O,1
Brc1cccnc1,OC1(c2ccccc2c2ccccc12)c1ccccc1c1ccccc1C1(O)c2ccccc2c2ccccc12,1
Clc1cccnc1,OC1(c2ccccc2c2ccccc12)c1ccccc1c1ccccc1C1(O)c2ccccc2c2ccccc12,1
CC(=O)Oc1ccccc1C(O)=O,CN1C(=C(O)c2ccccc2S1(=O)=O)C(=O)NC1=NC=C(C)S1,1
BrC1=C(Br)C(=O)C(=C(Br)C1=O)Br,S1C=CSC1=C1SC=CS1,1
c1cc(ccn1)c1ccncc1,FC(F)(I)C(F)(F)C(F)(F)C(F)(F)I,1
c1cc(ccn1)C=Cc1ccncc1,FC(F)(I)C(F)(F)C(F)(F)C(F)(F)C(F)(F)C(F)(F)C(F)(F)C(F)(F)I,1
c1cc(ccn1)C=Cc1ccncc1,FC(F)(I)C(F)(F)C(F)(F)C(F)(F)I,1
c1cc(ccn1)C=Cc1ccncc1,FC(F)(I)C(F)(F)I,1
c1ccc(cc1)c1ccccc1,Fc1c(F)c(F)c2c(F)c(F)c(F)c(F)c2c1F,1
c1ccc2c(c1)c1ccccc21,Fc1c(F)c(F)c2c(F)c(F)c(F)c(F)c2c1F,1
C1CSC2=C(S1)SC(S2)=C1SC2=C(SCCS2)S1,CC1=CC(C(=CC1=C(C#N)C#N)C)=C(C#N)C#N,1
C1COC2=C(O1)SC(S2)=C1SC2=C(OCCO2)S1,ClC1=CC(C(=CC1=C(C#N)C#N)Cl)=C(C#N)C#N,1
CN(C)c1ccc(cc1)N=Nc1ccccc1C(O)=O,OC(=O)c1cc(cc(c1)N(=O)=O)N(=O)=O,1
NC(=O)c1ccncc1,OC(=O)c1cccc(c1)N(=O)=O,1
NC(=O)c1ccncc1,OC(=O)c1ccc(F)cc1,1
CN(C)c1cccc(c1)C(O)=O,OC(=O)c1ccc(cc1)N(=O)=O,1
NC(=O)c1ccc(cc1)N(=O)=O,NC(=O)c1cnccn1,1
c1ccc(cc1)C#Cc1ccccc1,Fc1c(F)c(F)c(C#Cc2c(F)c(F)c(F)c(F)c2F)c(F)c1F,1
FC(F)(F)c1cc(Br)c2nc(cnc2c1)c1ccc(Cl)cc1,FC(F)(F)c1cc(Br)c2ncc(nc2c1)c1ccc(Cl)cc1,1
N(c1cnc(nc1)N=Nc1ncccn1)c1ncccn1,N1C=CN=C1,1
CC(=O)N1C=C(C)c2ccccc12,O=N(=O)c1cc(cc(c1)N(=O)=O)N(=O)=O,1
CC12CC(C)(CC(C)(C1)C(=O)Nc1cccc3cccnc13)C(=O)NC2=O,CCN1C=Nc2c(N)ncnc12,1
CC(C)(C)c1cc2N=C(Nc3cc(Cl)cc4CC5Cc6ccccc6C(O)C5(Oc34)C(=O)Nc3ccccn3)Oc2c(c1)C(C)(C)C,CC(C)CC(NS(=O)(=O)C(F)(F)F)C(O)=O,1
CC1(O)CCC2C3CCC4CC5=C(CC4(C)C3CCC12C)C=NN5,CC1(O)CCC2C3CCC4CC5=NNC=C5CC4(C)C3CCC12C,1
CC1(C)C2CCC1(C)C(O)(C2)C#CC#CC1(O)CC2CCC1(C)C2(C)C,CCNCC,1
O=P(c1ccccc1)(c1ccccc1)c1ccccc1OCCOCCOc1ccccc1P(=O)(c1ccccc1)c1ccccc1,OC(C(O)=O)c1ccccc1,1
CCNCC,OC1(C#C)c2cccc(Cl)c2C(O)(C#C)c2cccc(Cl)c12,1
CCC(C(=O)[O-])[N+]12CCC(CC1)CC2,OC(=O)c1ccc(O)cc1,1
C(Cc1ccncc1)c1ccncc1,NC1=NC(=CS1)C1=CSC(=N1)N,1
NC1=NC(=CS1)C1=CSC(=N1)N,O1C(=NN=C1c1ccncc1)c1ccncc1,1
CCOc1ccccc1C1C(C(C1C(O)=O)c1ccccc1OCC)C(O)=O,CCOc1ccccc1C=CC(O)=O,1
c1cc(ccn1)c1ccncc1,Oc1ccc(cc1)N(=O)=O,1
C(Cc1ccncc1)c1ccncc1,Oc1ccc(cc1)N(=O)=O,1
c1cc(ccn1)C=Cc1ccncc1,Oc1ccc(cc1)N(=O)=O,1
c1cnc2c(c1)ccc1cccnc21,Oc1ccc(cc1)N(=O)=O,1
c1ccc2nc3ccccc3nc2c1,Oc1ccc(cc1)N(=O)=O,1
c1ccc2nc3ccccc3cc2c1,Oc1ccc(cc1)N(=O)=O,1
c1cc(ccn1)c1ccncc1,CN(c1ccc(cc1)C(O)=O)C(=O)N(C)c1ccc(cc1)C(O)=O,1
[NH3+]CC(=O)[O-],OC(=O)CCCC(O)=O,1
C#Cc1ccc(cc1)C#C,CC(=O)c1cccc(c1)C(C)=O,1
C#Cc1ccc(cc1)C#C,O=Cc1ccc(C=O)cc1,1
OC(=O)c1cc(cc(c1)N(=O)=O)N(=O)=O,OC(=O)c1cccnc1,1
OC(=O)COc1ccc(OCC(O)=O)cc1,S(Sc1ccncc1)c1ccncc1,1
c1ccc(nc1)c1ccccn1,OC(=O)C1CC(C(C1C(O)=O)C(O)=O)C(O)=O,1
c1cc(ccn1)c1ccncc1,OC(=O)c1cncc(c1)C(O)=O,1
CN1SC(=CC1=O)Cl,COC(=O)c1cc(O)c(O)c(O)c1,1
Fc1ccc(cc1)C(=O)Cc1cccc2N=NNc12,Fc1ccc(cc1)C(=O)Cc1cccc2NN=Nc12,1
O=C1C(CCCC1=Cc1ccncc1)=Cc1ccncc1,Oc1ccc(O)cc1,1
O=C1C(CCCC1=Cc1ccncc1)=Cc1ccncc1,OC(=O)c1cccc(c1)C(O)=O,1
COc1cc(C=CC(O)=CC(=O)C=Cc2ccc(O)c(OC)c2)ccc1O,Oc1cccc(O)c1,1
COc1cc(C=CC(O)=CC(=O)C=Cc2ccc(O)c(OC)c2)ccc1O,Oc1cccc(O)c1O,1
C(Sc1ccncc1)c1cc2ccccc2cc1CSc1ccncc1,CC(=CC=C(C)C(O)=O)C(O)=O,1
c1cc2cccc(c3ccncc3)c2c(c1)c1ccncc1,CC(=CC=C(C)C(O)=O)C(O)=O,1
c1cc2cccc(c3ccncc3)c2c(c1)c1ccncc1,CC(=CC1C(C=C(C)C(O)=O)C(C)(C(O)=O)C1(C)C(O)=O)C(O)=O,1
CN(C)C(=O)C=CC(=O)N(C)C,S=C1NCc2ccc(CNC(=S)c3cccc(n3)C(=S)NCc3ccc(CNC(=S)c4cccc1n4)cc3)cc2,1
CN(C)C(=O)CCC(=O)N(C)C,S=C1NCc2ccc(CNC(=S)c3cccc(n3)C(=S)NCc3ccc(CNC(=S)c4cccc1n4)cc3)cc2,1
c1ccc2c(c1)cnc1ccccc21,OC(=O)C=CC(O)=O,1
c1ccc2c(c1)cnc1ccccc21,OC(=O)c1cccc(c1)C(O)=O,1
Fc1cc(F)cc(c1)C#CI,O1C=CC=C1C1=CC=C(S1)c1ccncc1,1
IC#Cc1cc(cc(c1)N(=O)=O)N(=O)=O,S1C=CC=C1C1=CC=C(S1)c1ccncc1,1
c1ccc2N3N=NC=C3C=Cc2c1,Fc1c(F)c(F)c(I)c(F)c1F,1
c1ccc2N3N=NC=C3C=Cc2c1,Fc1c(F)c(I)c(F)c(F)c1I,1
c1ccc2N3N=NC=C3C=Cc2c1,OC(=O)CCCCC(O)=O,1
c1ccc2N3N=NC=C3C=Cc2c1,OC(=O)CCCC(O)=O,1
C1=CN2N=NC=C2C=C1,Fc1c(I)c(F)c(I)c(F)c1I,1
C1=CN2N=NC=C2C=C1,Fc1c(F)c(F)c(I)c(I)c1F,1
C1CN2CN3CN1CN(C2)C3,Oc1ccc(Cl)cc1,1
C1CN2CN3CN1CN(C2)C3,Cc1cc(O)cc(C)c1Cl,1
c1ccc2cnccc2c1,OC(=O)CCSC1=CC(=O)C(=O)c2ccccc12,1
Cc1ccncc1,OC(=O)c1ccccc1SSc1ccccc1C(O)=O,1
c1ccc2cnccc2c1,OC(=O)c1ccccc1SSc1ccccc1C(O)=O,1
CC(=NO)C(C)=NO,Cc1nc2ccc(cc2nc1C)C(=O)c1ccccc1,1
O=C(Nc1ccccc1)Nc1cccc2ncccc12,OC(=O)CCCCC(O)=O,1
Nc1cccc2cccnc12,OC(=O)c1cc(O)c(O)c(O)c1,1
O=C1NC=Nc2ccccc12,OC(=O)c1ccc(cc1)C(O)=O,1
c1cnc2c(c1)ccc1cccnc21,CC1=C(SCC(O)=O)C(=O)c2ccccc2C1=O,1
CN1C=NC2=C1C(=O)N(C)C(=O)N2C,OC(=O)CN1C(=O)c2ccccc2C1=O,1
c1ccc2cnccc2c1,OC(=O)C1CCCCC1C(O)=O,1
OC(=O)C(O)=O,S1C=Nc2ccccc12,1
O=C([O-])C[NH+]1CCCCC1,Oc1ccc(cc1N(=O)=O)N(=O)=O,1
c1ccc(nc1)c1ccccn1,O=C1CN(N=CC2=CC=C(O2)N(=O)=O)C(=O)N1,1
c1cnc2c(c1)ccc1cccnc21,O=C1CN(N=CC2=CC=C(O2)N(=O)=O)C(=O)N1,1
c1cc(ccn1)c1ccncc1,OC(=O)C=CC1=CSC=C1,1
BrCCCCCCBr,NC(N)=O,1
CN1C(Sc2ccccc12)=NN=C1Sc2cc3SC(=NN)N(C)c3cc2N1C,O=N(=O)c1ccccc1,1
Nc1ccc(cc1)S(=O)(=O)N=C1NC=CS1,O=CN1CCCCC1,1
Fc1c(F)c(Br)c(F)c(F)c1Br,O1C(=CN=C1c1ccccc1)c1ccccc1,1
O1C(=CN=C1c1ccccc1)c1ccccc1,OC1=C(Cl)C(=O)C(=C(Cl)C1=O)O,1
O1C(=CN=C1c1ccccc1)c1ccccc1,OC(=O)c1c(F)c(F)c(C(O)=O)c(F)c1F,1
O1C(=CN=C1c1ccccc1)c1ccccc1,Oc1ccc(O)cc1,1
Fc1c(F)c(c(F)c(F)c1Br)c1c(F)c(F)c(Br)c(F)c1F,O1C(=CN=C1c1ccccc1)c1ccccc1,1
[NH3+]CCCCC(N)C(=O)[O-],CC(C)(CO)C(O)C(=O)NCCC(O)=O,1
C[N+]1([O-])CCOCC1,OC1CCCCC1O,1
C1CCOc2ccc(CCCc3cccc(n3)c3cccc(CCCc4ccc(OC1)cc4)n3)cc2,CC(C)(C)c1cc(cc(c1)C(C)(C)C)C1=CN(CP(=O)(c2ccccc2)c2ccccc2)N=N1,1
CC(C)(OO)OO,O=P(C1CCCCC1)(C1CCCCC1)C1CCCCC1,1
N#Cc1ccc(cc1)c1ccc(cc1)C#N,NC(N)=O,1
NC(N)=O,O=N(=O)c1ccc(cc1)c1ccc(cc1)N(=O)=O,1
CCCCCCC(NS(=O)(=O)c1ccc(C)cc1)C1=CN=C(N1)c1ccccc1,CCCCCCC(NS(=O)(=O)c1ccc(C)cc1)C1=CNC(=N1)c1ccccc1,1
CC(C)C1=CC(=O)N(N1)c1ccccc1,CC(C)C1=NN(C(=C1)O)c1ccccc1,1
N#CC(C#N)=C1C=CC(C=C1)=C(C#N)C#N,S1c2ccccc2c2ccccc12,1
COc1cc2N3C4C5C(CC3=O)OCC=C3CN6CCC4(C6CC53)c2cc1OC,OC(C#C)(c1ccccc1)c1ccccc1Br,1
c1cc(ccn1)C=Cc1ccncc1,Nc1ccccc1C(O)=O,1
CCOP(=O)(OCC)C(C)=C(C=Cc1ccc(cc1)N(=O)=O)C(F)(F)F,O=N(=O)c1ccc(cc1)N(=O)=O,1
O=C1C=CC(=O)C=C1,Oc1ccc2ccccc2c1c1c(O)ccc2ccccc12,1
C1COCCOCCOCCOCCOCCO1,Nc1ccc(cc1N(=O)=O)N(=O)=O,1
Clc1ccc(cc1)C1CC(=NN1C1=NC(=C(S1)[C-]1C=CC=C1)[n+]1cnccn1)c1ccc(Cl)cc1,Clc1ccc(cc1)C1CC(=NN1C1=NC(=C(S1)N1C=NC=N1)c1ccccc1)c1ccc(Cl)cc1,1
C[N+]1(CCCCC1)CC(=O)[O-],Oc1ccc(cc1N(=O)=O)N(=O)=O,1
N#CC(C#N)=C1C=CC(C=C1)=C(C#N)C#N,S1C(Sc2ccccc12)=C1Sc2ccccc2S1,1
Nc1ccc(cc1)N(=O)=O,O=C1C=CC(=O)C=C1,1
C1COCCOCCOCCOCCOCCO1,NC(=S)NNC(=O)c1ccccc1N,1
C1COCCOCCOCCOCCOCCO1,NC(=S)NNC(=O)C1=NSN=C1N,1
CCC1(C(=O)NC(=O)NC1=O)c1ccccc1,CCN1C(=Nc2c(N)ncnc12)Br,1
CCC1(CC)C(=O)NC(=O)NC1=O,Nc1ccccn1,1
CCC1(CC)C(=O)NC(=O)NC1=O,NC(N)=O,1
CCC1(CC)C(=O)NC(=O)NC1=O,CN(C)P(=O)(N(C)C)N(C)C,1
CCC1(CC)C(=O)NC(=O)NC1=O,N1C=CN=C1,1
CCC1(CC)C(=O)NC(=O)NC1=O,CN1C=CN=C1,1
CCC1(CC)C(=O)NC(=O)NC1=O,CN1C=CC=CC1=O,1
NC1=Nc2ccc(Br)cc2S1,OC(=O)c1ccc(cc1)N(=O)=O,1
NC1=Nc2ccc(Br)cc2S1,OC(=O)c1ccc(cc1)C(O)=O,1
NC1=Nc2ccc(Br)cc2S1,OC(=O)C=CC(O)=O,1
Cc1ccc2ccccc2n1,OC(=O)C=CC(O)=O,1
CCc1cccnc1,OC(=O)c1ccc(cc1)N(=O)=O,1
CCC1CCCCN1,OC(C(=O)Nc1ccc(NC(=O)C(O)c2ccccc2)cc1)c1ccccc1,1
OC12OC3CC1C(C3Br)C2(Cl)Cl,OC1CC2C(C1Br)C(Cl)(Cl)C2=O,1
CN1C(=O)CN=C(c2ccccc2)c2cc(Br)ccc12,OC(O)C(Cl)(Cl)Cl,1
BrC1=CC(C=C(Br)C1=O)=C1C=C(Br)C(=O)C(=C1)Br,c1cc2ccc3cccc4ccc(c1)c2c34,1
c1cc2ccc3cccc4ccc(c1)c2c34,ClC1=CC(C=C(Cl)C1=O)=C1C=C(Cl)C(=O)C(=C1)Cl,1
CC(=O)C(C)=O,COc1cc(C=Cc2cc(C=Cc3cc(OC)c(OC)c(OC)c3)cc(C=Cc3cc(OC)c(OC)c(OC)c3)c2)cc(OC)c1OC,1
Cc1ccc(cc1)S(=O)(=O)NC(CCC(O)=O)C(O)=O,NC1=NC(=O)NC=C1Br,1
c1ccc2nc3ccccc3nc2c1,O=C1OC(=O)c2cc3C(=O)OC(=O)c3cc12,1
N#Cc1cc(C#N)c(cc1C#N)C#N,O=C(C=Cc1ccc2ccc3cccc4ccc1c2c34)c1ccccc1,1
COc1cc(ccc1O)C(O)=O,N#Cc1cc(C#N)c(cc1C#N)C#N,1
COc1ccc(cc1)C(=O)C=Cc1ccc2ccc3cccc4ccc1c2c34,N#Cc1cc(C#N)c(cc1C#N)C#N,1
C1COCCOCCOCCOCCOCCO1,Nc1ccc(cc1N)N(=O)=O,1
CC(C)=NNC(=O)c1cccnc1,OC(=O)c1ccc(O)cc1O,1
O=C1[N+](=C(N(c2ccccc2)C(=C1c1ccccc1)[O-])c1ccccc1)c1ccccc1,O=C1N(c2ccccc2)C(=[N+](c2ccccc2)C(=C1c1ccccc1)[O-])c1ccccc1,1
c1cc2ccc3cccc4ccc(c1)c2c34,CCOC1=C(OCC)C(=O)C(C1=O)=C(C#N)C#N,1
CC(CCC(N)=O)C1CCC2C3CCC4CC(O)CCC4(C)C3CCC12C,CCC(O)CC,1
CC,CC(CCC1CC1(C)C)C1CCC2(C)C3CCC4C(C)(C)C(O)CCC4(C)C3=CCC12C,1
CC1=CC(=CC(=O)O1)OCc1cccc(Cl)c1,O=C1NC(=O)C=C1,1
C1COCCOCCOCCOCCOCCO1,NC(=O)Oc1ccccc1,1
C(C=Cc1ccncc1)=Cc1ccncc1,COc1cc(O)cc(O)c1,1
C(=CC=Cc1ccncc1)C=Cc1ccncc1,COc1cc(O)cc(O)c1,1
CCOC(=O)C1=C(C)NC(=C(C1c1cccc(Cl)c1Cl)C(=O)OC)C,N1C=CN=C1,1
CC(=O)C1=C(O)C=C2Oc3c(c(O)c(C)c(O)c3C2(C)C1=O)C1=CSC(=N1)c1ccccc1,CC(O)=C1C(=O)C=C2Oc3c(c(O)c(C)c(O)c3C2(C)C1=O)C1=CSC(=N1)c1ccccc1,1
c1cc(ccn1)c1ccc(cc1)C(c1ccc(cc1)c1ccncc1)=C(c1ccc(cc1)c1ccncc1)c1ccc(cc1)c1ccncc1,Fc1c(F)c(I)c(F)c(F)c1I,1
CC1=C(Sc2ccccc2N1)C(=O)c1ccccc1,CC1=Nc2ccccc2S1,1
BrC(Br)=C(Br)Br,c1cnccn1,1
c1cc(ccn1)c1ccncc1,OC(=O)c1cc(O)cc(O)c1,1
O=P(c1ccccc1)(c1ccccc1)c1ccccc1,Oc1ccc(cc1)C(c1ccccc1)(c1ccccc1)c1ccccc1,1
C1COCCOCCOCCO1,CC(C)=NNC(N)=S,1
C[N+]1=C(C=C(C#N)c2ccc(cc2)[C-](C#N)C#N)C(C)(C)c2ccccc12,N#CC(C#N)=C1C=CC(C=C1)=C(C#N)C#N,1
[NH3+]C(CC(C)C)C(=O)[O-],[NH3+]C(CC)C(=O)[O-],1
[NH3+]C(CC(C)C)C(=O)[O-],[NH3+]C(CCC)C(=O)[O-],1
[NH3+]C(CC(C)C)C(=O)[O-],[NH3+]C(CCSC)C(=O)[O-],1
[NH3+]C(C(C)C)C(=O)[O-],[NH3+]C(CC(C)C)C(=O)[O-],1
[NH3+]C(C(C)C)C(=O)[O-],[NH3+]C(CC)C(=O)[O-],1
[NH3+]C(C(C)C)C(=O)[O-],[NH3+]C(CCC)C(=O)[O-],1
[NH3+]C(C(C)C)C(=O)[O-],[NH3+]C(CCSC)C(=O)[O-],1
C,OC(=O)C12CCCC(C1)(C(O)=O)C(O2)(C1CC1)C1CC1,1
CN(C)c1ncnc2NC=Nc12,IC(I)=C(I)I,1
CN([O-])C(=[NH+]c1c(C)cccc1C)c1ccccc1,CN(O)C(=Nc1c(C)cccc1C)c1ccccc1,1
C1CCC2=C(C1)SC(S2)=C1SC2=C(CCCC2)S1,N#CC(C#N)=C1C=CC(C=C1)=C(C#N)C#N,1
COC(=O)c1cc2OCc3cc4COc5c(OCc4cc3COc2cc1C(=O)OC)c1ccccc1c1ccccc51,N#Cc1cc(C#N)c(cc1C#N)C#N,1
COC(=O)c1ccc2OCc3cc4COc5c(OCc4cc3COc2c1)c1ccccc1c1ccccc51,N#CC(C#N)=C1C=CC(C=C1)=C(C#N)C#N,1
c1cncc(c1)C=Cc1ccncc1,NC(N)=S,1
Nc1ccc(cc1)S(=O)(=O)N=C1NC=CC=C1,Nc1ccc(cc1)S(=O)(=O)Nc1ccccn1,1
[C],CN1C2CCCC1CC(C2)OC(=O)NC1=Nc2ccccc2N1,1
c1ccc(cc1)C#Cc1ccc(cc1)C#Cc1ccccc1,Fc1c(F)c(F)c(C#Cc2c(F)c(F)c(C#Cc3c(F)c(F)c(F)c(F)c3F)c(F)c2F)c(F)c1F,1
BrC1=CN2CC3CC(CN4CCCCC34)C2CC1=O,O=C1CCC(=O)N1,1
[NH3+]C(C)C(=O)[O-],CC(Oc1ccccc1)C(O)=O,1
CC1(C)CC(C)(c2ccc(O)cc2)c2ccccc2O1,CC1(C)CC(C)(c2ccc(O)cc2)c2ccccc2S1,1
CCOC(=O)C1=C(C)NC(=C(C1c1cccc(Cl)c1Cl)C(=O)OC)C,CN(C)C(=O)N(C)C,1
c1cc(ccn1)C=Cc1ccncc1,CN(c1cccc(c1)C(O)=O)C(=O)N(C)c1cccc(c1)C(O)=O,1
c1cc(ccn1)c1ccc(cc1)c1ccncc1,CN(c1cccc(c1)C(O)=O)C(=O)N(C)c1cccc(c1)C(O)=O,1
c1cc(ccn1)c1ccc2cc3cc(ccc3cc2c1)c1ccncc1,CN(c1cccc(c1)C(O)=O)C(=O)N(C)c1cccc(c1)C(O)=O,1
CN1C=Nc2c(N)ncnc12,O=C1CNC(=S)N1,1
CCC1(CC)C(=O)NC(=O)NC1=O,COc1cc(Cc2cnc(N)nc2N)cc(OC)c1OC,1
c1cc(ccn1)c1ccncc1,OC(=O)C1=CC=C(S1)C(O)=O,1
ClC1CCCCC1,OC(C1OC2(CCCCC2)OC1C(O)(c1ccc(F)cc1)c1ccc(F)cc1)(c1ccc(F)cc1)c1ccc(F)cc1,1
BrC1CCCCC1,OC(C1OC2(CCCCC2)OC1C(O)(c1ccc(F)cc1)c1ccc(F)cc1)(c1ccc(F)cc1)c1ccc(F)cc1,1
CC1=NN(C(=C1)C)c1c(N2C=CC=N2)c(N2N=C(C)C=C2C)c(N2N=C(C)C=C2C)c(N2C=CC=N2)c1N1N=C(C)C=C1C,CCCCC(O)=O,1
CC1=NN(C(=C1)C)c1c(N2C=CC=N2)c(N2N=C(C)C=C2C)c(N2N=C(C)C=C2C)c(N2C=CC=N2)c1N1N=C(C)C=C1C,CCC(C)C(O)=O,1
FC1=CNC(=O)NC1=O,OCC(F)(F)F,1
C1=[S]C([S]=C1)=C1[S]=CC=[S]1,COC(=O)C(C#N)C(C#N)C(=O)OC,1
CN1C(=O)NC=CC1=O,OC1=NNC(=O)C=C1,1
C1N2CN3CN1CN(C2)C3,Oc1cccc(O)c1O,1
C1CCNCC1,OC(C(O)C(O)(c1ccccc1)c1ccccc1)C(O)(c1ccccc1)c1ccccc1,1
Nc1ccc(cc1)S(=O)(=O)c1ccc(N)cc1,OC(=O)c1cc(cc(c1)N(=O)=O)C(O)=O,1
O=N(=O)c1ccc(cc1)N(=O)=O,S1C=CSC1=C1SC=CS1,1
CCOC(=O)CC1(C)C(CCCC21OCCS2)=Cc1ccccc1,Oc1ccc(O)cc1,1
Cc1cc2N=CN(Cc3ccc(Br)cc3)c2cc1C,IC#Cc1ccc(I)cc1,1
c1ccc(cc1)c1ccncc1,IC#Cc1ccc(I)cc1,1
C(N1C=Nc2ccccc12)c1ccc(CN2C=Nc3ccccc23)cc1,IC#Cc1ccc(I)cc1,1
c1cc2ccc3cccc4ccc(c1)c2c34,N#CC(C#N)=C1C=CC(C=C1)=C(C#N)C#N,1
FC1=CC(C(=CC1=C(C#N)C#N)F)=C(C#N)C#N,S1C(Sc2ccccc12)=C1Sc2ccccc2S1,1
C1COCCOCCNCCOCCOCCN1,NC(N)=S,1
c1cc(ccn1)C=Cc1ccncc1,Oc1ccc(cc1)C(=O)c1ccc(O)cc1,1
c1ccc2nc3ccccc3cc2c1,O=C1OC(=O)c2cc3C(=O)OC(=O)c3cc12,1
NC(=O)N1c2ccccc2C=Cc2ccccc12,Nc1nc(N)nc(n1)c1ccccc1,1
CN(C)C1=C(C)N(C)N(c2ccccc2)C1=O,NC(N)=S,1
N1c2ccccc2Sc2ccccc12,O=C1OC(=O)c2cc3C(=O)OC(=O)c3cc12,1
CNC(=O)c1ccccc1,Fc1c(F)c(I)c(F)c(F)c1I,1
OC(=O)c1cccc(Cl)c1,OC(=O)c1ccccc1SSc1ccccc1C(O)=O,1
Brc1ccc2ccc3cccnc3c2n1,Fc1c(F)c(I)c(F)c(F)c1I,1
CC1(C)CN=C(N1)C(F)(F)F,CC1(C)CNC(=N1)C(F)(F)F,1
CN1C(=C([O-])c2ccccc2S1(=O)=O)C(=O)Nc1[nH+]cccc1,CN1C(=C(O)c2ccccc2S1(=O)=O)C(=O)Nc1ccccn1,1
NNC(=O)c1ccncc1,OC(=O)c1ccccc1SSc1ccccc1C(O)=O,1
COc1ccc(C(O)=O)c(O)c1,OC(=O)C(Cl)Cl,1
COc1nc(OC)c(nc1N(=O)=O)N(=O)=O,O=N(=O)N1C2C3N(C1C1N(C(C(N3N(=O)=O)N1N(=O)=O)N2N(=O)=O)N(=O)=O)N(=O)=O,1
O=C1C=CC(=O)C=C1,Oc1ccc(Br)cc1,1
O=C1C=CC(=O)C=C1,Oc1ccc(Cl)cc1,1
c1cc2nc(c1)c1ccc(cc1)c1ccc(cc1)c1ccc(cc1)c1ccc(cc1)c1ccc2cc1,CC(C)(C)c1cc(OCC#CC#CCOc2cc(cc(c2)C(C)(C)C)C(C)(C)C)cc(c1)C(C)(C)C,1
NC(=O)c1cccnc1,OC(C(O)=O)c1ccccc1,1
C1COCCOCCOCCOCCOCCO1,NC(P)=O,1
NC(N)=O,Oc1cccc(O)c1,1
CC(=O)Nc1ccc(O)cc1,Oc1c(cc(cc1N(=O)=O)N(=O)=O)N(=O)=O,1
CC(C)c1ccc(cc1)N1C(=O)NC(=O)N(C1=O)c1ccc(cc1)C(C)C,CCCCN(CCCC)c1nc(N)nc(Nc2ccc(cc2)C(C)(C)C)n1,1
COc1ccc(C=CC(O)=O)cc1OC,OC(=O)C=Cc1ccc(cc1N(=O)=O)N(=O)=O,1
Cc1ccc(c(O)c1)C(=O)NNC(=O)c1ccc(C)cc1O,CCC(=O)NNC(=O)c1ccc(C)cc1O,1
CC(C)(C)[NH+]=C1C=C(C=C([C]1[O-])C(C)(C)C)C(C)(C)C,CC(C)(C)Nc1cc(cc(c1O)C(C)(C)C)C(C)(C)C,1
C(CNC1(c2ccccc2)c2ccccc2Sc2ccccc12)NC1(c2ccccc2)c2ccccc2Sc2ccccc12,COc1ccccc1,1
C(CNC1(c2ccccc2)c2ccccc2Sc2ccccc12)NC1(c2ccccc2)c2ccccc2Sc2ccccc12,COc1cccc(C)c1,1
C1COCCOCCOCCOCCOCCO1,Nc1cccc(c1)N(=O)=O,1
c1cc(ccn1)c1ccncc1,NS(=O)(=O)c1cc(C(O)=O)c(NCC2=CC=CO2)cc1Cl,1
CCc1c(CN2C=C(C=N2)c2ccccc2)c(CC)c(CN2C=C(C=N2)c2ccccc2)c(CC)c1CN1C=C(C=N1)c1ccccc1,Oc1c(cc(cc1N(=O)=O)N(=O)=O)N(=O)=O,1
NC1CCCCC1,OC(C1CC2c3ccccc3C1c1ccccc21)(c1ccc(Cl)cc1)c1ccc(Cl)cc1,1
NNC(=O)c1ccncc1,OC(=O)c1cccc(O)c1O,1
NNC(=O)c1ccncc1,OC(=O)c1cc(O)cc(O)c1,1
NNC(=O)c1ccncc1,OC(=O)c1cccc(O)c1,1
c1cc(ccn1)c1ccncc1,OC(=O)c1ccccc1c1ccccc1C(O)=O,1
NC1=NN=C(S1)c1ccc(Br)cc1,OC(=O)c1ccc(cc1)N(=O)=O,1
O=C(N1CCC(CCCC2CCN(CC2)C(=O)c2ccncc2)CC1)c1ccncc1,OC(=O)c1cccc(c1)C(O)=O,1
FC(F)(I)C(F)(F)C(F)(F)C(F)(F)C(F)(F)C(F)(F)I,O=C(NCCCCCCCCNC(=O)c1cccnc1)c1cccnc1,1
FC(F)(I)C(F)(F)I,O=C(NCCCCCCNC(=O)c1cccnc1)c1cccnc1,1
FC(F)(I)C(F)(F)C(F)(F)C(F)(F)C(F)(F)C(F)(F)I,O=C(NCCCCCCNC(=O)c1cccnc1)c1cccnc1,1
FC(F)(I)C(F)(F)C(F)(F)C(F)(F)C(F)(F)C(F)(F)C(F)(F)C(F)(F)I,O=C(NCCCCCCNC(=O)c1cccnc1)c1cccnc1,1
FC(F)(I)C(F)(F)I,O=C(NCCCCNC(=O)c1cccnc1)c1cccnc1,1
FC(F)(I)C(F)(F)C(F)(F)C(F)(F)I,O=C(NCCCCNC(=O)c1cccnc1)c1cccnc1,1
FC(F)(I)C(F)(F)C(F)(F)C(F)(F)C(F)(F)C(F)(F)I,O=C(NCCCCNC(=O)c1cccnc1)c1cccnc1,1
FC(F)(I)C(F)(F)C(F)(F)C(F)(F)C(F)(F)C(F)(F)C(F)(F)C(F)(F)I,O=C(NCCCCNC(=O)c1cccnc1)c1cccnc1,1
FC(F)(I)C(F)(F)C(F)(F)C(F)(F)I,O=C(NCCNC(=O)c1cccnc1)c1cccnc1,1
FC(F)(I)C(F)(F)C(F)(F)C(F)(F)C(F)(F)C(F)(F)I,O=C(NCCNC(=O)c1cccnc1)c1cccnc1,1
FC(F)(I)C(F)(F)C(F)(F)C(F)(F)C(F)(F)C(F)(F)C(F)(F)C(F)(F)I,O=C(NCCNC(=O)c1cccnc1)c1cccnc1,1
Cc1nc2ccccc2nc1C,OC(=O)c1cc(cc(c1)N(=O)=O)N(=O)=O,1
FC(F)(I)C(F)(F)I,O=C(NCCCCCCCCNC(=O)c1cccnc1)c1cccnc1,1
FC(F)(I)C(F)(F)C(F)(F)C(F)(F)I,O=C(NCCCCCCCCNC(=O)c1cccnc1)c1cccnc1,1
C1Cc2cc3cccnc3c3c4ncccc4cc1c23,Oc1ccccc1,1
C1N2CN3CN1CN(C2)C3,Oc1ccccc1c1ccccc1O,1
c1cc(ccn1)c1ccncc1,Oc1ccc(Sc2ccc(O)cc2)cc1,1
c1cnccn1,OC1=C(Cl)C(=O)C(=C(Cl)C1=O)O,1
Cc1cc(C)nc(N)n1,OC(=O)CSCc1ccc(CSCC(O)=O)cc1,1
N#Cc1nc(C#N)c(nc1C#N)C#N,S1C=CSC1=C1SC=CS1,1
c1ccc2c(c1)c1ccccc21,N#Cc1nc(C#N)c(nc1C#N)C#N,1
c1cc2ccc3cccc4ccc(c1)c2c34,N#Cc1nc(C#N)c(nc1C#N)C#N,1
O=C1N(c2ccncc2)C(=O)c2ccc3C(=O)N(c4ccncc4)C(=O)c4ccc1c2c34,Oc1cccc2c(O)cccc12,1
O=C1N(c2ccncc2)C(=O)c2ccc3C(=O)N(c4ccncc4)C(=O)c4ccc1c2c34,Oc1ccc2cc(O)ccc2c1,1
O=C1N(Cc2ccncc2)C(=O)c2cc3C(=O)N(Cc4ccncc4)C(=O)c3cc12,Oc1ccc2cc(O)ccc2c1,1
O=C1N(Cc2ccccn2)C(=O)c2cc3C(=O)N(Cc4ccccn4)C(=O)c3cc12,Oc1cccc2c(O)cccc12,1
O=C1N(Cc2ccccn2)C(=O)c2cc3C(=O)N(Cc4ccccn4)C(=O)c3cc12,Oc1ccc2cc(O)ccc2c1,1
CC(C)CNC(=O)NC(=O)c1ccc(cc1)N(=O)=O,CN(C)c1ccc(NC(=O)NC(=O)Cc2ccccc2)cc1,1
c1cc(ccn1)C=Cc1ccncc1,OC(=O)c1cccc(F)c1,1
c1cc(ccn1)C=Cc1ccncc1,OC(=O)c1ccc(F)cc1,1
c1cc(ccn1)C=Cc1ccncc1,OC(=O)c1cccc(F)c1F,1
C(Cc1ccncc1)c1ccncc1,OC(=O)c1cccc(F)c1F,1
c1cc(ccn1)C=Cc1ccncc1,OC(=O)c1ccc(F)cc1F,1
C(Cc1ccncc1)c1ccncc1,OC(=O)c1ccc(F)cc1F,1
c1cc(ccn1)C=Cc1ccncc1,OC(=O)c1cc(F)cc(F)c1,1
c1cc(ccn1)C=Cc1ccncc1,OC(=O)c1ccc(F)c(F)c1F,1
C(Cc1ccncc1)c1ccncc1,OC(=O)c1ccc(F)c(F)c1F,1
c1cc(ccn1)C=Cc1ccncc1,OC(=O)c1cc(F)c(F)cc1F,1
C(Cc1ccncc1)c1ccncc1,OC(=O)c1cc(F)c(F)cc1F,1
c1cc(ccn1)C=Cc1ccncc1,OC(=O)c1cc(F)ccc1F,1
c1cc(ccn1)C=Cc1ccncc1,OC(=O)c1c(F)cccc1F,1
c1cc(ccn1)C=Cc1ccncc1,OC(=O)c1ccc(F)c(F)c1,1
C(Cc1ccncc1)c1ccncc1,OC(=O)c1ccc(F)c(F)c1,1
COc1ccc(cc1)C1=NN(C(C1)c1c2ccccc2cc2ccccc12)C(C)=O,N#CC(C#N)=C1C=CC(C=C1)=C(C#N)C#N,1
c1cc(ccn1)C=Cc1ccncc1,OC(=O)c1c(F)cc(F)cc1F,1
c1cc(ccn1)C=Cc1ccncc1,OC(=O)c1cc(F)c(F)c(F)c1,1
C(Cc1ccncc1)c1ccncc1,OC(=O)c1cc(F)c(F)c(F)c1,1
C[N+]1(CC[N+](C)(CC1)CC(=O)[O-])CC(=O)[O-],OC(C(O)C(O)=O)C(O)=O,1
c1cc(ccn1)C=Cc1ccncc1,OC(=O)c1ccccc1F,1
C1=[S]C([S]=C1)=C1[S]=CC=[S]1,FC1=C(F)C(C(=C(F)C1=C(C#N)C#N)F)=C(C#N)C#N,1
IC1=CN=C(I)N1,IC1=CN=CN1,1
[O-][N+]1=C2C(=NO1)C1=[N+]([O-])ON=C1C1=[N+]([O-])ON=C21,C1CC2=CC=C(CCC3=CC=C1S3)S2,1
O=C(N(N=C1C(=O)c2ccccc2C1=O)c1ccccc1)c1ccccc1,O=C1c2ccccc2C(=O)C1=NNc1ccccc1,1
c1ccc(cc1)c1ccccc1,Fc1c(F)c(F)c(c(F)c1F)c1c(F)c(F)c(F)c(F)c1F,1
CCOP(=O)(OCC)OCC,O1N=C2C(=N1)C1=NON=C1C1=NON=C21,1
CC(=O)OC(C)(C)C,CC1(C)CC#CCNC(=O)C(C)(C)CC#CCNC(=O)C(C)(C)CC#CCNC1=O,1
C1CCNC1,OC(C1=CC=CS1)(C1=CC=CS1)c1ccc(cc1)C(O)(C1=CC=CS1)C1=CC=CS1,1
CN1C=CC(=NC1=O)N,NC1=NC2=C(N=CN2CCC(O)=O)C(=O)N1,1
Nc1ccc(cc1)N(=O)=O,Oc1c(cc(cc1N(=O)=O)N(=O)=O)N(=O)=O,1
CC(C)CCNC(=O)NC(=O)c1ccc(cc1)N(=O)=O,CN(C)c1ccc(NC(=O)NC(=O)CCc2ccccc2)cc1,1
c1ccc(cc1)c1ccccc1,N#Cc1cc(C#N)c(cc1C#N)C#N,1
c1cc(ccn1)C=Cc1ccncc1,N#CC(C#N)=C1C=CC(C=C1)=C(C#N)C#N,1
C(Cc1ccncc1)c1ccncc1,CC1c2cc(C(C)c3cc(C(C)c4cc(C(C)c5cc1c(O)cc5O)c(O)cc4O)c(O)cc3O)c(O)cc2O,1
O=C(Nc1cccc(c1)C#N)Nc1cccc(c1)C#N,O=P(c1ccccc1)(c1ccccc1)c1ccccc1,1
c1cc(ccn1)N=Nc1ccncc1,OC(=O)c1ccccc1O,1
c1cc(ccn1)N=Nc1ccncc1,NC(=O)c1cc(cc(c1)N(=O)=O)N(=O)=O,1
c1cc(ccn1)N=Nc1ccncc1,Ic1ccc(I)cc1,1
c1cc(ccn1)N=Nc1ccncc1,Fc1c(F)c(I)c(F)c(F)c1I,1
c1cc(ccn1)C=Cc1ccncc1,OC(=O)c1ccccc1O,1
c1cc(ccn1)C=Cc1ccncc1,FC(F)(I)C(F)(F)C(F)(F)C(F)(F)C(F)(F)C(F)(F)I,1
c1cc(ccn1)N=Nc1ccncc1,Oc1cccc(O)c1,1
c1cc(ccn1)N=Nc1ccncc1,O=C1NC(=O)NC(=O)N1,1
c1cc(ccn1)N=Nc1ccncc1,OC(=O)c1cc(cc(c1)N(=O)=O)N(=O)=O,1
N#Cc1ccncc1,OC(=O)c1ccc(Br)cc1,1
N#Cc1ccncc1,Oc1c(F)c(F)c(Br)c(F)c1F,1
C1COCCOCCOCCOCCOCCO1,COS(=O)(=O)OC,1
C1CCN2CC3CC(CN4CCCCC34)C2C1,OC(C#C)(c1ccccc1)c1ccccc1Br,1
CN(C)c1ccncc1,ON=Cc1c(F)c(F)c(I)c(F)c1F,1
Cc1nc(C)c(C)nc1C,Oc1c(F)c(F)c(Br)c(F)c1F,1
Cc1nc(C)c(C)nc1C,ON=Cc1c(F)c(F)c(I)c(F)c1F,1
C(Cc1ccncc1)c1ccncc1,ON=Cc1c(F)c(F)c(I)c(F)c1F,1
Cc1nc(C)c(C)nc1C,OC(=O)c1c(F)c(F)c(I)c(F)c1F,1
c1cc(ccn1)c1ccncc1,OC(=O)c1c(F)c(F)c(I)c(F)c1F,1
C(Cc1ccncc1)c1ccncc1,OC(=O)c1ccc(Br)cc1,1
c1cc(ccn1)c1ccncc1,OC(=O)c1ccc(Br)cc1,1
c1cc(ccn1)C=Cc1ccncc1,ON=Cc1c(F)c(F)c(Br)c(F)c1F,1
c1cc(ccn1)c1ccncc1,Oc1c(F)c(F)c(Br)c(F)c1F,1
C(Cc1ccncc1)c1ccncc1,Oc1c(F)c(F)c(Br)c(F)c1F,1
N#Cc1ccncc1,Oc1c(F)c(F)c(I)c(F)c1F,1
c1ccc2nc3ccccc3nc2c1,N1c2ccccc2Sc2ccccc12,1
C1COCCOCCOCCOCCOCCO1,CNC(=S)NC,1
CCN1C(=Nc2c(N)ncnc12)Br,CN1C=C(Br)C(=O)NC1=O,1
CCN1C=Nc2cnc(N)nc12,CN1C=C(Br)C(=O)NC1=O,1
C[N+]#[C-],Oc1ccc(O)cc1,1
O1C=CC=C1,OC(C#CC#CC(O)(c1ccccc1)c1ccccc1)(c1ccccc1)c1ccccc1,1
NC1=CC2=Nc3ccccc3OC2=CC1=O,Oc1c(Cl)c(Cl)c(O)c(Cl)c1Cl,1
CC1=CC=C(O1)C1(O)C(=O)OC2C(O)COC12O,O=C1CCC(=O)O1,1
c1ccc2c(c1)ccc1cc3c(ccc4ccccc34)cc21,O=C1OC(=O)c2ccc3C(=O)OC(=O)c4ccc1c2c34,1
c1ccc2c(c1)ccc1cc3c(ccc4ccccc34)cc21,O=C1OC(=O)c2cc3C(=O)OC(=O)c3cc12,1
c1ccc2cc3c(ccc4ccccc34)cc2c1,O=C1OC(=O)c2cc3C(=O)OC(=O)c3cc12,1
c1ccc2c(c1)ccc1ccc3ccccc3c21,ClC1=C(Cl)C(=O)C(=C(C#N)C1=O)C#N,1
N(c1ccccc1)c1ccccc1,O=C(c1ccccc1)c1ccccc1,1
O=C1C=CC(=O)C=C1,Oc1cccc(O)c1,1
c1ccc2c(c1)ccc1cccnc21,N#CC(C#N)=C1C=CC(C=C1)=C(C#N)C#N,1
N#CC(C#N)=C1C=CC(C=C1)=C(C#N)C#N,Nc1ccc(cc1)c1ccc(N)cc1,1
CC(C(O)=O)c1ccccc1,CC(C)(C)[P](=O)c1ccccc1,1
CC(C)(C)[P](=O)c1ccccc1,OC(C(O)=O)c1ccccc1,1
CC(C)(C)[P](=O)c1ccccc1,OC(C(O)=O)c1ccc(Cl)cc1,1
CC(C)(C)[P](=O)c1ccccc1,OCC(C(O)=O)c1ccccc1,1
NC(=O)c1ccncc1,OC(=O)c1cccc(F)c1,1
CCCCCCCCCOc1ccc(cc1)C1=NN=C(S1)c1ccncc1,Fc1c(I)c(F)c(I)c(F)c1I,1
CCCCCCCCCCOc1ccc(cc1)C1=NN=C(O1)c1ccncc1,Fc1c(I)c(F)c(I)c(F)c1I,1
CCCCCCCCCOc1ccc(cc1)C1=NN=C(O1)c1ccncc1,Fc1c(I)c(F)c(I)c(F)c1I,1
CCCCCCCCOc1ccc(cc1)C1=NN=C(O1)c1ccncc1,Fc1c(I)c(F)c(I)c(F)c1I,1
CCCCCCCOc1ccc(cc1)C1=NN=C(O1)c1ccncc1,Fc1c(I)c(F)c(I)c(F)c1I,1
CCCCCCOc1ccc(cc1)C1=NN=C(O1)c1ccncc1,Fc1c(I)c(F)c(I)c(F)c1I,1
CCC1(CC)C(=O)NC(=O)NC1=O,CN1C=NC2=C1C(=O)N(C)C(=O)N2C,1
CCCCCCCCOc1ccc(cc1)N=Nc1c(F)c(F)c(I)c(F)c1F,CCOc1ccc(cc1)C=Cc1ccncc1,1
CCCCCCCCCCCCOc1ccc(cc1)N=Nc1c(F)c(F)c(I)c(F)c1F,COc1ccc(cc1)C=Cc1ccncc1,1
CCCCCCCCCCOc1ccc(cc1)N=Nc1c(F)c(F)c(I)c(F)c1F,COc1ccc(cc1)C=Cc1ccncc1,1
CN1C=NC2=C1C(=O)N(C)C(=O)N2C,OC(=O)c1cc(Cl)ccc1O,1
OC(=O)c1cc(cc(c1)C(O)=O)C(O)=O,Oc1ccccc1,1
Cc1cccc(O)c1,OC(=O)c1cc(cc(c1)C(O)=O)C(O)=O,1
c1cc2cccc3c4cccc5cccc(c(c1)c23)c45,ClC1=C(Cl)C(=O)C(=C(Cl)C1=O)Cl,1
c1cc(ccn1)C#Cc1ccncc1,OC1=CC(=O)C(=CC1=O)O,1
c1ccc(nc1)C#Cc1ccccn1,OC1=C(Br)C(=O)C(=C(Br)C1=O)O,1
O=C(NCc1cccnc1)C(=O)NCc1cccnc1,OC(=O)CNC(=O)C(=O)NCC(O)=O,1
O=C(NCc1cccnc1)C(=O)NCc1cccnc1,OC(=O)CNC(=O)NCC(O)=O,1
O=C(NCc1cccnc1)NCc1cccnc1,OC(=O)CNC(=O)C(=O)NCC(O)=O,1
O=C(NCc1cccnc1)NCc1cccnc1,OC(=O)CNC(=O)NCC(O)=O,1
O=C(NCc1ccncc1)C(=O)NCc1ccncc1,OC(=O)CNC(=O)NCC(O)=O,1
O=C(NCc1ccncc1)NCc1ccncc1,OC(=O)CNC(=O)NCC(O)=O,1
CC1=NN=C2CN=C(c3ccccc3)c3cc(Cl)ccc3N12,Oc1c(Cl)cc(Cl)cc1Cl,1
CC1=NN=C2CN=C(c3ccccc3)c3cc(Cl)ccc3N12,Oc1ccc(O)cc1,1
CCCC1=CC(=O)NC(=S)N1,Nc1ncccn1,1
CC(=O)Nc1cccc(NC(C)=O)n1,CCCC1=CC(=O)NC(=S)N1,1
c1ccc2cnncc2c1,OC(=O)c1ccc(Cl)c(c1)N(=O)=O,1
C(C(C(Cc1ccncc1)c1ccncc1)c1ccncc1)c1ccncc1,Cc1c(Br)cccc1C(O)=O,1
ClC1=C(Cl)C(=O)C(=C(Cl)C1=O)Cl,Nc1cccc2c(N)cccc12,1
CC1CCCC(C)N1,OC1(C#CC2(O)c3ccccc3c3ccccc23)c2ccccc2c2ccccc12,1
CC1CCNCC1,OC1(C#CC2(O)c3ccccc3c3ccccc23)c2ccccc2c2ccccc12,1
CC1CCCC(C)N1,OC1(c2ccc(cc2)C2(O)c3ccccc3c3ccccc23)c2ccccc2c2ccccc12,1
C[N+]1(CCCCC1)CC(=O)[O-],OC1=C(O)C(=O)C1=O,1
O=C1CCCCCN1,Oc1ccc(Cl)c(O)c1,1
CC(=C)C(=O)OCCCCCCOc1ccc(cc1)C=Cc1ccncc1,FC(F)(I)C(F)(F)C(F)(F)C(F)(F)C(F)(F)C(F)(F)I,1
CC(=C)C(=O)OCCCCCCOc1ccc(cc1)C=Cc1ccncc1,Fc1c(F)c(I)c(F)c(F)c1I,1
N#CC(C#N)=C1C=CC(C=C1)=C(C#N)C#N,S1C=CC2=C1C1=C(S2)C=CS1,1
CSC1=Nc2cc(Cl)c(Oc3cccc(Cl)c3Cl)cc2N1,OC(=O)c1ccccc1O,1
CN1[N]C(=NN(C)C1=S)c1ccccn1,Oc1ccc(O)cc1,1
C1CCC2OCCOCCOC3CCCCC3OCCOCCOC2C1,S=C1NC=CC(=S)N1,1
ClC1=CNC(=O)NC1=O,Nc1ncnc2N(C=Nc12)C1OC(CO)C(O)C1O,1
FC1=CNC(=O)NC1=O,Nc1ncnc2N(C=Nc12)C1OC(CO)C(O)C1O,1
IC1=CNC(=O)NC1=O,Nc1ncnc2N(C=Nc12)C1OC(CO)C(O)C1O,1
NC1=NC(=CS1)c1ccccc1,Oc1ccc2ccccc2c1c1c(O)ccc2ccccc12,1
C(CCN1C=CN=C1)CN1C=CN=C1,Oc1ccc2ccccc2c1c1c(O)ccc2ccccc12,1
C(CN1C=Nc2ccccc12)CN1C=Nc2ccccc12,Oc1ccc2ccccc2c1c1c(O)ccc2ccccc12,1
C(CCN1C=Nc2ccccc12)CN1C=Nc2ccccc12,Oc1ccc2ccccc2c1c1c(O)ccc2ccccc12,1
Cc1cc(C)c2ccc(N)nc2n1,Oc1ccc2ccccc2c1c1c(O)ccc2ccccc12,1
c1ccc(nc1)c1nc(nc(n1)c1ccccn1)c1ccccn1,Nc1nc(N)nc(N)n1,1
c1cncnc1,OC1=C(Cl)C(=O)C(=C(Cl)C1=O)O,1
FC1=CNC(=O)NC1=O,OC(=O)C1=CC=C(Br)S1,1
CC(C)C1CCC2(C)CCC3(C)C4=C(CCC3(C)C12)C1(C)CCC(OC(C)=O)C(C)(C)C1CC4,CC(C)C1CCC2(C)CCC3(C)C4CCC5C(C)(C)C(CCC5(C)C4=CCC3(C)C12)OC(C)=O,1
Cc1ccc(cc1)C(=O)OC(C(OC(=O)c1ccc(C)cc1)C(O)=O)C(O)=O,CCN1CCOC2C1CC1=CNc3cccc2c13,1
Cc1ccncc1,Oc1ccc(cc1)N(=O)=O,1
OC(=O)C1C2CC(C=C2)C1NC(=O)c1ccccc1,OCC1CCCCC1NCc1ccccc1,1
O=C1Oc2c3ccccc3ccc2C21c1ccc3ccccc3c1Oc1c3ccccc3ccc21,O=N(=O)c1ccccc1,1
NC1=NC=NN1,OC(=O)CCCCC(O)=O,1
CC1=CC(=C(C)O1)C1=CC(=NN1)O,CCOC(=O)NN=C(C)C,1
CCCC1=Nc2c(C)cc(cc2N1)C(=O)NCCc1ccccc1,CCCC1=Nc2cc(cc(C)c2N1)C(=O)NCCc1ccccc1,1
COc1ccc(cc1)C=NNC(=O)c1ccncc1,OC(=O)CN1C(=O)c2ccccc2C1=O,1
COc1ccc(cc1)c1nc(N)nc(N)n1,OC(=O)CCCCC(O)=O,1
c1cc(ccn1)c1ccncc1,NC1=NNC(=S)N1,1
C1COCCOCCOCCOCCOCCO1,CNC(N)=S,1
C1COCCOCCOCCOCCOCCO1,NC(=S)C(N)=S,1
C1COCCOCCNCCOCCOCCN1,NC(N)=NC1=Nc2ccccc2N1,1
II[S]=C1Nc2ccccc2S1,S=C1Nc2ccccc2S1,1
Fc1c(F)c(F)c(NC(=O)Nc2c(F)c(F)c(F)c(F)c2F)c(F)c1F,O=C(Nc1ccccc1)Nc1ccccc1,1
CC(C)(NC(=O)NCc1ccncc1)c1cccc(c1)C(C)(C)NC(=O)NCc1ccncc1,Cc1ccncc1,1
c1ccc2nc3ccccc3cc2c1,CN1C(=O)C2=C(SC3=C(S2)C(=O)N(C)C3=O)C1=O,1
C1COCCOCCOCCOCCOCCO1,O=CNNC=O,1
COc1ccccc1OCCOCCOc1ccccc1OC,NC(N)=O,1
Cc1ccc2ccc3ccc(C)nc3c2n1,Oc1cccc(O)c1,1
c1cc2ccc3cccc4ccc(c1)c2c34,O=C1C=CC(=O)C2=C1C(=O)C=CC2=O,1
CC(=O)c1ccc(N)cc1,OC(=O)c1c(F)c(F)c(N=[N+]=[N-])c(F)c1F,1
IC#CC#CI,O=C(NCCCC#N)C(=O)NCCCC#N,1
c1ccc2nc3ccccc3cc2c1,Oc1cccc(O)c1O,1
c1cnc2c(c1)ccc1cccnc21,Oc1cccc(O)c1O,1
CN1C(=C(O)c2ccccc2S1(=O)=O)C(=O)Nc1ccccn1,OC(=O)c1ccccc1F,1
Cc1ccccc1C(O)=O,CN1C(=C(O)c2ccccc2S1(=O)=O)C(=O)Nc1ccccn1,1
CN1C(=C(O)c2ccccc2S1(=O)=O)C(=O)Nc1ccccn1,OC(=O)c1cccc(Br)c1,1
CN1C(=C(O)c2ccccc2S1(=O)=O)C(=O)Nc1ccccn1,OC(=O)c1cccc(Cl)c1,1
CN1C(=C(O)c2ccccc2S1(=O)=O)C(=O)Nc1ccccn1,OC(=O)c1cccc(F)c1,1
CN1C(=C(O)c2ccccc2S1(=O)=O)C(=O)Nc1ccccn1,OC(=O)c1cccc(c1)N(=O)=O,1
CN1C(=C(O)c2ccccc2S1(=O)=O)C(=O)Nc1ccccn1,OC(=O)c1ccc(F)cc1,1
CN1C(=C([O-])c2ccccc2S1(=O)=O)C(=O)Nc1[nH+]cccc1,Nc1ccccc1C(O)=O,1
CN1C(=C([O-])c2ccccc2S1(=O)=O)C(=O)Nc1[nH+]cccc1,OC(=O)c1ccccc1Br,1
CN1C(=C([O-])c2ccccc2S1(=O)=O)C(=O)Nc1[nH+]cccc1,OC(=O)c1ccccc1Cl,1
CN1C(=C([O-])c2ccccc2S1(=O)=O)C(=O)Nc1[nH+]cccc1,OC(=O)c1ccccc1O,1
CN1C(=C([O-])c2ccccc2S1(=O)=O)C(=O)Nc1[nH+]cccc1,OC(=O)c1ccccc1N(=O)=O,1
CN1C(=C([O-])c2ccccc2S1(=O)=O)C(=O)Nc1[nH+]cccc1,OC(=O)c1cccc(F)c1,1
Cc1cccc(c1)C(O)=O,CN1C(=C([O-])c2ccccc2S1(=O)=O)C(=O)Nc1[nH+]cccc1,1
CN1C(=C([O-])c2ccccc2S1(=O)=O)C(=O)Nc1[nH+]cccc1,OC(=O)c1ccc(F)cc1,1
Cc1ccc(cc1)C(O)=O,CN1C(=C([O-])c2ccccc2S1(=O)=O)C(=O)Nc1[nH+]cccc1,1
c1ccc2ccccc2c1,Fc1c(F)c(F)c(c(F)c1F)c1c(F)c(F)c(F)c(F)c1F,1
C1CN2CCN1CC2,FC(F)(Br)C(F)(F)C(F)(F)C(F)(F)Br,1
C1CN2CCN1CC2,FC(F)(Br)C(F)(F)C(F)(F)C(F)(F)C(F)(F)C(F)(F)Br,1
C1CN2CCN1CC2,FC(F)(Br)C(F)(F)C(F)(F)C(F)(F)C(F)(F)C(F)(F)C(F)(F)C(F)(F)Br,1
C1COCCOCCOCCOCCOCCO1,NC#N,1
C1COCCOCCOCCOCCOCCO1,CC(Cl)S(N)(=O)=O,1
C1COCCOCCOCCOCCOCCO1,N#CCCCCC#N,1
C1COCCOCCOCCOCCOCCO1,COC(=O)c1ccc(N)cc1,1
c1ccc2nc3ccccc3cc2c1,OC(=O)c1cc(O)cc(O)c1,1
c1ccc2nc3ccccc3cc2c1,Oc1ccc(Br)cc1,1
c1ccc2nc3ccccc3cc2c1,Oc1ccc(I)cc1,1
c1ccc2nc3ccccc3cc2c1,Oc1ccc(Cl)cc1,1
CC1=C2SC(SC2=C(C)N1c1ccccc1)=C1SC2=C(C)N(C(=C2S1)C)c1ccccc1,N#CC(C#N)=C1C=CC(C=C1)=C(C#N)C#N,1
Fc1c(F)c(F)c(I)c(I)c1F,O=C(NCc1cccnc1)NCc1cccnc1,1
Fc1c(F)c(I)c(F)c(I)c1F,O=C(NCc1cccnc1)NCc1cccnc1,1
Fc1c(F)c(I)c(F)c(F)c1I,O=C(NCc1cccnc1)NCc1cccnc1,1
Fc1c(F)c(F)c(I)c(I)c1F,O=C(NCc1ccncc1)NCc1ccncc1,1
Fc1c(F)c(I)c(F)c(I)c1F,O=C(NCc1ccncc1)NCc1ccncc1,1
Fc1c(F)c(I)c(F)c(F)c1I,O=C(NCc1ccncc1)NCc1ccncc1,1
Brc1cnc2ccccc2c1,OC1(OC2N(c3ccccc3C=C2Br)C(=C1)c1ccccc1)C(F)(F)F,1
Fc1c(F)c(F)c(I)c(I)c1F,O=C(NCc1ccccn1)NCc1ccccn1,1
COC(=O)C1=C(N(C(S1)=C1SC(=C(N1c1ccccc1)C(=O)OC)C(=O)OC)c1ccccc1)C(=O)OC,N#CC(C#N)=C1C=CC(C=C1)=C(C#N)C#N,1
C1N2CN3CN1CN(C2)C3,Oc1ccccc1O,1
CCOC(=O)C1=CN=CNC1=O,CCOC(=O)C1=CNC=NC1=O,1
CN1C=NC2=C1C(=O)N(C)C(=O)N2C,OC(=O)CCCCC(O)=O,1
CC(C)(NC(=O)NNC(=O)c1ccncc1)c1cccc(c1)C(C)(C)NC(=O)NNC(=O)c1ccncc1,CCc1ccncc1,1
c1cc(ccn1)C=Cc1ccncc1,OC(=O)C1C(C(C1C(O)=O)C(O)=O)C(O)=O,1
c1cc(ccn1)C1C(C(C1c1ccncc1)c1ccncc1)c1ccncc1,OC(=O)C1C(C(C1C(O)=O)C(O)=O)C(O)=O,1
CC1=C(OS(=O)(=O)N=C1O)c1ccccc1,O=P(c1ccccc1)(c1ccccc1)c1ccccc1,1
CN1C(=CC(=O)C=C1C)C,Oc1cccc2c3cccc(O)c3c12,1
CC=C1S(=O)CCS1=O,COC(C)C1S(=O)CCS1=O,1
O=C1C=C(NC(=C1)c1ccc2ccccc2n1)c1ccc2ccccc2n1,Oc1cc(nc(c1)c1ccc2ccccc2n1)c1ccc2ccccc2n1,1
N#CCC#N,N#CCCN1CCOCCOCCN(CCOCCOCC1)CCC#N,1
c1ccc2c(c1)ccc1c3ccccc3ccc21,FC1=C(F)C(=O)C(=C(F)C1=O)F,1
c1ccc2c(c1)ccc1c3ccccc3ccc21,N#CC(C#N)=C1C=CC(C=C1)=C(C#N)C#N,1
C1COCCOCCOCCOCCOCCO1,NC(N)=NC1=Nc2ccccc2N1,1
Nc1nc(N)nc(N)n1,O=C1NC(=O)c2ccccc12,1
CCCCN(Cc1ccccc1)C(=O)CCC(=O)N(CCCC)Cc1ccccc1,O=C1NCc2ccc(CNC(=O)c3cccc(c3)C(=O)NCc3ccc(CNC(=O)c4cccc1c4)cc3)cc2,1
CCCCN(CC1=CC=CO1)C(=O)CCC(=O)N(CCCC)CC1=CC=CO1,O=C1NCc2ccc(CNC(=O)c3cccc(c3)C(=O)NCc3ccc(CNC(=O)c4cccc1c4)cc3)cc2,1
c1ccc(cc1)C#Cc1ccccc1,N#Cc1cc(C#N)c(cc1C#N)C#N,1
C1CN2CCN1CC2,NC(=O)C(Br)(Br)Br,1
CC1=CC(=NS(=O)(=O)O1)O,CN1C=NC2=C1C(=O)N(C)C(=O)N2C,1
CN(C)c1ccc(C=O)cc1,Nc1nc(N)nc(n1)c1ccccc1,1
Cc1ccc([NH+]=Nc2c([O-])ccc3ccccc23)cc1,N#CC(C#N)=C1C=CC(C=C1)=C(C#N)C#N,1
[O-]c1ccc2ccccc2c1N=[NH+]c1cccc2ccccc12,N#CC(C#N)=C1C=CC(C=C1)=C(C#N)C#N,1
Clc1ccc([NH+]=Nc2c([O-])ccc3ccccc23)cc1,N#CC(C#N)=C1C=CC(C=C1)=C(C#N)C#N,1
Fc1ccc([NH+]=Nc2c([O-])ccc3ccccc23)cc1,N#CC(C#N)=C1C=CC(C=C1)=C(C#N)C#N,1
CN1CC(=O)N2C(CC3=C(Nc4ccccc34)C2c2ccc3OCOc3c2)C1=O,OC(=O)CC(O)=O,1
CC1=CC(=O)C(=CC1=O)C,Cc1cc(O)c(C)cc1O,1
CC(=O)Nc1ccccn1,Cc1ccc(cc1)C(O)=O,1
O=C(Nc1ccccn1)C12CC3CC(CC(C3)C1)C2,OC(=O)c1ccccc1,1
Cc1ccc(cc1)C(O)=O,O=C(Nc1ccccn1)C12CC3CC(CC(C3)C1)C2,1
Cc1cccc(NC(=O)C(C)(C)C)n1,OC(=O)c1ccccc1,1
Cc1ccc(cc1)C(O)=O,Cc1cccc(NC(=O)C(C)(C)C)n1,1
Cc1cccc(NC(=O)C23CC4CC(CC(C4)C2)C3)n1,OC(=O)c1ccccc1,1
Cc1ccc(cc1)C(O)=O,CCC(=O)Nc1cccc(C)n1,1
CC[N+]1(CCCCC1)CC(=O)[O-],OC1=C(O)C(=O)C1=O,1
c1cc2ccc3cccc4ccc(c1)c2c34,COc1c(cc(cc1N(=O)=O)N(=O)=O)N(=O)=O,1
O=N(=O)c1ccc(cc1)c1ccc(cc1)N(=O)=O,Oc1ccc(cc1)c1ccccc1,1
CNC(NCCSCC1=C(C)N=CN1)=NC#N,CNC(NCCSCC1=C(C)NC=N1)=NC#N,1
CN(C)c1ccncc1,Oc1ccc(Cl)cc1,1
C1COCCOCCOc2ccccc2OCCOCCO1,NC(=O)c1cccnc1,1
CCOc1ccc(Cc2cc(ccc2Cl)C2OC(CO)C(O)C(O)C2O)cc1,O=C([O-])C1[NH2+]CCC1,1
C(N1C=Nc2ccccc12)c1cccnc1,OC(=O)c1cccc(O)c1,1
C(N1C=Nc2ccccc12)c1cccnc1,OC(=O)c1ccc(O)cc1,1
OC(=O)c1cc(C(O)=O)c(cc1C(O)=O)C(O)=O,Oc1ccc(O)cc1,1
NN1C=NN=C1,OC(=O)CCCCC(O)=O,1
CC1=CC(=O)C(=CC1=O)C,Oc1ccc(O)cc1,1
COP(O)(=O)OC,N1C=CN=C1,1
O=C1N(CCCN2C=CN=C2)C(=O)c2ccc3C(=O)N(CCCN4C=CN=C4)C(=O)c4ccc1c2c34,OC(=O)C=Cc1ccccc1,1
N1C=CN=C1,OC(=O)c1ccc2ccccc2c1c1c(ccc2ccccc12)C(O)=O,1
c1cc(ccn1)c1ccncc1,OC(=O)C=Cc1ccccc1,1
ClP1(=NP(=NP(=N1)(Cl)Cl)(Nc1ccc2OCCOc2c1)Nc1ccc2OCCOc2c1)Cl,ClP1(=NP(=NP(=N1)(Nc1ccc2OCCOc2c1)Nc1ccc2OCCOc2c1)(Cl)Cl)Cl,1
Nc1ccccc1N,OC(=O)C=CC1=CC=CS1,1
O=C(NCCCCNC(=O)c1ccncc1)c1ccncc1,OC(=O)CCCCC(O)=O,1
O=C(NCCCCNC(=O)c1ccncc1)c1ccncc1,OC(=O)CCCCCCC(O)=O,1
O=C(NCCCCCCCCNC(=O)c1ccncc1)c1ccncc1,OC(=O)CCCCC(O)=O,1
O=C(NCCCCCCCCNC(=O)c1ccncc1)c1ccncc1,OC(=O)CCCCCCC(O)=O,1
O=C(NCCCCCCCCNC(=O)c1ccncc1)c1ccncc1,OC(=O)CCCCCCCCC(O)=O,1
O=C(NCCCCCCNC(=O)c1cccnc1)c1cccnc1,OC(=O)CCCCC(O)=O,1
O=C(NCCCCCCNC(=O)c1cccnc1)c1cccnc1,OC(=O)CCCCCCC(O)=O,1
O=C(NCCCCCCNC(=O)c1cccnc1)c1cccnc1,OC(=O)CCCCCCCCC(O)=O,1
O=C(NCCCCCCNC(=O)c1cccnc1)c1cccnc1,OC(=O)CCCCCCCCCCC(O)=O,1
CC1CCNC1=O,OC(c1ccccc1)(c1ccccc1)c1cc(Cl)cc(Cl)c1c1c(Cl)cc(Cl)cc1C(O)(c1ccccc1)c1ccccc1,1
NC1=Nc2ccc(Br)cc2S1,OC(=O)CCCCCCCCC(O)=O,1
C1CCC(C(C1)OCCc1cccc2ccccc12)N1CCC2(C1)OCCO2,Cc1ccc(cc1)C(=O)OC(C(OC(=O)c1ccc(C)cc1)C(O)=O)C(O)=O,1
NC1=Nc2ccc(Br)cc2S1,OC(=O)c1ccccc1O,1
C(N1C=Nc2ccccc12)N1C=Nc2ccccc12,OC(=O)c1cccc(c1)N(=O)=O,1
C(CCN1C=Nc2ccccc12)CN1C=Nc2ccccc12,OC(=O)c1ccc(cc1)N(=O)=O,1
C1C2c3ccccc3C1c1cc3C4CC(c5cc6cc7C8CC(c7cc6cc45)c4cc5C6CC(c7ccccc67)c5cc84)c3cc21,N#Cc1cc(C#N)c(cc1C#N)C#N,1
c1cc(ccn1)C=NN=Cc1ccncc1,OC(=O)Cc1ccc(cc1)N(=O)=O,1
c1cncc(c1)C=NN=Cc1cccnc1,OC(=O)Cc1ccc(cc1)N(=O)=O,1
c1ccc(C=NN=Cc2ccccn2)nc1,OC(=O)Cc1ccc(cc1)N(=O)=O,1
C1=CN2C(=N1)N1C=CN=C1N1C=CN=C21,Fc1c(F)c(I)c(F)c(F)c1I,1
CN1C(=O)N(C)C2=C(NC=N2)C1=O,OC(CC(O)=O)C(O)=O,1
Cc1c(C)c(C)c(C)c(C)c1C,ClC1=C(Cl)C(=O)C(=C(Cl)C1=O)Cl,1
Cc1c(C)c(C)c(C)c(C)c1C,N#CC(C#N)=C1C=CC(C=C1)=C(C#N)C#N,1
c1cc(ccn1)c1ccncc1,Oc1ccc(cc1)c1ccc(O)cc1,1
CC(C)(C)C(=O)Nc1ccc(cn1)c1ccc(NC(=O)C(C)(C)C)nc1,OC(=O)CCCCC(O)=O,1
CC(C)NC(NC(C)C)=Nc1cc(N=C(NC(C)C)NC(C)C)c(cc1N=C(NC(C)C)NC(C)C)N=C(NC(C)C)NC(C)C,N#CNC#N,1
CC(=O)C(C)(C)C,CC(CCC(O)=O)C1CCC2C3CCC4CC(O)CCC4(C)C3CC(O)C12C,1
CCOC(=O)c1ccccn1,OC(=O)C=CC(O)=O,1
O1C(=CN=C1c1ccccc1)c1ccccc1,Oc1c(F)c(F)c(F)c(F)c1F,1
Fc1c(F)c(I)c(F)c(F)c1I,O1C(=CN=C1c1ccccc1)c1ccccc1,1
OC(C(O)C(O)=O)C(O)=O,OC1C[NH2+]C(C1)C(=O)[O-],1
CC1=NN(C(=C1)C)c1ccccc1,OC(=O)C(O)=O,1
N#Cc1nc(C#N)c(nc1C#N)C#N,NC(=S)NN=C1CCCc2ccccc12,1
C1CN2CCN1CC2,Oc1ccc(O)cc1,1
C1CN2CCN1CC2,Oc1ccccc1,1
IC#CC#CI,O=C(NCCCCC#N)C(=O)NCCCCC#N,1
c1cc(ccn1)c1ccncc1,OC(=O)CNC(=O)OCC1c2ccccc2c2ccccc12,1
c1cc(ccn1)N=Nc1ccncc1,FC(F)(I)C(F)(F)C(F)(F)C(F)(F)C(F)(F)C(F)(F)I,1
c1cc(ccn1)N=Nc1ccncc1,FC(F)(I)C(F)(F)C(F)(F)C(F)(F)C(F)(F)C(F)(F)C(F)(F)C(F)(F)I,1
C1CN2CCN1CC2,Oc1ccc2OC(=C(O)C(=O)c2c1)c1ccccc1,1
C1CN2CCN1CC2,Oc1cc(O)c2C(=O)C(=C(Oc2c1)c1ccc(O)c(O)c1)O,1
CCCCCCCCCCOc1ccncc1,IC#Cc1ccc(cc1)C#CI,1
CCCCCCCCCCOc1ccc(cc1)C#N,IC#Cc1ccc(cc1)C#CI,1
O=C1c2ccccc2SC(=C1c1ccc(cc1)N(c1ccccc1)c1ccccc1)c1ccc(cc1)N(c1ccccc1)c1ccccc1,OC(O)O,1
FC(F)(F)S(=O)(=O)Nc1ccccc1,FC(F)(F)S(=O)(=O)Oc1cccc2CCC3(CCC(=O)N3)c12,1
C1Cc2ccc(CCc3ccc(CCc4ccc1cc4)cc3)cc2,N#CC(C#N)=C(C#N)C#N,1
C1Cc2ccc(CCc3ccc(CCc4ccc(CCc5ccc1cc5)cc4)cc3)cc2,N#CC(C#N)=C(C#N)C#N,1
C1COCCOc2ccccc2OCCOCCOCCOc2ccccc2OCCO1,COC(=O)c1ccc(COCC(C)(C)CN(Cc2ccc(COC(=O)c3cc(C)cc(C)c3)cc2)C(=O)C(F)(F)F)cc1,1
Cc1cccc(c1)S(C)=O,Oc1ccc2ccccc2c1c1c(O)ccc2ccccc12,1
BrC1=C(Br)C(=O)C(=C(Br)C1=O)Br,Cc1c(C)c(N)c(C)c(C)c1N,1
CC(C)C1OC(OCC(O)=O)C(C)(C)C(O1)C(C)C,NC(=N)c1ccccc1,1
c1cc2ccc3cccc4ccc(c1)c2c34,ClC1=CC(=O)C=CC1=O,1
c1ccc2cc3ccccc3cc2c1,Fc1c(F)c(F)c2C(=O)c3c(F)c(F)c(F)c(F)c3C(=O)c2c1F,1
c1ccc2cc3cc4ccccc4cc3cc2c1,Fc1c(F)c(F)c2C(=O)c3c(F)c(F)c(F)c(F)c3C(=O)c2c1F,1
COc1cc(cc(OC)c1O)C(O)=O,NNC(=O)c1ccncc1,1
CN1C(=O)C2(OP(c3ccccc3)(c3ccccc3)(c3ccccc3)c3cc(C)c(C)cc23)c2ccccc12,O=C1CCCC1,1
COc1ccc(cc1)C1=NN(C(C1)C1=Nc2ccccc2S1)c1ccccc1,COc1ccc(cc1)C1CC(=NN1c1ccccc1)C1=Nc2ccccc2S1,1
Cc1cc(nc(N)n1)c1cccnc1,OC(=O)c1c(F)c(F)c(I)c(F)c1F,1
Cc1cc(nc(N)n1)c1ccncc1,OC(=O)c1ccc(I)cc1,1
COc1cncc(c1)C#Cc1cc(C)nc(N)n1,OC(=O)c1ccc(I)cc1,1
NC1=NC(=O)N(C=C1)C1CSC(CO)O1,O=C1C=CNc2ccccc12,1
Nc1ccc(cc1)C(O)=O,OC(=O)c1ccc(cc1)C#N,1
CN(C)P(=O)(N(C)C)N(C)C,Oc1cccc2c3cccc(O)c3c12,1
CC1=CC(=O)C=C(C)O1,Oc1cccc2c3cccc(O)c3c12,1
CNCC1CN(C(=O)O1)c1ccc(OCc2cccc(Cl)c2)cc1,CS(O)(=O)=O,1
C(Cc1ccncc1)c1ccncc1,OC(=O)c1ccccc1,1
c1cc(ccn1)C=Cc1ccncc1,OC(=O)c1ccccc1,1
c1cc(ccn1)c1ccncc1,OC(=O)c1ccccc1,1
c1cc(ccn1)C=Cc1ccncc1,COc1ccc2cc(ccc2c1)C(C)C(O)=O,1
C(Cc1ccncc1)c1ccncc1,OC(=O)CCCC(O)=O,1
c1cc(ccn1)C=Cc1ccncc1,OC(=O)CCCC(O)=O,1
Cc1nc(C)c(C)nc1C,OC(=O)C(O)=O,1
C(Cc1ccncc1)c1ccncc1,OC(=O)c1cccc(c1)C(O)=O,1
C(Cc1ccncc1)c1ccncc1,Oc1cccc2ccccc12,1
C(Cc1ccncc1)c1ccncc1,Oc1ccc(cc1)c1ccc(O)cc1,1
c1cc(ccn1)C=Cc1ccncc1,Oc1ccc(O)cc1,1
Cc1nc(C)c(C)nc1C,Oc1ccc(O)cc1,1
Cc1nc(C)c(C)nc1C,Oc1cccc(O)c1,1
C1COCCOCCOCCOCCOCCO1,NNc1ccc(cc1N(=O)=O)N(=O)=O,1
C1COCCOCCOCCOCCOCCO1,CS(C)(=O)=O,1
C1COCCOCCOCCOCCOCCO1,Nc1ccc(cc1)N(=O)=O,1
C1COCCOCCOCCOCCOCCO1,COC(=O)C#CC(=O)OC,1
CC1(C)CC(C)(c2ccc(cc2)N2C(=O)c3ccccc3N=C2c2ccccc2)c2ccccc2O1,CC1CCCCC1,1
C1COCCOCCOCCOCCOCCO1,NC(N)=O,1
CN1C=NC2=C1C(=O)NC(=O)N2C,OC(=O)c1cc(Cl)ccc1O,1
CN1C(=O)N(C)C2=C(NC=N2)C1=O,OC(=O)c1cc(Cl)ccc1O,1
Cc1nc(C)c(C)nc1C,Oc1ccc2ccc(O)cc2c1,1
CC1=NC=C(N1CC(O)CCl)N(=O)=O,OC(=O)c1cc(cc(c1)N(=O)=O)N(=O)=O,1
Cc1ccc(N)cc1,OC(=O)c1ccc(cc1C(O)=O)N(=O)=O,1
CCCOP1(=NP(=NP(=N1)(N)OCCC)(OCCC)OCCC)N,CCCOP1(=NP(=NP(=N1)(OCCC)OCCC)(N)OCCC)N,1
O=N(=O)c1cccc2ccccc12,Oc1c(cc(cc1N(=O)=O)N(=O)=O)N(=O)=O,1
CC1(C)Oc2ccc3C(=O)c4ccccc4c4cc(c5cccc6C(=O)c7ccccc7C(=O)c56)c(C1=O)c2c34,COc1ccccc1,1
O=C(NCCCCCCNC(=O)c1ccncc1)c1ccncc1,OC(=O)CCCCC(O)=O,1
O=C(NCCCCCCNC(=O)c1ccncc1)c1ccncc1,OC(=O)CCCCCCC(O)=O,1
O=C(NCCCCCCNC(=O)c1ccncc1)c1ccncc1,OC(=O)CCCCCCCCC(O)=O,1
O=C(NCCCCCCNC(=O)c1ccncc1)c1ccncc1,OC(=O)CCCCCCCCCCC(O)=O,1
c1ccc2c(c1)c1ccccc1c1ccccc21,Fc1c(F)c(F)c2c(c1F)c1c(F)c(F)c(F)c(F)c1c1c(F)c(F)c(F)c(F)c21,1
c1cc(ccn1)C=Cc1ccncc1,OC(=O)c1cccc(C(O)=O)c1c1c(cccc1C(O)=O)C(O)=O,1
Cc1ccnc(C)c1,OC(C#CC#CC(O)(c1ccccc1)c1ccccc1)(c1ccccc1)c1ccccc1,1
Cc1cncc(C)c1,OC(C#CC#CC(O)(c1ccccc1)c1ccccc1)(c1ccccc1)c1ccccc1,1
Cc1cccc(C)n1,OC(C#CC#CC(O)(c1ccccc1)c1ccccc1)(c1ccccc1)c1ccccc1,1
CC1=C(CC2=C(C)NN=C2C)C(=NN1)C,OC(=O)c1ccc(cc1)C(O)=O,1
c1cc2ccc3cccc4ccc(c1)c2c34,c1ccc2c(c1)c1ccccc1C2=C1c2ccccc2c2ccccc12,1
c1cc2cccc3c4cccc5cccc(c(c1)c23)c45,c1ccc2c(c1)c1ccccc1C2=C1c2ccccc2c2ccccc12,1
CN(C)c1ccncc1,Fc1ccccc1I,1
CN(C)c1ccncc1,Fc1ccc(I)cc1,1
CN(C)c1ccncc1,Fc1ccc(I)c(F)c1,1
CN(C)c1ccncc1,Fc1ccc(F)c(I)c1,1
CN(C)c1ccncc1,Fc1ccc(I)c(F)c1F,1
CN(C)c1ccncc1,Fc1ccc(F)c(I)c1F,1
CN(C)c1ccncc1,Fc1cc(F)c(F)c(I)c1F,1
CN(C)c1ccncc1,Fc1c(F)c(F)c(I)c(F)c1F,1
N1C=CC=N1,OC(=O)c1ccc2ccccc2c1c1c(ccc2ccccc12)C(O)=O,1
C[N+](C)(C)CC(=O)[O-],CC(=O)Nc1ccc(O)cc1,1
CC(=O)C1CCC2C3CCC4=CC(=O)CCC4(C)C3CCC12C,Oc1ccc(Br)cc1,1
CC(=O)C1CCC2C3CCC4=CC(=O)CCC4(C)C3CCC12C,Oc1ccc2ccc3cccc4ccc1c2c34,1
CC(=O)C1CCC2C3CCC4=CC(=O)CCC4(C)C3CCC12C,Oc1cc2ccccc2c2ccccc12,1
CC(=O)C1CCC2C3CCC4=CC(=O)CCC4(C)C3CCC12C,Oc1ccc2ccc(O)cc2c1,1
CC(=O)C1CCC2C3CCC4=CC(=O)CCC4(C)C3CCC12C,OC(=O)c1cc(O)ccc1O,1
c1ccc2c(c1)ccc1ccccc21,CC(=O)C1CCC2C3CCC4=CC(=O)CCC4(C)C3CCC12C,1
c1cc2ccc3cccc4ccc(c1)c2c34,CC(=O)C1CCC2C3CCC4=CC(=O)CCC4(C)C3CCC12C,1
CC(=O)C1CCC2C3CC=C4CC(O)CCC4(C)C3CCC12C,Oc1ccc2ccccc2c1,1
c1cc2ccc3cccc4ccc(c1)c2c34,CC12CCC3C(CCc4cc(O)ccc34)C1CCC2O,1
CC12CCC(O)CC1CCC1C2CCC2(C)C1CCC2=O,Oc1ccc2ccccc2c1,1
CC(=O)C1CCC2C3CC=C4CC(O)CCC4(C)C3CCC12C,Oc1ccc(Br)cc1,1
NC1=NC(=O)NC=C1,OC(=O)CC(O)=O,1
c1cc(ccn1)C1C(C(C1c1ccncc1)c1ccncc1)c1ccncc1,Oc1cc(O)c(Cl)cc1Cl,1
O=P(c1ccccc1)(c1ccccc1)c1ccccc1,Oc1c(O)c(Cl)c(Cl)c(Cl)c1Cl,1
C1CN2CCN1CC2,OC(=O)c1cccc(c1)C(O)=O,1
CCC(C)N,OC(C1OC2(CCCCC2)OC1C(O)(c1ccccc1)c1ccccc1)(c1ccccc1)c1ccccc1,1
CC1(C)OC(C(O1)C(O)(c1ccccc1)c1ccccc1)C(O)(c1ccccc1)c1ccccc1,CCC(C)N,1
CCCC1(O)c2cc(C)ccc2C(=O)C1=C1C(=O)c2ccc(C)cc2C1(O)CCC,CCCC1(O)c2ccc(C)cc2C(=O)C1=C1C(=O)c2cc(C)ccc2C1(O)CCC,1
O=C1CN(CC2N1CCc1ccccc21)C(=O)C1CCCCC1,OC(CC(O)=O)C(O)=O,1
Cc1c(C)c(C)c(C)c(C)c1C,N#Cc1cc(C#N)c(cc1C#N)C#N,1
c1ccc2ccccc2c1,N#CC(C#N)=C(C#N)C#N,1
FC1=CNC(=O)NC1=O,NC1=NC(=O)NC=C1,1
CC(CCC=C(C)C)CC=O,Oc1cc(O)cc(c1)c1c2ccccc2c(c2cc(O)cc(O)c2)c2ccccc12,1
[NH3+]C(C(=O)NC(C(=O)[O-])c1ccccc1)c1cccc2ccccc12,COc1ccccc1OC,1
NC(=O)c1ccccn1,NS(=O)(=O)c1cc2c(NCNS2(=O)=O)cc1Cl,1
NS(=O)(=O)c1cc2c(NCNS2(=O)=O)cc1Cl,O=C([O-])c1[nH+]cccc1,1
NS(=O)(=O)c1cc2c(NCNS2(=O)=O)cc1Cl,OC(=O)c1ccncc1,1
C1CNCCN1,NS(=O)(=O)c1cc2c(NCNS2(=O)=O)cc1Cl,1
CN(C)c1ccc(C=CC(=O)C=Cc2ccccc2O)cc1,O=N(=O)c1cccc(c1)N(=O)=O,1
CN(C)c1ccc(C=CC(=O)C=Cc2ccccc2O)cc1,CN(C)c1ccc(C=O)cc1,1
C1COCCOCCOCCOCCOCCO1,Nc1c(F)cc(F)c(N)c1C(F)(F)F,1
C1COCCOCCOCCOCCOCCO1,Nc1nc(N)c(F)c(Cl)c1F,1
CC(C)C1CCC(C)CC1O,Oc1ccc(Br)c2CC3CCCC4Cc5c(Br)ccc(O)c5C34c12,1
O=Cc1ccccc1,Oc1cc(C(c2ccccc2)c2ccccc2)c(O)cc1C(c1ccccc1)c1ccccc1,1
Cc1ccccc1C(N)=O,O=S(Cc1ccccc1)Cc1ccccc1,1
Cc1cccc(c1)C(N)=O,O=S(Cc1ccccc1)Cc1ccccc1,1
NC(=O)c1ccccc1Cl,O=S(Cc1ccccc1)Cc1ccccc1,1
Cc1ccc(Nc2[nH+]cccc2C(=O)[O-])cc1,OC(=O)c1cccc(c1)N(=O)=O,1
BrC1=C(Br)C(=O)NC1=O,Brc1cnc2c(c1)C(=O)c1cc(Br)cnc21,1
C1C2C3C2C2C1C32,CC(CCC(O)=O)C1CCC2C3CCC4CC(O)CCC4(C)C3CC(O)C12C,1
O=C1N=Cc2ccccc12,O=C1NC(=O)C2C3CC(C4N=NN(C34)c3ccccc3N(=O)=O)C12,1
c1ccc2c(c1)c1ccccc1c1ccccc21,N#CC(=Cc1cc(cc(c1)C=C(C#N)C#N)C=C(C#N)C#N)C#N,1
CC1(C)CC(=NNc2ccccn2)C(C2C(CC(C)(C)CC2=NNc2ccccn2)=NNc2ccccn2)C(C1)=NNc1ccccn1,CCCCC1(CCCC)C(=O)NC(=O)NC1=O,1
NC(=O)c1ccccc1,OC(=O)C1=NN(Cc2ccc(Cl)cc2Cl)c2ccccc12,1
Nc1ccc(cc1)C(O)=O,OC(=O)c1ccc(cc1)N(=O)=O,1
c1ccc(nc1)c1ccccn1,Nc1ccc(cc1)C(O)=O,1
NC(=O)c1ccncc1,OC(=O)C1=NN(Cc2ccc(Cl)cc2Cl)c2ccccc12,1
c1ccc(nc1)c1ccccn1,OC(=O)c1ccc(cc1)N(=O)=O,1
c1cc(ccn1)c1ccncc1,OC(=O)c1ccc(cc1)N(=O)=O,1
Nc1ncccn1,OC(=O)C1=NN(Cc2ccc(Cl)cc2Cl)c2ccccc12,1
NC(=O)c1cccnc1,OC(=O)C1=NN(Cc2ccc(Cl)cc2Cl)c2ccccc12,1
Cc1cc(C)nc(NS(=O)(=O)c2ccc(N)cc2)n1,OC(=O)c1cccnc1Nc1cccc(c1)C(F)(F)F,1
Cc1cc(C)nc(NS(=O)(=O)c2ccc(N)cc2)n1,OC(=O)c1ccccc1Nc1cccc(c1)C(F)(F)F,1
c1ccc(nc1)c1nc(c2ccccn2)c(nc1c1ccccn1)c1ccccn1,IC(I)=C(I)I,1
Cc1ccncc1,COc1c2Cc3cc(cc(Cc4cc(cc(Cc5cc(cc(Cc1cc(c2)C(O)=O)c5OC)C(O)=O)c4OC)C(O)=O)c3OC)C(O)=O,1
C1CN2CCN1CC2,Fc1c(F)c(F)c(I)c(I)c1F,1
C1CN2CCN1CC2,Fc1c(I)c(F)c(I)c(F)c1I,1
CC(=O)NC1=NN=C(S1)S(N)(=O)=O,OC(=O)c1cccc(O)c1O,1
CC(=O)NC1=NN=C(S1)S(N)(=O)=O,NC(=O)c1ccccc1O,1
CC(=O)NC1=NN=C(S1)S(N)(=O)=O,NC(=O)c1ccccn1,1
Cc1ccc(cc1)S(N)(=O)=O,O=P(c1ccccc1)(c1ccccc1)c1ccccc1,1
c1cc(ccn1)c1ccncc1,Oc1ccc(Cl)cc1Sc1cc(Cl)ccc1O,1
C(Cc1ccncc1)c1ccncc1,Oc1ccc(Cl)cc1Sc1cc(Cl)ccc1O,1
c1cc(ccn1)C=Cc1ccncc1,CC1(C)CC2(CC(C)(C)c3ccc(O)cc3O2)Oc2cc(O)ccc12,1
OC(C1OC2(CCCCC2)OC1C(O)(c1ccccc1)c1ccccc1)(c1ccccc1)c1ccccc1,OC1CCN(C1)Cc1ccccc1,1
NC(=O)CN1CCCC1=O,OC(=O)c1cc(O)ccc1O,1
NC(=O)CN1CCCC1=O,OC(=O)c1ccc(O)cc1,1
Cc1cccc2c1Sc1c(C)cccc21,O=C1c2cc(cc(C#N)c2c2c(cc(cc12)N(=O)=O)C#N)N(=O)=O,1
BrC1CCCCC1,NC(N)=S,1
Cc1cnc(cn1)N1CCC(CC1)C1CCN(CC1)c1cc(C)nc(n1)C#N,OC(=O)c1ccccc1,1
Cc1cnc(cn1)N1CCC(CC1)C1CCN(CC1)c1cc(C)nc(n1)C#N,OC(=O)C=CC(O)=O,1
C1COCCOCCOCCOCCOCCO1,NC(N)=S,1
Cc1cc(C)c(c(C)c1)C1(C)CC(C1)C1=CSC(=N1)NN=Cc1cc(Br)ccc1O,Cc1cc(C)c(c(C)c1)C1(C)CC(C1)C1=CSC(N1)=NN=Cc1cc(Br)ccc1O,1
Cc1cc(C)nc(N)n1,OC(=O)C=Cc1ccccc1,1
O1C(=NN=C1c1ccncc1)c1ccncc1,OC(=O)CC(O)=O,1
O=N(=O)c1cc(cc(c1)N(=O)=O)N(=O)=O,S1c2ccccc2c2ccccc12,1
C1C2C=CC1C=C2,CC(CCC(O)=O)C1CCC2C3CCC4CC(O)CCC4(C)C3CC(O)C12C,1
c1cnccn1,Oc1ccc(cc1)C(c1ccccc1O)c1ccccc1O,1
c1cc(ccn1)c1ccncc1,Oc1ccc(cc1)C(c1ccccc1O)c1ccccc1O,1
C(Cc1ccncc1)c1ccncc1,Oc1ccc(cc1)C(c1ccccc1O)c1ccccc1O,1
CCN,OC1(c2ccc(cc2)c2ccc(cc2)C2(O)c3ccccc3c3ccccc23)c2ccccc2c2ccccc12,1
CCCN,OC1(c2ccc(cc2)c2ccc(cc2)C2(O)c3ccccc3c3ccccc23)c2ccccc2c2ccccc12,1
O=C1CCC2N(CCC12c1ccccc1)Cc1ccccc1,OC(=O)C=CC(O)=O,1
c1ccc2ccccc2c1,O=C1N(c2ccncc2)C(=O)c2ccc3C(=O)N(c4ccncc4)C(=O)c4ccc1c2c34,1
CC(C=CN1CCCCCC1=O)N1CCCCCC1=O,Fc1c(F)c(I)c(F)c(F)c1I,1
NC(=O)CN1CCCC1=O,Nc1cccc(N)n1,1
CN1C(=O)N(C)C2=C(NC=N2)C1=O,Nc1cccc(N)n1,1
O=C(C=Cc1ccccc1)c1ccccc1,OC(C#CC#CC(O)(c1ccccc1)c1ccccc1)(c1ccccc1)c1ccccc1,1
O=C(C=Cc1ccccc1)C=Cc1ccccc1,Oc1cc(c(O)cc1c1ccccc1)c1ccccc1,1
c1ccc2ccccc2c1,Fc1c(F)c(F)c(SSc2c(F)c(F)c(F)c(F)c2F)c(F)c1F,1
Nc1nc(N)nc(N)n1,OC(=O)Cc1cccc(F)c1,1
Nc1nc(N)nc(N)n1,OC(=O)Cc1ccc(F)cc1,1
CCC1=CC(=NN1)c1ccccc1,CCC1=NNC(=C1)c1ccccc1,1
N1C=CN=C1,Oc1ccc2ccc(O)cc2c1,1
CCCCCCCCOc1ccc(cc1)C=Cc1ccncc1,FC(F)(I)C(F)(F)C(F)(F)C(F)(F)C(F)(F)C(F)(F)I,1
CC(=O)c1c2ccccc2cc2ccccc12,OC(C#CC#CC(O)(c1ccccc1)c1ccccc1)(c1ccccc1)c1ccccc1,1
COC(=O)c1c2ccccc2cc2ccccc12,OC(C#CC#CC(O)(c1ccccc1)c1ccccc1)(c1ccccc1)c1ccccc1,1
O=C(C1C(C(C1c1ccccc1)C(=O)c1ccccc1)c1ccccc1)c1ccccc1,OC(C#CC#CC(O)(c1ccccc1)c1ccccc1)(c1ccccc1)c1ccccc1,1
CN1Cc2ccc(CN(C)Cc3ccc(CN(C)Cc4ccc(CN(C)Cc5ccc(C1)cc5)cc4)cc3)cc2,O=C=O,1
CN(C)c1ccncc1,NC(N)=O,1
CC(C)=NOC(=O)Nc1ccccc1,CC(C)N(C(C)C)C(=O)Nc1ccccc1,1
CC(C)C(O)C12C(O)C(CC=C(C)C)(CC(CC=C(C)C)C1(C)CCC=C(C)C)C(=O)C(=C2O)CC=C(C)C,COC(C)(C)C,1
C1N2CN3CN1CN(C2)C3,Oc1ccc(cc1)C=Cc1cc(O)cc(O)c1,1
C1CNCCN1,Oc1ccc(cc1)C=Cc1cc(O)cc(O)c1,1
O=C1CCC(=O)N1,Oc1ccc(cc1)C=Cc1cc(O)cc(O)c1,1
c1ccc2nc3ccccc3nc2c1,Oc1ccc(cc1)C=Cc1cc(O)cc(O)c1,1
CN(C)c1ccncc1,Oc1ccc(cc1)C=Cc1cc(O)cc(O)c1,1
Cc1[n+]([O-])c(C)c(C)[n+]([O-])c1C,O=C1OC(=O)c2cc3C(=O)OC(=O)c3cc12,1
O=C(CC1CCCN1C(=O)CC1CCCN1C(=O)CC1CCCN1)OCc1ccccc1,OC(=O)C(F)(F)F,1
c1ccc2nc3ccccc3nc2c1,OC(=O)c1c(O)cccc1O,1
c1cnc2c(c1)C(c1cccnc21)=C1c2cccnc2c2ncccc12,N#CC(C#N)=C1C=CC(C=C1)=C(C#N)C#N,1
COc1ccccc1C=CC(=O)NN=C1C=CNc2cc(Cl)ccc12,COc1ccccc1C=CC(=O)NNc1ccnc2cc(Cl)ccc12,1
CCOc1ccccc1C(N)=O,COc1cc(C=CC(O)=O)cc(OC)c1O,1
COc1cc(C=CC(O)=O)cc(OC)c1O,OC(=O)c1ccc(cc1Cl)N(=O)=O,1
c1cc(ccn1)c1ccncc1,Oc1cc(O)cc(c1)c1c2ccccc2c(c2cc(O)cc(O)c2)c2ccccc12,1
NC(=O)C(O)C(O)C(N)=O,NC(=O)CC(O)C(N)=O,1
CNC(=O)C(O)C(O)C(=O)NC,CNC(=O)CC(O)C(=O)NC,1
CCCCNC(=O)C(O)C(O)C(=O)NCCCC,CCCCNC(=O)CC(O)C(=O)NCCCC,1
NC1=NC(=O)N(C=C1Br)C1CC(O)C(CO)O1,Nc1nc(O)c2N=CN(C3CC(O)C(CO)O3)c2n1,1
CN1C=CC(=NC1=O)N,NC(=O)CCN1C=NC2=C1N=C(N)NC2=O,1
Cc1cc(ccc1N)N(=O)=O,O=C1OC(=O)c2ccc3C(=O)OC(=O)c4ccc1c2c34,1
Nc1cccnc1,Oc1ccc(cc1)N(=O)=O,1
NC(C(N)c1ccccc1)c1ccccc1,Oc1ccc2ccccc2c1c1c(O)ccc2ccccc12,1
c1ccc2nc3ccccc3nc2c1,Oc1ccc2ccccc2c1c1c(O)ccc2ccccc12,1
Nc1ccccc1C(O)=O,O=C(NCc1cccnc1)C(=O)NCc1cccnc1,1
Nc1ccccc1C(O)=O,O=C(NCc1ccccn1)C(=O)NCc1ccccn1,1
COC1=CC(=O)C=CC1=O,COc1cc(O)ccc1O,1
NC1CCCCC1N,Oc1ccc2ccccc2c1c1c(O)ccc2ccccc12,1
c1cc2cccc(c3ccncc3)c2c(c1)c1ccncc1,OC(=O)C=CC(O)=O,1
c1cc2cccc(c3ccncc3)c2c(c1)c1ccncc1,OC(=O)c1ccc2cc(ccc2c1)C(O)=O,1
c1cc2cccc(c3ccncc3)c2c(c1)c1ccncc1,OC(=O)c1ccc(C(O)=O)c2ccccc12,1
c1cc2cccc(c3ccncc3)c2c(c1)c1ccncc1,OC(=O)c1ccc(cc1)C(O)=O,1
CC1(C)OC(C(O1)C(O)(c1ccccc1)c1ccccc1)C(O)(c1ccccc1)c1ccccc1,NC1CCCCNC1=O,1
CN1C=NC2=C1C(=O)N(C)C(=O)N2C,COC(=O)c1cc(O)c(O)c(O)c1,1
CN1C=NC2=C1C(=O)N(C)C(=O)N2C,OC(=O)c1cccc(c1)N(=O)=O,1
CN1C(=C(O)c2ccccc2S1(=O)=O)C(=O)Nc1ccccn1,OC(=O)c1ccc2ccccc2c1O,1
CCCCCCCC(O)=O,CN1C(=C(O)c2ccccc2S1(=O)=O)C(=O)Nc1ccccn1,1
CN1C(=C(O)c2ccccc2S1(=O)=O)C(=O)Nc1ccccn1,OC(=O)c1ccc(O)cc1,1
CN1C(=C([O-])c2ccccc2S1(=O)=O)C(=O)Nc1[nH+]cccc1,OC(=O)c1ccccc1,1
O=P([O-])(C[P+](c1ccccc1)(c1ccccc1)c1ccccc1)Oc1ccccc1,Oc1ccccc1,1
CC(=O)N1N=C(CC1c1ccc2ccc3cccc4ccc1c2c34)c1ccccc1,Oc1ccccc1,1
NC1=NC(=O)NC=C1F,OC(=O)c1ccc(cc1)C(O)=O,1
NC1=NC(=O)NC=C1F,OC(=O)CCCCC(O)=O,1
CC(C(=O)[O-])[N+]12CCC(CC1)CC2,OC1=C(O)C(=O)C1=O,1
c1cc(ccn1)c1ccncc1,Fc1c(F)c(NC(=O)c2c(F)c(F)c(I)c(F)c2F)c(F)c(F)c1Br,1
C(Cc1ccncc1)c1ccncc1,Fc1c(F)c(NC(=O)c2c(F)c(F)c(I)c(F)c2F)c(F)c(F)c1Br,1
c1cc(ccn1)C=Cc1ccncc1,Fc1c(F)c(NC(=O)c2c(F)c(F)c(I)c(F)c2F)c(F)c(F)c1Br,1
O=C1NC=CC=C1,OC(C#CC#CC(O)(c1ccccc1)c1ccccc1)(c1ccccc1)c1ccccc1,1
NC(=O)c1cccnc1,OC(=O)c1ccc(O)cc1O,1
c1ccc2nc3ccccc3cc2c1,OC(=O)c1cccc(O)c1,1
CN1C=NC2=C1C(=O)N(C)C(=O)N2C,OC(=O)c1ccc(Cl)c(c1)N(=O)=O,1
CC(=O)Oc1ccccc1C(O)=O,CN1C(=O)N(C)C2=C(NC=N2)C1=O,1
CCOC(=O)CNC(C)=O,O=C(NC(c1ccccc1)(c1ccccc1)c1ccccc1)NC(c1ccccc1)(c1ccccc1)c1ccccc1,1
Cc1cncc(C)c1,Oc1c(Cl)c(Cl)c(Cl)c(Cl)c1Cl,1
Cc1ccncc1C,Oc1c(Cl)c(Cl)c(Cl)c(Cl)c1Cl,1
Cc1cccnc1C,Oc1c(Cl)c(Cl)c(Cl)c(Cl)c1Cl,1
Cc1cccc(C)n1,Oc1c(Cl)c(Cl)c(Cl)c(Cl)c1Cl,1
C1CNCCN1,Fc1c(F)c(I)c(F)c(F)c1I,1
C1CNCCN1,Fc1c(F)c(Br)c(F)c(F)c1Br,1
C1CN2CCN1CC2,Fc1c(F)c(Br)c(F)c(F)c1Br,1
CSc1cc(SC)c(SC)cc1SC,N#CC(C#N)=C1C=CC(C=C1)=C(C#N)C#N,1
CN1CCN(C)C1=O,Nc1ccc(cc1)C(O)=O,1
c1cc(ccn1)c1ccncc1,OC(=O)C12CC3CC(C1)CC(C3)(C2)C(O)=O,1
C1COCCOCCOCCOCCOCCO1,NC(=O)Nc1cccc(Cl)c1,1
O=C1C=C(NC(=C1)c1ccccn1)c1ccccn1,Oc1cc(nc(c1)c1ccccn1)c1ccccn1,1
CC(C)(C)c1cc(O)ccc1O,CCN1C=C(C(O)=O)C(=O)c2ccc(C)nc12,1
CCCOC(=O)c1cc(O)c(O)c(O)c1,CCN1C=C(C(O)=O)C(=O)c2ccc(C)nc12,1
CCN1C=C(C(O)=O)C(=O)c2ccc(C)nc12,N1C=Cc2ccccc12,1
CCN1C=C(C(O)=O)C(=O)c2ccc(C)nc12,Oc1ccccc1c1ccccc1,1
CCOC(=O)C(=O)OCC,COC=C(C(=O)OC)c1ccccc1Oc1cc(Oc2ccccc2C#N)ncn1,1
O=C1CNC(=O)CN1,OC(=O)c1ccccc1O,1
CN(C)c1ccccc1,Fc1c(F)c(F)c(F)c(F)c1F,1
CN(C)c1ccc(N)cc1,N#Cc1cc(C#N)c(cc1C#N)C#N,1
[NH3+]c1cccc(C(=O)[O-])c1N,Nc1cccc(C(O)=O)c1N,1
O=P(c1ccccc1)(c1ccccc1)c1ccccc1,Oc1c(F)c(F)c(F)c(F)c1F,1
CC1=CC=CN(C1=O)C(=NO)C(C)=NO,Cc1cccnc1N,1
c1ccc2c3ccc(cc3)c3ccccc3c3ccc(cc3)c3ccccc3c3ccc(cc3)c3ccccc3c3ccc(cc3)c2c1,Fc1ccc(F)cc1,1
CC1=NC=C(N1CCOC(=O)c1ccccc1)N(=O)=O,OC(=O)c1ccccc1,1
CC1=NC=C(N1CCOC(=O)c1ccccc1)N(=O)=O,Oc1ccc2ccccc2c1,1
CC1=NC=C(N1CCOC(=O)c1ccccc1)N(=O)=O,COc1ccc(cc1)C(O)=O,1
CC1=NC=C(N1CCOC(=O)c1ccccc1)N(=O)=O,OC(=O)c1cc(cc(c1)N(=O)=O)N(=O)=O,1
CC1=NC=C(N1CCOC(=O)c1ccccc1)N(=O)=O,Nc1cccc(c1)C(O)=O,1
CC1=NC=C(N1CCOC(=O)c1ccccc1)N(=O)=O,OC(=O)c1ccccc1O,1
CC1=NC=C(N1CCOC(=O)c1ccccc1)N(=O)=O,OC(=O)c1cccc(c1)C(O)=O,1
CC1=NC=C(N1CCOC(=O)c1ccccc1)N(=O)=O,Oc1cccc(O)c1,1
CC1=NC=C(N1CCOC(=O)c1ccccc1)N(=O)=O,OC(=O)C=CC(O)=O,1
C1COCCOc2ccccc2OCCOCCOCCOc2ccccc2OCCO1,Oc1c(cc(cc1N(=O)=O)N(=O)=O)N(=O)=O,1
CCCOC(=O)C12CCC(NC1=O)(C(=O)N2)C(=O)OCCC,CCOC(=O)C12CCC(NC1=O)(C(=O)N2)C(=O)OCC,1
CC1CCC(=O)CC1,OC(C(O)C(O)(c1ccccc1)c1ccccc1)C(O)(c1ccccc1)c1ccccc1,1
c1cc(ccn1)c1ccncc1,NC(=S)C(N)=S,1
C(Cc1ccncc1)c1ccncc1,NC(=S)C(N)=S,1
c1cc2cncc3ccc4cncc1c4c23,NC(=S)C(N)=S,1
C1CN2CCN1CC2,NC(=S)C(N)=S,1
C1N2CN3CN1CN(C2)C3,NC(=S)C(N)=S,1
c1cnc2c(c1)ccc1cccnc21,NC(=S)C(N)=S,1
NC1=NC(=NN1)c1ccccc1,NC1=NNC(=N1)c1ccccc1,1
CC1=NN(C(=C1)C)C(N1N=C(C)C=C1C)=C1NC(C=C1)=C(N1N=C(C)C=C1C)N1N=C(C)C=C1C,Oc1c(Cl)c(Cl)c(O)c(C#N)c1C#N,1
CC1=NC=C(N1CC(O)CCl)N(=O)=O,Nc1ccc(cc1)C(O)=O,1
CC1=NC=C(N1CC(O)CCl)N(=O)=O,OC(=O)c1ccc(O)cc1,1
CCC1(C)CC(=O)NC(=O)C1,CCCC(=O)Nc1cccc(NC(=O)CCC)n1,1
CN1C(=O)N(C)C2=C(NC=N2)C1=O,OC(=O)c1cccc(O)c1,1
CN1C(=O)N(C)C2=C(NC=N2)C1=O,OC(=O)c1cccc(O)c1O,1
CN1C(=O)N(C)C2=C(NC=N2)C1=O,OC(=O)c1ccc(O)cc1O,1
CC=C(C)C1CC2C(C)(CC(O)C3C(C)(C)CCC(O)C23C)O1,CCC(C)C,1
[NH3+]CC(=O)[O-],OC(=O)C=CC(O)=O,1
[O-]c1ccc2ccccc2c1N=[NH+]c1ccccn1,CCC1c2cc(C(CC)c3cc(C(CC)c4cc(C(CC)c5cc1c(O)c(O)c5O)c(O)c(O)c4O)c(O)c(O)c3O)c(O)c(O)c2O,1
COc1cc(ccc1O)C=CC1=C(C)C(=NN1)C,COc1cc(ccc1O)C=CC1=NNC(=C1C)C,1
COc1cccc(C=[NH+]c2ncccc2O)c1[O-],Nc1[nH+]cccc1[O-],1
Cc1cccc(n1)C1=NN2CCCC2=C1c1ccnc2ccc(cc12)C(N)=O,CC1CCCO1,1
Cc1ccc(c(O)c1)C1(C)CC(C)(C)c2ccc(C)cc2O1,OCC1CCC(CO)CC1,1
Cc1ccc(O)c(c1)C1(C)CC(C)(C)c2cc(C)ccc2O1,CN1CCN(C)CC1,1
C(N1C=CN=C1C1=NC=CN1Cc1ccncc1)c1ccncc1,OC(=O)CCCC(O)=O,1
C(N1C=CN=C1C1=NC=CN1Cc1ccccn1)c1ccccn1,OC(=O)CCCCC(O)=O,1
C(N1C=CN=C1C1=NC=CN1Cc1ccccn1)c1ccccn1,OC(=O)CCCCCCC(O)=O,1
C(N1C=CN=C1C1=NC=CN1Cc1ccccn1)c1ccccn1,OC(=O)CCCCCCCCC(O)=O,1
C(N1C=CN=C1C1=NC=CN1Cc1ccccn1)c1ccccn1,OC(=O)CCCCCCCCCCC(O)=O,1
C(N1C=CN=C1C1=NC=CN1Cc1ccccn1)c1ccccn1,OC(=O)CCCCCC(O)=O,1
C(N1C=CN=C1C1=NC=CN1Cc1ccccc1)c1ccccc1,OC(=O)CC(O)=O,1
CN(C)c1ccncc1,Ic1ccc(I)cc1,1
C(N1C=CN=C1C1=NC=CN1Cc1ccncc1)c1ccncc1,OC(=O)CCCCC(O)=O,1
C(N1C=CN=C1C1=NC=CN1Cc1ccncc1)c1ccncc1,OC(=O)CCCCCCC(O)=O,1
C(N1C=CN=C1C1=NC=CN1Cc1ccncc1)c1ccncc1,OC(=O)CCCCCCCCC(O)=O,1
C(N1C=CN=C1C1=NC=CN1Cc1ccncc1)c1ccncc1,OC(=O)CCCCCCCCCCC(O)=O,1
CC(C)(C)C1=NNC(=P1)c1ccccc1,CC(C)(C)C1=PC(=NN1)c1ccccc1,1
N1C=PC(=N1)c1ccccc1,N1N=CP=C1c1ccccc1,1
CN(C)P(=O)(N(C)C)N(C)C,OC1(c2ccc(cc2)C2(O)c3ccccc3c3ccccc23)c2ccccc2c2ccccc12,1
O=C([O-])C[n+]1ccccc1,OC(=O)c1ccc(O)cc1,1
FC1=CN(C2CCCO2)C(=O)NC1=O,Oc1cccc(O)c1O,1
FC1=CN(C2CCCO2)C(=O)NC1=O,NC(=O)c1cccnc1,1
FC1=CN(C2CCCO2)C(=O)NC1=O,NC(=O)c1ccncc1,1
FC1=CN(C2CCCO2)C(=O)NC1=O,OC(=O)c1ccc(O)cc1,1
c1ccc2nc3ccccc3nc2c1,OC(=O)c1ccc(cc1)C12CC3CC(C1)(CC(C3)(C2)c1ccc(cc1)C(O)=O)c1ccc(cc1)C(O)=O,1
c1cc(ccn1)c1ccncc1,OC(=O)c1ccc(cc1)C12CC3CC(C1)(CC(C3)(C2)c1ccc(cc1)C(O)=O)c1ccc(cc1)C(O)=O,1
c1cc(ccn1)N=Nc1ccncc1,OC(=O)c1ccc(cc1)C12CC3CC(C1)(CC(C3)(C2)c1ccc(cc1)C(O)=O)c1ccc(cc1)C(O)=O,1
CN(C)C1=C(C)N(C)N(c2ccc(Br)cc2)C1=O,O=C1NC(=O)C(N1)(c1ccccc1)c1ccccc1,1
C1CSCCS1,IC(I)I,1
CN1C(=O)N(C)C2=C(NC=N2)C1=O,OC(=O)c1cc(O)ccc1O,1
Cc1ccc2N=C(N)Sc2c1,OC(=O)CCCCCCCCC(O)=O,1
Oc1ccc(cc1)C(O)(C(F)(F)F)C(F)(F)F,OC1CCC(CC1)C(O)(C(F)(F)F)C(F)(F)F,1
[O-][n+]1ccccc1SSc1cccc[n+]1[O-],CC1=C(SC(=S)N1O)SC1=C(C)N(O)C(=S)S1,1
NC(N)=O,OC(=O)c1c2COCCOCCOCCOCCOCCOCCOCCOCCOCc1ccc2,1
CC(C)N(C(C)C)C(=O)C(=O)N(C(C)C)C(C)C,Cc1cccc(O)c1,1
CC(C)N(C(C)C)C(=O)C(=O)N(C(C)C)C(C)C,Cc1ccc(O)cc1,1
COc1cc(cc(OC)c1O)C12CC3CC(C1)CC(C3)(C2)c1cc(OC)c(O)c(OC)c1,O=N(=O)c1cc(cc(c1)N(=O)=O)N(=O)=O,1
C1OCC2(CO1)COCOC2,NS(=O)(=O)C(F)(F)F,1
C(N1C=CN=C1C1=NC=CN1Cc1cccnc1)c1cccnc1,FC(F)(I)C(F)(F)C(F)(F)C(F)(F)I,1
C(N1C=CN=C1C1=NC=CN1Cc1ccncc1)c1ccncc1,FC(F)(I)C(F)(F)C(F)(F)C(F)(F)C(F)(F)C(F)(F)C(F)(F)C(F)(F)I,1
C(N1C=CN=C1C1=NC=CN1Cc1ccncc1)c1ccncc1,FC(F)(I)C(F)(F)C(F)(F)C(F)(F)I,1
C(N1C=CN=C1C1=NC=CN1Cc1ccncc1)c1ccncc1,FC(F)(I)C(F)(F)C(F)(F)C(F)(F)C(F)(F)C(F)(F)I,1
C(N1C=CN=C1C1=NC=CN1Cc1cccnc1)c1cccnc1,FC(F)(I)C(F)(F)C(F)(F)C(F)(F)C(F)(F)C(F)(F)I,1
C(N1C=CN=C1C1=NC=CN1Cc1ccncc1)c1ccncc1,FC(F)(I)C(F)(F)I,1
Clc1ccccc1C(N1C=CN=C1)(c1ccccc1)c1ccccc1,OC(=O)CCCCC(O)=O,1
C1CCCCCCCCCCC1,COc1cc(C)c(c(C)c1)c1cc(cc(c1)c1c(C)cc(OC)cc1C)c1cc(cc(c1)c1c(C)cc(OC)cc1C)c1c(C)cc(OC)cc1C,1
C1CCC2CCCCC2C1,COc1cc(C)c(c(C)c1)c1cc(cc(c1)c1c(C)cc(OC)cc1C)c1cc(cc(c1)c1c(C)cc(OC)cc1C)c1c(C)cc(OC)cc1C,1
c1cc(ccn1)c1ccncc1,CC(C)(c1ccc(OCC(O)=O)cc1)c1ccc(OCC(O)=O)cc1,1
CC1=CC(=NN1)NC(C)=C1CCOC1=O,CC1=NN2C(=O)C(=C(C)NC2=C1)CCO,1
c1cc(ccn1)C=Cc1ccncc1,OC(=O)c1ccc(O)c(O)c1,1
C(Cc1ccncc1)c1ccncc1,OC(=O)c1ccc(O)c(O)c1,1
c1cc(ccn1)C=Cc1ccncc1,OC(=O)c1cccc(O)c1O,1
c1ccc2c(c1)c1ccccc21,N#Cc1cc(C#N)c(cc1C#N)C#N,1
c1ccc2c(c1)c1ccccc21,O=C1OC(=O)c2cc3C(=O)OC(=O)c3cc12,1
Nc1ccc(Br)cn1,OC(=O)c1ccc(O)cc1,1
COc1c2COCCOCCOCc3cc(C)cc(c3OC)c3cc(C)cc(c3OC)c1cc(C)c2,N#CCC#N,1
COc1c2COCCOCCOCc3cc(C)cc(c3OC)c3cc(cc(n3)c1cc(C)c2)c1ccccc1,N#CCC#N,1
Cc1ccncc1,OC1(c2ccccc2c2ccccc12)c1ccccc1c1ccccc1C1(O)c2ccccc2c2ccccc12,1
Cc1ccc2ccc3ccc(C)nc3c2n1,OC(=O)c1ccccc1,1
[C],NC(N)=S,1
C1CCCCCCC1,NC(N)=S,1
NC(N)=S,O=C1CCCCCCC1,1
C1CN2CCN1CC2,Oc1cccc(O)c1,1
CN1C(=O)N(C)C2=C(NC=N2)C1=O,O=CNCCNC=O,1
CC(C)OC(=O)OCOP(=O)(COC(C)CN1C=Nc2c(N)ncnc12)OCOC(=O)OC(C)C,OC(=O)C=CC(O)=O,1
CN1C(=O)N(C)C2=C(NC=N2)C1=O,NC(N)=O,1
COC(OC)c1cnc2C(=O)NC(=Nc2n1)NC(=O)C(C)(C)C,OC(=O)c1cccc(c1)N(=O)=O,1
CC(C)C1(CC(Br)=C)C(=O)NC(=O)NC1=O,CCN1C=Nc2c(N)ncnc12,1
CCC1(CC)C(=O)NC(=O)NC1=O,CCN1C=Nc2c(N)ncnc12,1
CCN1C=Nc2c(N)ncnc12,N1C=Cc2ccccc12,1
CCN1C=Nc2c(N)ncnc12,O=C1NC(=O)C(=O)N1,1
CCN1C(=NC2=C1N=CNC2=O)Br,CCN1C(=Nc2c(N)ncnc12)Br,1
C(Cc1ccncc1)c1ccncc1,Nc1cc(cc(c1)C(O)=O)C(O)=O,1
CC(C)(C)c1ccccc1N1C(=O)c2ccc3C(=O)N(C(=O)c4ccc(C1=O)c2c34)c1ccccc1C(C)(C)C,N1C=Cc2ccccc12,1
Nc1ccccn1,OC(=O)CC(O)=O,1
Nc1ccc(Cl)cc1,OC(=O)CC(O)=O,1
CN(C)CCOC1(CC2CCC1(C)C2(C)C)c1ccccc1,OC(=O)C=CC(O)=O,1
Cc1cc(C)c(C#N)c(C)c1,Fc1c(F)c(F)c(I)c(F)c1F,1
FC(F)(I)C(F)(F)I,N#CCCCCC#N,1
FC(F)(I)C(F)(F)C(F)(F)C(F)(F)C(F)(F)C(F)(F)C(F)(F)C(F)(F)I,N#CCCCCC#N,1
FC(F)(I)C(F)(F)C(F)(F)C(F)(F)I,N#CCCCCC#N,1
FC(F)(I)C(F)(F)C(F)(F)C(F)(F)C(F)(F)C(F)(F)I,N#CCCCCC#N,1
FC(F)(I)C(F)(F)C(F)(F)C(F)(F)I,N#CCCCCCCC#N,1
FC(F)(I)C(F)(F)C(F)(F)C(F)(F)C(F)(F)C(F)(F)I,N#CCCCCCCC#N,1
FC(F)(I)C(F)(F)C(F)(F)C(F)(F)C(F)(F)C(F)(F)C(F)(F)C(F)(F)I,N#CCCCCCCC#N,1
CC1=C(C(=NN1)C)C1=C(C)NN=C1C,Oc1ccc(O)cc1,1
CC1=C(C(=NN1)C)C1=C(C)NN=C1C,Oc1cccc(O)c1,1
CN1C(=C(O)c2ccccc2S1(=O)=O)C(=O)NC1=NC=C(C)S1,OC(=O)C#CC(O)=O,1
CN1C=CC(=O)C(=C1C)O,OC(=O)c1ccc(O)cc1,1
CN1C=CC(=O)C(=C1C)O,OC(=O)c1cc(O)ccc1O,1
CN1C=CC(=O)C(=C1C)O,OC(=O)C=CC(O)=O,1
NC(=O)c1cnccn1,Nc1ccccc1C(O)=O,1
NC(=O)C=Cc1ccccc1,OC(=O)c1ccccc1C(O)=O,1
CCN1C(=Nc2c(N)nc(N)nc12)Br,CCN1C=C(C)C(=O)NC1=O,1
CCN1C(=Nc2c(N)nc(N)nc12)Br,CN1C=CC(=O)NC1=O,1
c1ccc(nc1)c1ccccn1,CCOC(=O)NC(=S)Nc1ccccc1NC(=S)NC(=O)OCC,1
c1cc(ccn1)c1ccncc1,COC(=O)NC(=S)Nc1ccccc1NC(=S)NC(=O)OC,1
C(Cc1ccncc1)c1ccncc1,COC(=O)NC(=S)Nc1ccccc1NC(=S)NC(=O)OC,1
C(Cc1ccncc1)c1ccncc1,CCOC(=O)NC(=S)Nc1ccccc1NC(=S)NC(=O)OCC,1
Cc1cc(nc2nc(NC(=O)c3ccccc3)ccc12)C(Br)Br,O=C1CCC(=O)N1,1
CC(CCC(O)=O)C1CCC2C3C(O)CC4CC(O)CCC4(C)C3CC(O)C12C,O=C1CC2C=CCC12,1
N#Cc1ccncc1,OC(=O)CNc1ccccc1C(O)=O,1
COC(=O)c1ccncc1,OC(=O)CNc1ccccc1C(O)=O,1
O=C(c1ccccc1)c1ccncc1,OC(=O)CNc1ccccc1C(O)=O,1
c1cc(ccn1)c1ccncc1,OC(=O)CNc1ccccc1C(O)=O,1
C1COCCOCCOCCOCCOCCO1,CCOC(=O)C1=NON=C1N,1
C1COCCOCCOCCOCCOCCO1,NNC(=O)C1=NON=C1NCCCl,1
O=C(NCC(c1ccccc1)c1ccccc1)C=CC(=O)N(Cc1ccccn1)Cc1ccccn1,O=C1NCc2ccc(CNC(=O)c3cccc(c3)C(=O)NCc3ccc(CNC(=O)c4cccc1c4)cc3)cc2,1
CN(C)P(=O)(N(C)C)N(C)C,FC(F)(I)C(F)(F)C(F)(F)C(F)(F)I,1
c1ccc2cc3ccccc3cc2c1,Fc1c(F)c(F)c2c(F)c(F)c(F)c(F)c2c1F,1
c1cc2ccc3cccc4ccc(c1)c2c34,Fc1c(F)c(F)c2c(F)c(F)c(F)c(F)c2c1F,1
c1ccc2c(c1)c1ccccc1c1ccccc21,Fc1c(F)c(F)c2c(F)c(F)c(F)c(F)c2c1F,1
CN1C=CNC1=S,Fc1c(F)c(I)c(F)c(F)c1I,1
CN1C=CNC1=S,Fc1c(F)c(F)c(I)c(I)c1F,1
NC(=O)c1cccnc1,OC(=O)C=CC(O)=O,1
Fc1c(F)c(F)c2c(F)c(F)c(F)c(F)c2c1F,Nc1cccc2cccc(N)c12,1
CCCOc1ccc(cc1)N=Nc1ccncc1,Oc1ccc(O)cc1,1
CCCOc1ccc(cc1)N=Nc1ccncc1,Oc1cccc(O)c1,1
CCCCCCOc1ccc(cc1)N=Nc1ccncc1,Oc1ccc(O)cc1,1
CCCCCCOc1ccc(cc1)N=Nc1ccncc1,Oc1ccccc1O,1
CCCCCCOc1ccc(cc1)N=Nc1ccncc1,Oc1cc(O)cc(O)c1,1
CCCCCCOc1ccc(cc1)N=Nc1ccncc1,Oc1cccc(O)c1,1
Cc1cccc(C)c1O,Oc1cc(Cl)cc(Cl)c1,1
NC1CCCCC1N,OCC(O)c1ccccc1,1
O(c1ccncc1)P1(=NP(=NP(=N1)(Oc1ccncc1)Oc1ccncc1)(Oc1ccncc1)Oc1ccncc1)Oc1ccncc1,OC(=O)c1ccc(cc1)C(O)=O,1
NCc1ccccc1,Oc1ccc2cc(O)ccc2c1,1
CC(C)N(C(C)C)P1(=O)C(Br)C(=C(C1Br)c1ccccc1)c1ccccc1,OC(=O)c1cccc(Cl)c1,1
c1ccc(C=Cc2ccncc2)nc1,OC(=O)c1ccc(cc1)C(O)=O,1
Fc1c(F)c(I)c(F)c(F)c1I,O=C(NCc1ccccn1)NCc1ccccn1,1
Cc1cncc(C)c1c1cccc2cc3cccc(c3cc12)c1c(C)cncc1C,Fc1c(F)c(N=Nc2c(F)c(F)c(I)c(F)c2F)c(F)c(F)c1I,1
NC(N)=O,O=C1CC(=O)NC(=O)N1,1
Cc1ccc2ccccc2n1,Nc1ccccc1C(O)=O,1
C(N1C=CN=C1C1=NC=CN1Cc1ccncc1)c1ccncc1,Fc1c(F)c(F)c(I)c(I)c1F,1
C(N1C=CN=C1C1=NC=CN1Cc1ccncc1)c1ccncc1,Fc1c(F)c(I)c(F)c(F)c1I,1
C(N1C=CN=C1C1=NC=CN1Cc1ccncc1)c1ccncc1,Fc1c(F)c(c(F)c(F)c1I)c1c(F)c(F)c(I)c(F)c1F,1
C(N1C=CN=C1C1=NC=CN1Cc1cccnc1)c1cccnc1,Fc1c(F)c(F)c(I)c(I)c1F,1
C(N1C=CN=C1C1=NC=CN1Cc1cccnc1)c1cccnc1,Fc1c(F)c(I)c(F)c(F)c1I,1
C(N1C=CN=C1C1=NC=CN1Cc1cccnc1)c1cccnc1,Fc1c(I)c(F)c(I)c(F)c1I,1
C(N1C=CN=C1C1=NC=CN1Cc1cccnc1)c1cccnc1,Fc1c(F)c(c(F)c(F)c1I)c1c(F)c(F)c(I)c(F)c1F,1
C(N1C=CN=C1C1=NC=CN1Cc1ccccn1)c1ccccn1,Fc1c(I)c(F)c(I)c(F)c1I,1
C(N1C=CN=C1C1=NC=CN1Cc1ccccn1)c1ccccn1,Fc1c(F)c(c(F)c(F)c1I)c1c(F)c(F)c(I)c(F)c1F,1
C(N1C=CN=C1C1=NC=CN1Cc1ccccc1)c1ccccc1,Fc1c(I)c(F)c(I)c(F)c1I,1
c1ccc(cc1)C=NN=Cc1ccccc1,Fc1c(F)c(F)c(C=NN=Cc2c(F)c(F)c(F)c(F)c2F)c(F)c1F,1
NC(=O)c1cnccn1,NS(=O)(=O)c1cc2c(NCNS2(=O)=O)cc1Cl,1
C(Cc1ccncc1)c1ccncc1,NS(=O)(=O)c1cc2c(NCNS2(=O)=O)cc1Cl,1
c1cc(ccn1)C=Cc1ccncc1,NS(=O)(=O)c1cc2c(NCNS2(=O)=O)cc1Cl,1
NC(=O)c1ccccc1O,OC(=O)c1ccc(O)cc1,1
CCN1C=NC2=C1N=C(N)NC2=O,CN1C=CC(=NC1=O)N,1
CCN1C=NC2=C1N=C(N)NC2=O,CN1C=C(F)C(=NC1=O)N,1
c1ccc(cc1)C1=Nc2ccccc2N1c1ccc2c3ccccc3C3(c4ccccc4c4ccccc34)c2c1,CC(=O)CCC(C)=O,1
CC(C)OP(=S)(NC(=S)Nc1cccc(N=Cc2ccccc2O)n1)OC(C)C,Oc1ccccc1C=O,1
c1cc(ccn1)c1ccncc1,OC(=O)CC(O)(CC(O)=O)C(O)=O,1
BrC1=CC2=NO[N+](=C2C=C1Br)[O-],c1cc2ccc3cccc4ccc(c1)c2c34,1
Brc1cc2C(=O)OC(=O)c2cc1Br,c1cc2ccc3cccc4ccc(c1)c2c34,1
c1cc(ccn1)C=Cc1ccc(C=Cc2ccncc2)cc1,Oc1ccc(Cc2ccccc2)c(O)c1,1
CC(=NN=C(C)c1ccncc1)c1ccncc1,NC1=NC(=CS1)C1=CSC(=N1)N,1
CC(C)c1c(O)c(O)c(C=O)c2c(O)c(c(C)cc12)c1c(C)cc2c(C(C)C)c(O)c(O)c(C=O)c2c1O,O=C1CCCCCCCCCCC1,1
O=C([O-])C1[NH2+]CCC1,Oc1ccc(cc1)C1=C(O)C(=O)c2c(O)cc(O)cc2O1,1
O=C([O-])C1[NH2+]CCC1,Oc1cc(O)c2C(=O)C=C(Oc2c1)c1ccc(O)c(O)c1,1
O=C([O-])C1[NH2+]CCC1,Oc1cc(O)c2C(=O)C=C(Oc2c1)c1ccccc1,1
O=C([O-])C1[NH2+]CCC1,Oc1ccc(cc1)C1=COc2cc(O)cc(O)c2C1=O,1
O=C([O-])C1[NH2+]CCC1,Oc1cc(O)c2C(=O)C(=C(Oc2c1)c1ccc(O)c(O)c1)O,1
c1cc(ccn1)c1ccncc1,Oc1ccc(cc1)C(c1ccc(O)cc1)c1ccc(O)cc1,1
CN(C)P(=O)(N(C)C)N(C)C,OC1(C#C)c2cccc(Cl)c2C(O)(C#C)c2cccc(Cl)c12,1
CC(=O)NNC(C)=O,Nc1ccccc1Nc1cc(nnc1C(F)(F)F)c1ccccc1,1
C(Cc1ccncc1)c1ccncc1,OC(=O)C1CC(CC(C1)C(O)=O)C(O)=O,1
C(Cc1ccc(CCc2ccncc2)cc1)c1ccncc1,OC(=O)C1CC(CC(C1)C(O)=O)C(O)=O,1
COC12C(=O)C(=Cc3cccc(Oc4ccc5ccccc5c14)c23)CO,COC12C(=O)C=Cc3cccc(Oc4c(CO)cc5ccccc5c14)c23,1
C1N2CN3CN1CN(C2)C3,OC(=O)CCCCCCCCCC(O)=O,1
c1cc(ccn1)c1ccncc1,OC(=O)CCC(=O)CCC(O)=O,1
c1cc(ccn1)C#Cc1ccc(cc1)C#Cc1ccncc1,CC1c2cc(C(C)c3cc(C(C)c4cc(C(C)c5cc1c(O)cc5O)c(O)cc4O)c(O)cc3O)c(O)cc2O,1
NC1=NC=CS1,Oc1ccc(Cl)cc1C(=O)Nc1ccc(cc1Cl)N(=O)=O,1
O=C(NCc1ccncc1)C(=O)NCc1ccncc1,OCC1=CC#CC#CC=C(CO)C#CC#CC(=CC#CC#CC=C(CO)C#CC#C1)CO,1
C(C=Cc1cccnc1)=Cc1cccnc1,OC(=O)C(O)=O,1
Cc1c2ccccc2nc2ccc3ccccc3c12,OC(=O)C(c1ccccc1)c1ccccc1,1
c1ccc2c(c1)ccc1c2ccc2c3ccccc3ccc12,N#CC(C#N)=C1C=CC(C=C1)=C(C#N)C#N,1
Clc1ccc(cc1)C=C1N=C2NC(=O)C(N2C1=O)(c1ccccc1)c1ccccc1,Clc1ccc(cc1)C=C1NC2=NC(=O)C(N2C1=O)(c1ccccc1)c1ccccc1,1
BrC1=NOC(C1)C1CCCN1,OC(=O)C=CC(O)=O,1
CC(O)(CS(=O)(=O)c1ccc(F)cc1)C(=O)Nc1ccc(C#N)c(c1)C(F)(F)F,NC(=O)c1ccccc1,1
CC(O)(CS(=O)(=O)c1ccc(F)cc1)C(=O)Nc1ccc(C#N)c(c1)C(F)(F)F,NC(=O)c1ccccc1O,1
NC(=S)C1CCCCC1,O=S(c1ccccc1)c1ccccc1,1
Nc1ccc(cc1)C(O)=O,O=S(c1ccccc1)c1ccccc1,1
NC(=O)c1ccccc1,O=S(Cc1ccccc1)Cc1ccccc1,1
NS(=O)(=O)c1ccccc1,O=S(Cc1ccccc1)Cc1ccccc1,1
c1cc(ccn1)c1ccncc1,OC(=O)c1cc(I)cc(I)c1O,1
c1cc(ccn1)c1ccncc1,OC(=O)c1cc(Cl)cc(Cl)c1O,1
c1cc(ccn1)c1ccncc1,Oc1cc(Br)cc(Br)c1,1
c1cnccn1,OC(=O)c1cc(Cl)cc(Cl)c1O,1
c1cnccn1,OC(=O)c1cc(I)cc(I)c1O,1
CN1C(=C(O)c2ccccc2S1(=O)=O)C(=O)NC1=NC=C(C)S1,OC(=O)c1ccc2ccccc2c1O,1
CN1C(=C(O)c2ccccc2S1(=O)=O)C(=O)NC1=NC=C(C)S1,OC(=O)CCCC(O)=O,1
CN1C(=C(O)c2ccccc2S1(=O)=O)C(=O)NC1=NC=C(C)S1,OC(=O)c1ccccc1O,1
CN1C(=C(O)c2ccccc2S1(=O)=O)C(=O)NC1=NC=C(C)S1,OC(=O)C=CC(O)=O,1
Fc1cc2C(=O)C(=CN(C3CC3)c2cc1N1CC[NH2+]CC1)C(=O)[O-],OCC(F)F,1
C1COCCOCCOCCOCCOCCO1,Nc1c(F)c(F)c(N)c(F)c1F,1
C1COCCOCCOCCOCCOCCO1,Nc1c(F)c(N)c(F)c(F)c1F,1
Nc1cnc(Br)cn1,OC(=O)c1c(F)c(F)c(I)c(F)c1F,1
Nc1cnc(Br)cn1,OC(=O)c1c(F)c(F)c(Br)c(F)c1F,1
Nc1ncc(Br)nc1Br,OC(=O)c1c(F)c(F)c(I)c(F)c1F,1
Nc1ncc(Br)nc1Br,OC(=O)c1c(F)c(F)c(Br)c(F)c1F,1
c1cc(ccn1)c1ccncc1,OC(=O)c1ccc(O)cc1,1
c1ccc(cc1)c1ccncc1,OC(=O)c1ccc(O)cc1,1
Nc1ncccn1,OC1=C(C2=NO[N+](=C2C(=C1N(=O)=O)Cl)[O-])N(=O)=O,1
CC(=O)Nc1ccc(cc1)C(O)=O,NC(=O)c1ccccc1O,1
Fc1ccc(cc1)C1c2ccccc2C(=O)C1=C1C(c2ccc(F)cc2)c2ccccc2C1=O,O=C1CCCC1,1
CC1(O)C2CCC3CC1CC(C2)C3(C)O,OC(=O)c1ccccc1,1
CC(=O)OC1=CC2(CCC1C1C2C(=O)C=CC1=O)OC(C)=O,O=C1C=CC(=O)C=C1,1
O=C([O-])c1[nH+]ccc2ccccc12,OCC(O)C1OC(=O)C(=C1O)O,1
C1CCC(C(C1)N1CCCC1)N1CCCC1,OC(=O)C=CC(O)=O,1
NC(N)=O,OC(=O)CCCCC(O)=O,1
O=P(c1ccccc1)(c1ccccc1)c1ccccc1,Oc1cccc(Cl)n1,1
N1C(=Nc2c1c1ccccc1c1ccccc21)c1c2ccccc2cc2ccccc12,N1C=CN=C1,1
C1CNCCN1,N1C(=Nc2c1c1ccccc1c1ccccc21)c1c2ccccc2cc2ccccc12,1
CCOC(=O)C(O)c1ccccc1,OC(C(O)=O)c1ccccc1,1
NC(=O)c1c(F)c(F)c(F)c(F)c1F,NC(=O)c1ccccc1,1
NC(=O)c1ccccc1,OC(=O)c1c(F)c(F)c(F)c(F)c1F,1
NC(=O)c1ccccc1N,NS(=O)(=O)c1cc(C(O)=O)c(NCC2=CC=CO2)cc1Cl,1
Cc1nc(C)c(C)nc1C,NS(=O)(=O)c1cc(C(O)=O)c(NCC2=CC=CO2)cc1Cl,1
O=C1C=CC(=O)C=C1,Oc1ccc2cc(Br)ccc2c1c1c(O)ccc2cc(Br)ccc12,1
CC12CCC3C(CCc4cc(O)ccc34)C1CCC2O,NC(N)=O,1
NC(N)=S,OC(=O)c1cc(ccc1O)S(O)(=O)=O,1
CCN1C=Nc2c(N)ncnc12,CN1C=C(F)C(=O)NC1=O,1
CCN1C=Nc2c(N)ncnc12,CN1C=C(Br)C(=O)NC1=O,1
CCN1c2ccccc2c2ccccc12,N#CC(C#N)=C(C#N)C#N,1
CC1(C)N([O])C(C)(C)c2ccccc12,Fc1c(F)c(F)c(I)c(I)c1F,1
CCC1=C(CC)SC(S1)=C1SC(=C(CC)S1)CC,N#CC(C#N)=C1C=CC(C=C1)=C(C#N)C#N,1
c1cnccn1,Oc1ccc(cc1)C1(c2ccc(O)cc2)c2ccccc2c2ccccc12,1
NC(=O)c1cccnc1,Oc1ccc(C=CC(=O)OCCc2ccccc2)cc1O,1
COC(=O)NNC(=O)OC,O=P(c1ccccc1)(c1ccccc1)c1ccccc1,1
[nH+]1cccc(c1)[C-]1N=NN=N1,OC(=O)c1cc(cc(c1)C(O)=O)C(O)=O,1
CC1=C2C(C3OC(=O)C(=C)C3C(C1)OC(=O)Cc1ccc(O)cc1)C(=CC2=O)CO,CC=O,1
CN(C)c1ccc(C=O)cc1,Nc1ccc(cc1N(=O)=O)N(=O)=O,1
c1cc(ccn1)N=Nc1ccncc1,Oc1cc(O)c(Cl)cc1Cl,1
c1cc(ccn1)N=Nc1ccncc1,Oc1cc(O)c(Br)cc1Br,1
c1cc(ccn1)N=Nc1ccncc1,Oc1cc(O)c(I)cc1I,1
NC(N)=O,OC(=O)CCCCCC(O)=O,1
CC(=NN=C(C)c1ccccc1O)c1ccccc1O,CC(=NNC(=O)COc1ccccc1)c1ccccc1O,1
CN1C(=O)N(C)C2=C(NC=N2)C1=O,NC(=O)c1ccncc1,1
C(N1c2ccccc2N=C1c1ccccc1)c1ccccc1,Oc1ccc(cc1)C1(CCCCC1)c1ccc(O)cc1,1
CC12CCC3C4(C)CCCC(C)(C4CCC3(CC1=O)C2)C(O)=O,CN(C)c1ccccc1,1
O=C([O-])c1c[nH+]ccc1,Oc1cccc(O)c1O,1
NCc1ccccc1,OC1(c2ccc(cc2)C2(O)c3ccccc3c3ccccc23)c2ccccc2c2ccccc12,1
CC(C)CC(C)O,CC(CC(O)=O)C1CCC2C3CCC4CC(O)CCC4(C)C3CC(O)C12C,1
CC(CC(O)=O)C1CCC2C3CCC4CC(O)CCC4(C)C3CC(O)C12C,CC1CCC(=O)O1,1
CC(=O)c1ccc(C)cc1,CC(CC(O)=O)C1CCC2C3CCC4CC(O)CCC4(C)C3CC(O)C12C,1
CC(CC(O)=O)C1CCC2C3CCC4CC(O)CCC4(C)C3CC(O)C12C,CCCC(C)CO,1
CC(C)(C)CCO,CC(CC(O)=O)C1CCC2C3CCC4CC(O)CCC4(C)C3CC(O)C12C,1
Cc1cc(O)cc(O)c1,N#Cc1cc(C#N)c(cc1C#N)C#N,1
C1N2CN3CN1CN(C2)C3,Cc1cc(O)cc(O)c1,1
Cc1cc(O)cc(O)c1,Nc1ncccn1,1
Cc1cc(C)nc(N)n1,Cc1cc(O)cc(O)c1,1
Cc1cc(O)cc(O)c1,CN(C)c1ccncc1,1
c1ccc2nc3ccccc3cc2c1,Cc1cc(O)cc(O)c1,1
Cc1cc(O)cc(O)c1,NC(=O)c1cccnc1,1
Cc1cc(O)cc(O)c1,NC(=O)c1ccncc1,1
c1cnccn1,Cc1cc(O)cc(O)c1,1
c1ccc2nccnc2c1,Cc1cc(O)cc(O)c1,1
c1ccc2nc3ccccc3nc2c1,Cc1cc(O)cc(O)c1,1
c1cnc2c(c1)ccc1cccnc21,Cc1cc(O)cc(O)c1,1
c1ccc(nc1)c1ccccn1,Nc1cc(ccc1C(O)=O)N(=O)=O,1
Nc1cc(ccc1C(O)=O)N(=O)=O,O=C(c1ccccn1)c1ccccn1,1
c1cc(ccn1)c1ccncc1,CC(C)c1cccc(C(C)C)c1O,1
c1ccc2nc3ccccc3nc2c1,CC(C)c1cccc(C(C)C)c1O,1
c1cc2ccc3ccc4ccc5ccc6ccc1c1c2c3c4c5c61,N#Cc1cc(C#N)c(cc1C#N)C#N,1
c1ccc(nc1)c1cc(ccn1)c1cc2ccccc2c2ccccc12,Fc1c(F)c(I)c(F)c(F)c1I,1
c1ccc(cc1)c1ccnc(c1)c1ccccn1,Fc1c(F)c(I)c(F)c(F)c1I,1
c1ccc(nc1)c1cc(ccn1)c1ccc2ccccc2c1,Fc1c(F)c(I)c(F)c(F)c1I,1
c1ccc2ccccc2c1,O=C1C(=C(C#N)C(=O)C(=C1C#N)C#N)C#N,1
COc1ccc(OC)cc1,O=C1C(=C(C#N)C(=O)C(=C1C#N)C#N)C#N,1
CSC(=S)N1C(=Nc2ccccc12)N,NC1=Nc2ccccc2N1,1
Cc1[nH+]c(nc(C)c1)[N-]S(=O)(=O)c1ccc(N)cc1,OC(=O)c1ccc(O)cc1,1
Cc1cc(C)nc(NS(=O)(=O)c2ccc(N)cc2)n1,OC(=O)c1ccc(O)cc1O,1
Cc1cc(C)nc(NS(=O)(=O)c2ccc(N)cc2)n1,OC(=O)c1ccc(Cl)c(Cl)c1,1
Cc1cc(C)nc(NS(=O)(=O)c2ccc(N)cc2)n1,CC=CC=CC(O)=O,1
Cc1cc(C)nc(NS(=O)(=O)c2ccc(N)cc2)n1,OC(=O)c1ccc2ccccc2c1O,1
Cc1[nH+]c(nc(C)c1)[N-]S(=O)(=O)c1ccc(N)cc1,NC(=O)c1ccccc1,1
Cc1[nH+]c(nc(C)c1)[N-]S(=O)(=O)c1ccc(N)cc1,NC(=O)c1ccccn1,1
Cc1[nH+]c(nc(C)c1)[N-]S(=O)(=O)c1ccc(N)cc1,NC(=O)c1ccc(O)cc1,1
Cc1[nH+]c(nc(C)c1)[N-]S(=O)(=O)c1ccc(N)cc1,OC(=O)c1cc2ccccc2cc1O,1
NC(=O)c1cccnc1,OC(=O)c1cccnc1Nc1cccc(c1)C(F)(F)F,1
Cc1c(Cl)cccc1Nc1ccccc1C(O)=O,NC(=O)c1cccnc1,1
Cc1cccc(Nc2ccccc2C(O)=O)c1C,NC(=O)c1cccnc1,1
CC(=O)c1cccnc1,OC(C#Cc1ccc2c3ccc(cc3C(=O)c2c1)C#CC(O)(c1ccccc1)c1ccccc1)(c1ccccc1)c1ccccc1,1
C1N2CN3CN1CN(C2)C3,Oc1c(Br)cc(Cc2cc(Br)c(O)c(Br)c2)cc1Br,1
C1N2CN3CN1CN(C2)C3,CC(C)(c1cc(Br)c(O)c(Br)c1)c1cc(Br)c(O)c(Br)c1,1
Cc1cc(Cl)nc(N)n1,OC(=O)C=Cc1ccccc1,1
Cc1cc(Cl)nc(N)n1,OC(=O)c1ccccc1,1
Cc1cc(Cl)nc(N)n1,OC(=O)c1ccc(cc1)N(=O)=O,1
Cc1cc(Cl)nc(N)n1,OC(=O)c1ccccc1Cl,1
Cc1cc(Cl)nc(N)n1,Cc1ccccc1C(O)=O,1
Cc1cc(Cl)nc(N)n1,Cc1cccc(c1)C(O)=O,1
Cc1cc(Cl)nc(N)n1,OC(=O)c1cccc(c1)N(=O)=O,1
Cc1cc(Cl)nc(N)n1,OC(=O)c1ccc(Cl)cc1,1
Cc1cc(Cl)nc(N)n1,COc1ccc(cc1)C(O)=O,1
Cc1cc(C)nc(N)n1,OC(=O)c1ccccc1Cl,1
Cc1cc(C)nc(N)n1,Cc1ccccc1C(O)=O,1
Cc1cc(C)nc(N)n1,Cc1cccc(c1)C(O)=O,1
Cc1cc(C)nc(N)n1,OC(=O)c1cccc(c1)N(=O)=O,1
Cc1cc(C)nc(N)n1,OC(=O)c1ccc(Cl)cc1,1
Cc1cc(C)nc(N)n1,OC(=O)c1ccc(cc1)N(=O)=O,1
Fc1c(F)c(I)c(F)c(F)c1I,O=C1c2cccnc2c2ncccc12,1
Fc1c(F)c(I)c(F)c(F)c1I,O=C1C(=O)c2cccnc2c2ncccc12,1
Cc1cc(C)nc(n1)c1nc(C)cc(C)n1,Fc1c(F)c(I)c(F)c(F)c1I,1
CC1=CC(=NN1)C,OC(=O)c1cc(ccc1O)N=Nc1ccccc1,1
O=P(c1ccccc1)(c1ccccc1)c1ccccc1,OC(=O)c1cccc2ccccc12,1
N1c2cccc3cccc(NC41c1ccccc1c1ccccc41)c23,O=C1c2ccccc2c2ccccc12,1
CN1C=NC2=C1C(=O)N(C)C(=O)N2C,OC(=O)CCCC(O)=O,1
COc1ccccc1,OC12Nc3ccccc3C1(O)C1(CCCCC1)C13CCCCC21O3,1
c1cc(ccn1)C=Cc1ccncc1,COc1ccc(cc1)C(O)=O,1
c1cc(ccn1)C=Cc1ccncc1,CCOc1ccc(cc1)C(O)=O,1
c1cc(ccn1)C=Cc1ccncc1,CCCOc1ccc(cc1)C(O)=O,1
c1cc(ccn1)C=Cc1ccncc1,CCCCOc1ccc(cc1)C(O)=O,1
CC1=CN2C=CSC2=N1,NC1=NC=CS1,1
C1CCC(CC1)NC1CCCCC1,CC(C)(C)c1ccc(O)c(c1)C(C)(C)C,1
C1CNCCN1,OC(C(F)(F)F)C(F)(F)F,1
C1CNCCN1,OC(CC=C)(C(F)(F)F)C(F)(F)F,1
C1CN2CCN1CC2,CCCC(O)(C(F)(F)F)C(F)(F)F,1
NC(=O)c1cccnc1,Oc1ccc(cc1)C=CC(=O)c1ccc(O)cc1O,1
CC(C)(C)C1=CNC(=N1)NC(=O)Nc1ccccc1,Cc1cc(C)c2ccc(NC(=O)C3CCCN3)nc2n1,1
[NH3+]CCCC(=O)[O-],CC1OOC1C,1
NC(=O)c1ccncc1,Oc1ccc(cc1)C=CC(=O)c1ccc(O)cc1O,1
c1ccc2nc3ccccc3nc2c1,Oc1c(F)c(F)c(F)c(F)c1F,1
OC(=O)c1ccccc1O,OC(CN1C=NC=N1)(CN1C=NC=N1)c1ccc(F)cc1F,1
c1cc(ccn1)c1ccncc1,Oc1ccc(cc1)C1=COc2cc(O)cc(O)c2C1=O,1
c1cnccn1,CC1(C)N(Br)C(=O)N(Br)C1=O,1
CC(C)CC1N(Br)C(=O)N(Br)C1=O,COC(=O)c1ccncc1,1
CC1=NN=C2CN=C(c3ccccc3)c3cc(Cl)ccc3N12,Nc1ccc(cc1)C(O)=O,1
CC1=NN=C2CN=C(c3ccccc3)c3cc(Cl)ccc3N12,OC(=O)c1c(F)cccc1F,1
CC1=NN=C2CN=C(c3ccccc3)c3cc(Cl)ccc3N12,OC(=O)c1cc(F)cc(F)c1,1
CC1=NN=C2CN=C(c3ccccc3)c3cc(Cl)ccc3N12,OC(=O)c1ccccc1,1
CC(C)(C)c1cc2Cc3cc(cc(Cc4cc(cc(Cc5cc(cc(Cc(c1)c2O)c5O)C(C)(C)C)c4O)C(C)(C)C)c3O)C(C)(C)C,Fc1cc(F)cc(F)c1,1
CC1=C(C)C(=O)C(=C(C)C1=O)C,Cc1c(C)c(O)c(C)c(C)c1O,1
CC1=C(C)C(=O)C(=C(C)C1=O)C,Oc1ccc(O)cc1,1
NNC(=O)c1ccncc1,OC(=O)CC(O)=O,1
NNC(=O)c1ccncc1,OC(=O)CCCC(O)=O,1
NNC(=O)c1ccncc1,OC(=O)CCCCC(O)=O,1
NNC(=O)c1ccncc1,OC(=O)CCCCCC(O)=O,1
NNC(=O)c1ccncc1,OC(=O)c1ccc(O)cc1,1
NNC(=O)c1ccncc1,OC(=O)c1ccc(O)cc1O,1
CCC(C)=NNC(=O)c1ccncc1,OC(=O)c1cccc(O)c1,1
CC(C)=NNC(=O)c1ccncc1,OC(=O)c1cccc(O)c1,1
c1cc2ccc1C=Cc1ccc(cc1)C=Cc1ccc(C=C2)cc1,N#CC(C#N)=C(C#N)C#N,1
C1Cc2ccc(CCc3ccc1cc3)cc2,N#CC(C#N)=C(C#N)C#N,1
CC#CC1(O)CCC2C3CCC4=CC(=O)CCC4=C3C(CC12C)c1ccc(cc1)N(C)C,CCCCOC(C)=O,1
COc1ccc2cccc(CCNC(C)=O)c2c1,Oc1ccc(O)cc1,1
CC(=O)C(O)=O,COc1ccc2cccc(CCNC(C)=O)c2c1,1
COc1ccc2cccc(CCNC(C)=O)c2c1,OC(=O)C(O)=O,1
N#Cc1nc(nc(n1)C#N)C#N,S1C=CSC1=C1SC=CS1,1
COc1cccc(OC)c1C(O)=O,COc1cccc(OC)c1C1=CC(=O)c2ccccc2O1,1
Cc1ccncc1,N1c2cccc(NC3=NC(=NC4=C5C=CC=CC5=C(N4)N=C4N=C1c1ccccc41)c1ccccc31)c2,1
CC(C)(c1ccc(O)cc1)c1ccc(O)cc1,O=C1C=CC(=O)C=C1,1
O=C1C=CC(=O)C=C1,Oc1ccc(cc1)C(c1ccc(O)cc1)(C(F)(F)F)C(F)(F)F,1
O=C1C=CC(=O)C=C1,Oc1ccc(Cc2ccc(O)cc2)cc1,1
C1CSC2=C(S1)SC(S2)=C1SC2=C(SCCS2)S1,N#CC(C#N)=C1C=CC(C=C1)=C(C#N)C#N,1
Cc1cccc[n+]1[O-],CCC1c2cc(C(CC)c3cc(C(CC)c4cc(C(CC)c5cc1c(O)c(C)c5O)c(O)c(C)c4O)c(O)c(C)c3O)c(O)c(C)c2O,1
Fc1c(F)c(I)c(F)c(F)c1I,N#Cc1ccc(C=Cc2ccc(cc2)C=Cc2ccc(cc2)C#N)cc1,1
Fc1c(F)c(Br)c(F)c(F)c1Br,N#Cc1ccc(C=Cc2ccc(cc2)C=Cc2ccc(cc2)C#N)cc1,1
CN1C(=C(O)c2ccccc2S1(=O)=O)C(=O)NC1=NC=C(C)S1,OC(=O)CCCCC(O)=O,1
CN1C(=C(O)c2ccccc2S1(=O)=O)C(=O)NC1=NC=C(C)S1,OC(=O)c1ccc(cc1)C(O)=O,1
c1ccc2nc3ccccc3cc2c1,OC(=O)Cc1ccccc1,1
CN1C=NC2=C1C(=O)N(C)C(=O)N2C,OC(=O)Cc1ccccc1,1
NC(=O)c1cccnc1,OC(=O)Cc1ccccc1,1
NC(=O)c1ccncc1,OC(=O)Cc1ccccc1,1
c1cc(ccn1)c1ccncc1,CC(C(O)=O)c1ccc2c(Nc3ccc(Cl)cc23)c1,1
CC1CCCCC1O,OC(=O)C(OC(=O)c1ccccc1)C(OC(=O)c1ccccc1)C(O)=O,1
CCC1CCCCC1O,OC(=O)C(OC(=O)c1ccccc1)C(OC(=O)c1ccccc1)C(O)=O,1
CCCC(C)O,OC(=O)C(OC(=O)c1ccccc1)C(OC(=O)c1ccccc1)C(O)=O,1
CC1(O)CCCCC1,OC(=O)C(OC(=O)c1ccccc1)C(OC(=O)c1ccccc1)C(O)=O,1
CC(C)CC(C)O,OC(=O)C(OC(=O)c1ccccc1)C(OC(=O)c1ccccc1)C(O)=O,1
CC1CCC(O)CC1,OC(=O)C(OC(=O)c1ccccc1)C(OC(=O)c1ccccc1)C(O)=O,1
Cc1ccnc(NS(=O)(=O)c2ccc(N)cc2)n1,O=C1CCCC1,1
CC(N)Cc1ccccc1,Oc1c2Cc3ccccc3OCCOc3ccccc3Cc3cccc(Cc4ccccc4OCCOc4ccccc4Cc1ccc2)c3O,1
Clc1c(Cl)c(Cl)c2OC3=C(Cl)C(=O)C(=O)C(=C3Oc2c1Cl)Cl,COc1cc2Sc3cc(OC)c(OC)cc3Sc2cc1OC,1
OC(=O)c1ccc(cc1Cl)N(=O)=O,OC(=O)c1ccccc1Nc1cccc(c1)C(F)(F)F,1
CCOc1ccccc1C(N)=O,OC(=O)c1ccccc1Nc1cccc(c1)C(F)(F)F,1
C1=CN2C(=NC3=C2N2C=CC=CC2=N3)C=C1,O=C1c2cc(ccc2c2c1cc(cc2N(=O)=O)N(=O)=O)N(=O)=O,1
c1cc2ccc3cccc4ccc(c1)c2c34,Fc1c(F)c(I)c(F)c(F)c1I,1
Clc1nc(Cl)nc(Cl)n1,Clc1nc(Cl)nc(Nc2nc(Cl)nc(Cl)n2)n1,1
Cc1cccc(O)c1,O=C(C=CC(=O)N(C1CCCCC1)C1CCCCC1)N(C1CCCCC1)C1CCCCC1,1
CC(C)N(C(C)C)C(=O)C=CC(=O)N(C(C)C)C(C)C,Cc1ccc(O)cc1,1
O=C(CN1C=CN=C1)c1ccccc1,OC(=O)c1cccc(c1)N(=O)=O,1
Nc1ccccc1N(=O)=O,O=C1C=Cc2ccccc2C1=CNc1ccccc1N(=O)=O,1
Cc1ccnc(NS(=O)(=O)c2ccc(N)cc2)n1,OC(=O)C(O)=O,1
Cc1ccc(cc1)N=C1C=C(N(c2ccc(C)cc2)C1(C)O)c1ccncc1,OC(=O)c1ccncc1,1
C(N1C=CN=C1)N1C=CN=C1,OC(=O)c1cccc(c1)N(=O)=O,1
c1cc(ccn1)c1ccncc1,Oc1ccc(cc1)C(c1ccc(O)cc1)c1ccc(cc1)C(c1ccc(O)cc1)c1ccc(O)cc1,1
O=P(c1ccccc1)(c1ccccc1)c1ccccc1,OC(c1ccccc1)c1ccccc1,1
CCCCOCCCC,NC1=C(C#N)C(c2ccc(Cl)c(Cl)c2)C2=C(NN=C2O1)c1ccc(OCc2ccc(F)cc2)cc1,1
NC(=O)N1c2ccccc2C=Cc2ccccc12,Nc1ccc(C(O)=O)c(O)c1,1
CC(CCC(O)=O)C1CCC2C3C(CC(=O)C12C)C1(C)CCC(=O)CC1CC3=O,COc1ccc(cc1)S(C)=O,1
CC(CCC(O)=O)C1CCC2C3C(CC(=O)C12C)C1(C)CCC(=O)CC1CC3=O,CS(=O)c1ccc(Br)cc1,1
CC(CCC(O)=O)C1CCC2C3C(CC(=O)C12C)C1(C)CCC(=O)CC1CC3=O,CS(=O)c1ccccc1,1
CN1CCN(C)C1=Nc1ccccc1N=C1N(C)CCN1C,OC(=O)c1ccccc1,1
CN1CCN(C)C1=Nc1ccccc1N=C1N(C)CCN1C,Oc1ccccc1,1
NC(N)=O,OC(=O)c1ccccc1N(=O)=O,1
NC(=O)c1cccnc1,Nc1ccccc1C(O)=O,1
NC(=O)c1cccnc1,OC(=O)c1ccc(cc1)N(=O)=O,1
NC(=O)c1cccnc1,OC(=O)c1ccc(F)cc1,1
COc1cccc(c1)C(O)=O,NC(=O)c1ccncc1,1
NC(N)=O,OC(=O)c1cccc(c1)N(=O)=O,1
NC(=O)c1ccccc1,OC(=O)c1cccc(F)c1,1
Cc1cccc(c1)C(O)=O,NC(=O)c1cccnc1,1
c1cc(ccn1)c1ccncc1,OC(=O)c1ccccc1F,1
NC(=O)c1ccccc1,OC(=O)c1ccccc1N(=O)=O,1
CCCCNc1cc(cc(c1Oc1ccccc1)S(N)(=O)=O)C(O)=O,O=C1NC=CC=C1,1
CCCCNc1cc(cc(c1Oc1ccccc1)S(N)(=O)=O)C(O)=O,NC(=O)c1ccncc1,1
CCCCNc1cc(cc(c1Oc1ccccc1)S(N)(=O)=O)C(O)=O,NC(=O)c1ccccn1,1
CCCCNc1cc(cc(c1Oc1ccccc1)S(N)(=O)=O)C(O)=O,COC1=CC=CNC1=O,1
CC1=CC=CC(=O)N1,CCCCNc1cc(cc(c1Oc1ccccc1)S(N)(=O)=O)C(O)=O,1
OC1(CCCCC1)C1=CC=NN1,OC1(CCCCC1)C1=NNC=C1,1
CC(CCC(O)=O)C1CCC2C3C(CC(=O)C12C)C1(C)CCC(=O)CC1CC3=O,Cc1ccc(cc1)S(C)=O,1
CN1C=NC2=C1C(=O)N(CCCCC(C)=O)C(=O)N2C,NS(=O)(=O)c1cc(C(O)=O)c(NCC2=CC=CO2)cc1Cl,1
CC(C)C1CC(C)(O)OC2=C1C(=O)Oc1ccccc21,OC1=CC(=O)Oc2ccccc12,1
BrC(Br)(Br)Br,C1CN2CCN1CC2,1
BrC(Br)(Br)Br,C1CN2CCC1CC2,1
[NH3+]C(CC(C)C)C(=O)NC(C)C(=O)[O-],CS(=O)Cc1ccccc1,1
[NH3+]C(CC(C)C)C(=O)NC(C)C(=O)[O-],CC(C)CS(C)=O,1
ClC1=C(Cl)C(=O)C(=C(Cl)C1=O)Cl,N1C=CN=C1C1=CSC(S1)=C1SC=CS1,1
ClC1=CNC(=O)C=C1,OC(=O)c1cc(C(O)=O)c(cc1C(O)=O)C(O)=O,1
C1CC2CCC1N=N2,N#CC(C#N)=C(C#N)C#N,1
BrC(Br)(Br)Br,C1CC2CCC1N=N2,1
C1CNCCN1,COC(=O)C1=C(c2ccccc2)C(O)(c2ccccc2)C(=C1O)C(=O)OC,1
CC1(C)OC(C(O1)C(O)(c1ccccc1)c1ccccc1)C(O)(c1ccccc1)c1ccccc1,COC1=CC=CC=CC1=O,1
O=C(N1CCOCC1)C(=O)c1ccccc1,OC(C1OC2(CCCCC2)OC1C(O)(c1ccccc1)c1ccccc1)(c1ccccc1)c1ccccc1,1
CCOc1ccccc1C(N)=O,OC(=O)c1cc(O)ccc1O,1
CCOc1ccccc1C(N)=O,OC(=O)c1ccc(O)c(O)c1,1
Cc1ccncc1,OC(c1ccccc1)(c1ccccc1)C(O)(c1ccccc1)c1ccccc1,1
c1ccc2nc3ccccc3nc2c1,FC1=CNC(=O)NC1=O,1
c1cc(ccn1)C=Cc1ccncc1,FC1=CNC(=O)NC1=O,1
c1cnc2c(c1)ccc1cccnc21,NC(N)=NS(=O)(=O)c1ccc(N)cc1,1
N#CC(C#N)=C1C=CC(C=C1)=C(C#N)C#N,S1C=CC=C1C1=CC=C(S1)C1=CC=C(S1)C1=CC=CS1,1
CC(=NO)C(C)=NO,Cc1nc2ccccc2nc1C,1
CSC1=C(SC)SC2=C(S1)c1cccc3cccc2c13,N#CC(C#N)=C1C=CC(C=C1)=C(C#N)C#N,1
BrC1=CC(C(=CC1=C(C#N)C#N)Br)=C(C#N)C#N,CSC1=C(SC)SC2=C(S1)c1cccc3cccc2c13,1
CN(C)c1ccc(cc1)C(=O)c1ccc(cc1)N(C)C,Fc1c(F)c(I)c(F)c(F)c1I,1
C1N2CN3CN1CN(C2)C3,COC(=O)c1cc(O)cc(O)c1,1
C1N2CN3CN1CN(C2)C3,OC(=O)c1ccc(O)cc1,1
c1cc(ccn1)C=Cc1ccncc1,Oc1ccc(cc1Br)C12CC3CC(C1)CC(C3)(C2)c1ccc(O)c(Br)c1,1
O=C1C(OC2COCCN12)c1ccccc1,OC(C1OC2(CCCCC2)OC1C(O)(c1ccccc1)c1ccccc1)(c1ccccc1)c1ccccc1,1
c1cc(ccn1)c1ccncc1,Oc1ccc(cc1Br)C12CC3CC(C1)CC(C3)(C2)c1ccc(O)c(Br)c1,1
c1cc(ccn1)c1ccncc1,Oc1ccc(cc1Cl)C12CC3CC(C1)CC(C3)(C2)c1ccc(O)c(Cl)c1,1
c1cc(ccn1)c1ccncc1,Oc1ccc(cc1)C12CC3CC(C1)CC(C3)(C2)c1ccc(O)cc1,1
c1cc(ccn1)C=Cc1ccncc1,Oc1cc(O)c(C=O)c(O)c1,1
c1cc(ccn1)C=Cc1ccncc1,CC(=O)c1c(O)cc(O)cc1O,1
c1cc(ccn1)C=Cc1ccncc1,CCC(=O)c1c(O)cc(O)cc1O,1
c1cc(ccn1)C=Cc1ccncc1,CCCC(=O)c1c(O)cc(O)cc1O,1
c1cc(ccn1)C=Cc1ccncc1,CCCCC(=O)c1c(O)cc(O)cc1O,1
c1cc(ccn1)C=Cc1ccncc1,CCCCCC(=O)c1c(O)cc(O)cc1O,1
c1cc(ccn1)C=Cc1ccncc1,CCCCCCC(=O)c1c(O)cc(O)cc1O,1
c1cc(ccn1)C=Cc1ccncc1,Oc1cc(O)c(c(O)c1)C(=O)c1ccccc1,1
NC(N)=O,Oc1ccccc1,1
c1cc2ccc3ccc4ccc5ccc6ccc1c1c2c3c4c5c61,Fc1c(F)c(F)c2c(F)c(F)c(F)c(F)c2c1F,1
Cc1cc(C)nc(NS(=O)(=O)c2ccc(N)cc2)n1,OC(=O)c1cc(C(O)=O)c(cc1C(O)=O)C(O)=O,1
C1CCCCOCCOCCOCCOCCOCCOCCC1,Cc1cc(C)cc(CNc2cc(C)cc(C)c2)c1,1
COc1ccc2cc(ccc2c1)C(C)C(O)=O,O=C([O-])C1[NH2+]CCC1,1
O=Cc1ccccc1,OC(c1ccccc1)(c1ccccc1)c1ccc2ccccc2c1c1c2ccccc2ccc1C(O)(c1ccccc1)c1ccccc1,1
ClC1=CNC(=O)C=C1,OC(=O)c1ccccc1c1ccccc1C(O)=O,1
CC1=CNC(=O)C=C1,OC(=O)c1ccccc1c1ccccc1C(O)=O,1
COc1ccc2N=C(N)Sc2c1,OC(=O)CCCCCCCCC(O)=O,1
CC(=O)c1ccncc1,Nc1ccc(cc1)C(O)=O,1
Fc1c(F)c(F)c(F)c(F)c1F,Fc1cccc(c1)C(=O)Nc1cccc(c1)C#C,1
Brc1cccc(c1)C(=O)Nc1cccc(c1)C#C,Fc1c(F)c(F)c(F)c(F)c1F,1
Clc1cccc(c1)C(=O)Nc1cccc(c1)C#C,Fc1c(F)c(F)c(F)c(F)c1F,1
FC(F)(F)c1cccc(c1)C(=O)Nc1cccc(c1)C#C,Fc1c(F)c(F)c(F)c(F)c1F,1
Fc1c(F)c(F)c(F)c(F)c1F,Fc1ccccc1C(=O)Nc1cccc(c1)C#C,1
Clc1ccc(cc1)C(=O)Nc1cccc(c1)C#C,Fc1c(F)c(F)c(F)c(F)c1F,1
Brc1ccc(cc1)C(=O)Nc1cccc(c1)C#C,Fc1c(F)c(F)c(F)c(F)c1F,1
FC(F)(F)c1ccc(cc1)C(=O)Nc1cccc(c1)C#C,Fc1c(F)c(F)c(F)c(F)c1F,1
Fc1c(F)c(F)c(F)c(F)c1F,O=C(Nc1cccc(c1)C#C)c1ccccc1,1
COc1ccc2C(CCCc2c1OC)C1=NCCN1,OC(=O)C(OC(=O)c1ccccc1)C(OC(=O)c1ccccc1)C(O)=O,1
Cc1cccc2SC(=Nc12)N,OC(=O)CCCCCCC(O)=O,1
Cc1cccc2SC(=Nc12)N,OC(=O)CCCCC(O)=O,1
CC(NC(c1ccccc1)(c1ccccc1)c1ccccc1)C(=O)NC(c1ccccc1)(c1ccccc1)c1ccccc1,CCC(Br)C(=O)Nc1ccccc1,1
CC(NC(c1ccccc1)(c1ccccc1)c1ccccc1)C(=O)NC(c1ccccc1)(c1ccccc1)c1ccccc1,CCC(Cl)C(=O)Nc1ccccc1,1
CC(NC(c1ccccc1)(c1ccccc1)c1ccccc1)C(=O)NC(c1ccccc1)(c1ccccc1)c1ccccc1,CCC(C)C(=O)Nc1ccccc1,1
CC(=O)Nc1ccccc1,CC(NC(c1ccccc1)(c1ccccc1)c1ccccc1)C(=O)NC(c1ccccc1)(c1ccccc1)c1ccccc1,1
CC(NC(c1ccccc1)(c1ccccc1)c1ccccc1)C(=O)NC(c1ccccc1)(c1ccccc1)c1ccccc1,CNC(=O)c1ccccc1,1
O=Cc1ccncc1,OC(=O)C=CC(O)=O,1
Cc1ccc(cc1)c1nc(N)nc(N)n1,OC(=O)c1ccccc1,1
Cc1ccc(cc1)C(O)=O,Cc1ccc(cc1)c1nc(N)nc(N)n1,1
CCOC(=O)C1=C2N(C=N1)C(=O)c1cccc3cccc2c13,OC(=O)C(F)(F)F,1
c1cc(ccn1)c1ccncc1,Oc1ccc2ccccc2c1c1c(O)ccc2ccccc12,1
Nc1ccc(Cc2ccc(N)cc2)cc1,Oc1ccc(Cc2ccc(O)cc2)cc1,1
Nc1ccc(Cc2ccc(N)cc2)cc1,Oc1ccc(Sc2ccc(O)cc2)cc1,1
Nc1ccc(Sc2ccc(N)cc2)cc1,Oc1ccc(Cc2ccc(O)cc2)cc1,1
Nc1ccc(Sc2ccc(N)cc2)cc1,Oc1ccc(Sc2ccc(O)cc2)cc1,1
CCCCCCCCCCCCCCCCC(O)=O,NC(=O)c1cccnc1,1
CC1CCC2C(C)(C)N=CNC2(O)C1,CC1CCC2C(C)(C)NC=NC2(O)C1,1
BrC(Br)=C=C=C(Br)Br,c1ccc2nc3ccccc3nc2c1,1
c1ccc2nc3ccccc3nc2c1,COc1ccc(cc1)C1C=CC(=C(Br)Br)C(C1O)=C(Br)Br,1
c1cc(ccn1)c1ccncc1,OC(=O)c1cc(cc(c1)N(=O)=O)N(=O)=O,1
c1cc(ccn1)c1ccncc1,Cc1c(cc(cc1N(=O)=O)C(O)=O)N(=O)=O,1
Brc1c2ccccc2c(Br)c2ccccc12,O=C1OC(=O)c2cc3C(=O)OC(=O)c3cc12,1
c1ccc2c(c1)ccc1c3ccccc3ccc21,O=C1OC(=O)c2cc3C(=O)OC(=O)c3cc12,1
c1ccc2cc3cc4ccccc4cc3cc2c1,O=C1OC(=O)c2cc3C(=O)OC(=O)c3cc12,1
CC(C)C1=Cc2c(S1)nc1N=C(Nc1c2c1ccccc1Cl)c1ccccc1O,CC(C)C1=Cc2c(S1)nc1NC(=Nc1c2c1ccccc1Cl)c1ccccc1O,1
c1ccc2c(c1)N(c1cnc(cn1)N1c3ccccc3c3ccccc13)c1ccccc21,N#CC(C#N)=C1C=CC(C=C1)=C(C#N)C#N,1
c1ccc2c(c1)N(c1ccc(nn1)N1c3ccccc3c3ccccc13)c1ccccc21,N#CC(C#N)=C1C=CC(C=C1)=C(C#N)C#N,1
c1ccc2c(c1)N(c1ccc(cc1)N1c3ccccc3c3ccccc13)c1ccccc21,N#CC(C#N)=C1C=CC(C=C1)=C(C#N)C#N,1
CN(C)CCOC(c1ccccc1)c1ccccc1,NC(N)=S,1
C1CCC2OCCOCCOC3CCCCC3OCCOCCOC2C1,S=C(Nc1ccccc1)Nc1ccccc1,1
[O-][N+]12CC[N+]([O-])(CC1)CC2,OC(C(O)C(O)=O)C(O)=O,1
Cc1nc(C)c(C)nc1C,Oc1ccc(cc1)N(=O)=O,1
[NH3+]C(C(C)CC)C(=O)[O-],[NH3+]C(C)C(=O)[O-],1
[NH3+]C(C(C)CC)C(=O)[O-],[NH3+]C(CC)C(=O)[O-],1
[NH3+]C(C(C)CC)C(=O)[O-],[NH3+]C(CCC)C(=O)[O-],1
[NH3+]C(C(C)CC)C(=O)[O-],[NH3+]C(CCCC)C(=O)[O-],1
[NH3+]C(C(C)CC)C(=O)[O-],[NH3+]C(CCSC)C(=O)[O-],1
C1CCC2CCCCC2C1,COc1cc(cc(OC)c1Oc1cc(Cl)ncn1)C12CC3CC(C1)CC(C3)(C2)c1cc(OC)c(Oc2cc(Cl)ncn2)c(OC)c1,1
[NH3+]C(C(C)C)C(=O)[O-],[NH3+]C(C(C)CC)C(=O)[O-],1
[NH3+]C(C(C)CC)C(=O)[O-],[NH3+]C(CC(C)C)C(=O)[O-],1
COc1cc(C=O)ccc1O,NC(N)=O,1
N#Cc1ccncc1,OC(=O)c1ccc(F)cc1F,1
N#Cc1ccncc1,OC(=O)c1cccc(Br)c1,1
CC(C)C(=O)Nc1ccc2ccc(NC(=O)C(C)C)nc2n1,CCCCNC(=O)NC1=NC(=CC(=O)N1)N(CCCC)CCCC,1
C1CCOc2ccc(CCCc3cccc(n3)c3cccc(CCCc4ccc(OC1)cc4)n3)cc2,CC(C)(C)c1cc(cc(c1)C(C)(C)C)C(O)C1=CN(N=N1)c1cc(cc(c1)C(C)(C)C)C(C)(C)C,1
C1CCOc2ccc(CCCc3cccc(n3)c3cccc(CCCc4ccc(OC1)cc4)n3)cc2,CC(C)(C)c1cc(NC(=O)C=Cc2cc(cc(c2)C(C)(C)C)C(C)(C)C)cc(c1)C(C)(C)C,1
C1CCOc2ccc(COCc3cccc(n3)c3cccc(COCc4ccc(OC1)cc4)n3)cc2,CC(C)(C)c1cc(NC(=O)C=Cc2cc(cc(c2)C(C)(C)C)C(C)(C)C)cc(c1)C(C)(C)C,1
NC(=O)CN1CCCC1=O,Oc1cc(O)c2C(=O)C(=C(Oc2c1)c1cc(O)c(O)c(O)c1)O,1
C1COCCOc2ccccc2OCCOCCO1,NC(=S)C(N)=S,1
C1COCCOc2ccccc2OCCOCCO1,CC(N)=S,1
Nc1ccc(cc1)S(=O)(=O)N=C1NC=CS1,OC(=O)c1ccc(cc1)N(=O)=O,1
Brc1c(cc(cc1N(=O)=O)N(=O)=O)N(=O)=O,c1ccc2c(c1)c1cccc3cccc2c13,1
O=C1NC=CC=C1,OC(=O)c1ccccc1,1
CC(N)c1ccccc1,COC(=O)C1CC(CN(C1)C(=O)OC(C)(C)C)C(O)=O,1
c1ccc(cc1)c1cc(nc2ccc(cc12)c1ccncc1)c1ccccn1,OC(=O)c1c(F)c(F)c(Br)c(F)c1F,1
CCCCN1C=C(C)C(=O)NC1=O,O=C1CCCOc2ccc3ccc(OCCCC(=O)Nc4cccc(N1)n4)cc3c2,1
C1NCc2cccc(CNCc3ccc(COCc4cccc(COCc5ccc1cc5)n4)cc3)n2,CC(C)(C)c1cc(NC(=O)Nc2cc(cc(c2)C(C)(C)C)C(C)(C)C)cc(c1)C(C)(C)C,1
c1cc(ccn1)c1ccncc1,CCOC(=O)C1=C(C)NC(=C(C1c1cccc(Cl)c1Cl)C(=O)OC)C,1
COC(=O)C1CC2C=CC1C13C4C5CC6C(C5C1=O)C1(OCCO1)C23C46,Oc1ccc(O)cc1,1
COc1ccc(cc1OC)C(C)CNC(C)c1ccccc1,CS(O)(=O)=O,1
c1ccc(nc1)c1ccccn1,NC1=NC(=CS1)C1=CSC(=N1)N,1
c1cc(ccn1)C=Cc1ccncc1,Fc1c(F)c(N=Nc2c(F)c(F)c(Br)c(F)c2F)c(F)c(F)c1Br,1
c1cc(ccn1)N=Nc1ccncc1,Fc1c(F)c(N=Nc2c(F)c(F)c(Br)c(F)c2F)c(F)c(F)c1Br,1
c1cc(ccn1)C=Cc1ccncc1,Fc1c(F)c(N=Nc2c(F)c(F)c(I)c(F)c2F)c(F)c(F)c1I,1
c1cc(ccn1)N=Nc1ccncc1,Fc1c(F)c(N=Nc2c(F)c(F)c(I)c(F)c2F)c(F)c(F)c1I,1
CC(C)(C)c1cc(O)c(O)c(c1)C(C)(C)C,COc1ccccc1C1=Nc2cc(cc(c2O1)C(C)(C)C)C(C)(C)C,1
c1cc(ccn1)c1ccncc1,Fc1c(F)c(C#C)c(F)c(F)c1C#C,1
c1cc(ccn1)C#Cc1ccncc1,Fc1c(F)c(C#C)c(F)c(F)c1C#C,1
c1cc(ccn1)C=Cc1ccncc1,Fc1c(F)c(C#C)c(F)c(F)c1C#C,1
c1ccc(cc1)C=Cc1ccccc1,Fc1c(F)c(F)c(N=Nc2c(F)c(F)c(F)c(F)c2F)c(F)c1F,1
Cc1cc2C(C=CC(=C(C#N)C#N)c2cc1C)=C(C#N)C#N,S1C=CSC1=C1SC=CS1,1
c1ccc(cc1)c1ccccc1,c1ccc2c(c1)c1ccccc1C12c2ccccc2c2ccccc12,1
c1ccc2cc3ccccc3cc2c1,Clc1c(Cl)c(C#N)c(Cl)c(Cl)c1C#N,1
CN1C=CC(=NC1=O)N,CN1C=NC2=C1N=C(N)NC2=O,1
N#Cc1cccnc1,Oc1c(Cl)c(Cl)c(Cl)c(Cl)c1Cl,1
NC(=O)N1c2ccccc2C=Cc2ccccc12,O=CC1=CC=CO1,1
NC(N)=O,OC(=O)c1cc2OCCOCCOCCOCCOc2cc1C(O)=O,1
c1ccc2nc3ccccc3nc2c1,Oc1ccc(O)cc1,1
c1ccc2nc3ccccc3nc2c1,Oc1cccc2c(O)cccc12,1
c1ccc2nc3ccccc3nc2c1,Oc1ccc(cc1)c1ccc(O)cc1,1
C1COCCOc2ccccc2NCc2cccc(CNc3ccccc3OCCOCCO1)n2,COc1cc(CNCc2c3ccccc3cc3ccccc23)cc(OC)c1,1
c1ccc(nc1)c1ccccn1,OP(O)(=O)c1ccc(cc1)C(c1ccc(cc1)P(O)(O)=O)(c1ccc(cc1)P(O)(O)=O)c1ccc(cc1)P(O)(O)=O,1
O=C1c2cc(cc(c2c2c1cc(cc2N(=O)=O)N(=O)=O)N(=O)=O)N(=O)=O,S1C=CSC1=C1SC=CS1,1
CC1=C(C)SC(S1)=C1SC(=C(C)S1)C,O=C1c2cc(ccc2c2c1cc(cc2N(=O)=O)N(=O)=O)N(=O)=O,1
c1ccc(C=Cc2ccccn2)nc1,Oc1ccccc1O,1
c1ccc(nc1)C1C(C(C1c1ccccn1)c1ccccn1)c1ccccn1,Oc1ccccc1O,1
c1cnccn1,S=C1NC(=S)NC(=S)N1,1
COc1cc(C=CC(O)=O)ccc1O,NNC(=O)c1ccncc1,1
NNC(=O)c1ccncc1,Oc1cccc(O)c1,1
COc1cc(ccc1O)C(O)=O,NNC(=O)c1ccncc1,1
NNC(=O)c1ccncc1,OC(=O)C=Cc1ccc(O)c(O)c1,1
Brc1ccc(Br)cc1,O=N(=O)c1ccc(cc1)N(=O)=O,1
c1ccc2cc3ccccc3cc2c1,O=C1c2cc(ccc2c2c1cc(cc2N(=O)=O)N(=O)=O)N(=O)=O,1
O=C1NC=CC=C1,OC(=O)c1ccccc1c1ccccc1C(O)=O,1
CC1=CC(=O)NC=C1,OC(=O)c1ccccc1c1ccccc1C(O)=O,1
CC1=CC=CC(=O)N1,OC(=O)c1ccccc1c1ccccc1C(O)=O,1
CN1C=CC=CC1=O,OC(C#CC#CC(O)(c1ccccc1)c1ccccc1)(c1ccccc1)c1ccccc1,1
CC1=CC(=O)NC=C1,OC(C#CC#CC(O)(c1ccccc1)c1ccccc1)(c1ccccc1)c1ccccc1,1
c1cc(ccn1)c1ccncc1,OC(=O)c1cc(F)c(F)c(F)c1F,1
[NH3+]CC1(CCCCC1)CC(=O)[O-],OC(=O)c1cccc(O)c1,1
C1CNC2=NN=NN2N1,O=C1NN=C(N1)N(=O)=O,1
CCC1CN2CCC1CC2C(O)C1CCNc2ccccc12,CCC1CN2CCC1CC2CC1CCNc2ccccc12,1
c1ccc2c(c1)ccc1ccccc21,Clc1c(Cl)c(Cl)c2C(=O)OC(=O)c2c1Cl,1
C1COCOC1,OC1(c2ccccc2c2ccccc2C2(O)c3cc(Cl)ccc3c3ccc(Cl)cc23)c2cc(Cl)ccc2c2ccc(Cl)cc12,1
ClC1=C(Cl)C(=O)C(=C(Cl)C1=O)Cl,CSC1=Cc2ccc3SC(=Cc4ccc(S1)c2c34)SC,1
C1COCCOCCOc2ccccc2OCCOCCO1,NC(N)=S,1
C1COCCOCCOc2ccccc2OCCOCCO1,CNC(N)=S,1
Cc1ccc2N=C(N)Sc2c1,OC(=O)CCCCCCC(O)=O,1
O=C([O-])c1[nH+]cccc1,Oc1ccccc1O,1
c1cnc2c(c1)ccc1cccnc21,OCc1ccccc1O,1
c1cc(ccn1)c1ccncc1,OC(=O)C1CCC(=O)N1,1
CN(C)C1=NC(=NC(=N1)N(C)C)N(C)C,Fc1c(F)c(F)c(F)c(F)c1F,1
CC(c1ncncc1F)C(O)(CN1C=NC=N1)c1ccc(F)cc1F,OC(=O)c1cccc(c1)N(=O)=O,1
CC(c1ncncc1F)C(O)(CN1C=NC=N1)c1ccc(F)cc1F,Nc1ccc(cc1)C(O)=O,1
COP(C)(=O)c1ccccc1,Oc1ccc2ccccc2c1c1c(O)ccc2ccccc12,1
CN1C=CN(C)C1=S,IC1=CNC(=O)NC1=O,1
C1CCC2OCCOCCOC3CCCCC3OCCOCCOC2C1,N#CCC#N,1
NC(=O)C1=CC=CO1,OC(=O)C(O)=O,1
CCN1C=Nc2cnc(N)nc12,CN1C=C(F)C(=O)NC1=O,1
CCN1C=NC2=C1N=CNC2=O,FC1=CNC(=O)NC1=O,1
CN1C=CC(=NC1=O)N,FC1=CNC(=O)NC1=O,1
NS(=O)(=O)c1ccc(cc1)C(O)=O,O=C1NC=CC=C1,1
NC(=O)c1ccncc1,NS(=O)(=O)c1ccc(cc1)C(O)=O,1
CC1=CC=CC(=O)N1,NS(=O)(=O)c1ccc(cc1)C(O)=O,1
NC(=O)c1cccnc1,NS(=O)(=O)c1ccc(cc1)C(O)=O,1
COC1=CC=CNC1=O,NS(=O)(=O)c1ccc(cc1)C(O)=O,1
NC(=O)c1ccccn1,NS(=O)(=O)c1ccc(cc1)C(O)=O,1
NS(=O)(=O)c1ccc(cc1)C(O)=O,O=C1CCCCN1,1
Brc1c2ccccc2cc2ccccc12,C=CCN1C(=O)C2=C(SC3=C(S2)C(=O)N(CC=C)C3=O)C1=O,1
NS(=O)(=O)c1ccc(cc1)C(O)=O,O=C1CCCCCN1,1
CN(C)c1ccc(cc1)C(=O)c1ccc(cc1)N(C)C,Oc1c(F)c(F)c(F)c(F)c1F,1
N#CC(C#N)=C1C2=NSN=C2C(=C(C#N)C#N)C2=NSN=C12,S1C=CSC1=C1SC=CS1,1
COc1ccnc2NC=C(C(=O)C(=O)N3CCN(CC3C)C(=O)c3ccccc3)c12,OC(=O)C(F)(F)F,1
CC12CCC(CC1)C(C)(C)O2,Oc1ccc(O)cc1,1
C1CN2CCN1CC2,Fc1cc(F)cc(I)c1,1
C1CN2CCN1CC2,Fc1c(F)c(F)c(I)c(F)c1F,1
C1CN2CCN1CC2,Fc1cccc(F)c1I,1
COc1ccc(CN2C=Cc3c(C)c4C(=O)C=CC(=O)c4c4cccc2c34)cc1,O=C1C=CC(=O)C=C1,1
COc1c2COCCOCCOCCOCc3cc(C)cc(c3OC)c3cc(C)cc(c3OC)c1cc(C)c2,N#CCC#N,1
COc1c2COCc3cccc(COCc4cc(C)cc(c4OC)c4cc(C)cc(c4OC)c1cc(C)c2)n3,N#CCC#N,1
N(c1cccc(Nc2ccccn2)c1)c1ccccn1,OC(=O)c1cccc(c1)C(O)=O,1
N(c1cccc(Nc2ccccn2)c1)c1ccccn1,OC(=O)c1ccc(Oc2ccc(cc2)C(O)=O)cc1,1
N(c1cccc(Nc2ccccn2)c1)c1ccccn1,OC(=O)C(O)=O,1
N(c1cccc(Nc2ccccn2)c1)c1ccccn1,OC(=O)CCCCCCCCC(O)=O,1
N(c1ccc(Nc2ccccn2)cc1)c1ccccn1,OC(=O)CCCCCCCCC(O)=O,1
CN1CC2CONC2(C1=O)c1ccccc1,Oc1ccc(O)cc1,1
Cc1ccncc1,Oc1c(Cl)c(Cl)c(Cl)c(Cl)c1Cl,1
NCCOCCOCCN,OC(=O)C=CC(O)=O,1
NCCOCCOCCN,OC(=O)CCCCC(O)=O,1
CCCN(CC=C)C(=O)C1=CC(=O)CCC1,OC(C1OC2(CCCCC2)OC1C(O)(c1ccccc1)c1ccccc1)(c1ccccc1)c1ccccc1,1
CCCN(CC=C)C(=O)C1=CC(=O)CCC1,OC(C1OC2(CCCC2)OC1C(O)(c1ccccc1)c1ccccc1)(c1ccccc1)c1ccccc1,1
CC(C)c1cc(C(C)C)c(CP(O)(O)=O)c(c1)C(C)C,COC,1
c1cc2ccc3cccc4ccc(c1)c2c34,Clc1ccc2c(c1)C(=C(C#N)C#N)c1ccccc1C2=C(C#N)C#N,1
CN1C(=O)N(C)C2=C(NC=N2)C1=O,COC(=O)c1cc(O)c(O)c(O)c1,1
c1ccc2nc3ccccc3cc2c1,OC(=O)C=CC=CC(O)=O,1
c1ccc2nc3ccccc3cc2c1,OC(=O)C=CC(O)=O,1
c1ccc2nc3ccccc3cc2c1,OC(=O)c1ccc(cc1)C(O)=O,1
c1ccc(cc1)C=Cc1ccccc1,N#Cc1cc(C#N)c(cc1C#N)C#N,1
Oc1c(F)c(F)c(F)c(F)c1F,S1N=C2C=CC=CC2=N1,1
[NH3+]C(C(C)C)C(=O)[O-],CC(Oc1ccccc1)C(O)=O,1
C1CN2CCN1CC2,Cc1ccc(O)cc1,1
Cc1ccc2OC(=O)C3C4C(C3c2c1)c1cc(C)ccc1OC4=O,OC(C1OC2(CCCCC2)OC1C(O)(c1ccccc1)c1ccccc1)(c1ccccc1)c1ccccc1,1
O=C(N(C1CCCCC1)C1CCCCC1)c1ccccc1c1ccccc1C(=O)N(C1CCCCC1)C1CCCCC1,Oc1ccccc1,1
Oc1ccc(cc1)C1(CCCCC1)c1ccc(O)cc1,OC1CCCCC1,1
CN1C=NC2=C1C(=O)N(C)C(=O)N2C,OC(=O)C(O)=O,1
CN1C=NC2=C1C(=O)N(C)C(=O)N2C,OC(=O)CC(O)=O,1
CN1C=NC2=C1C(=O)N(C)C(=O)N2C,OC(=O)C=CC(O)=O,1
Brc1ccc(Oc2nc(Oc3ccc(Br)cc3)nc(Oc3ccc(Br)cc3)n2)cc1,Fc1c(F)c(F)c(F)c(F)c1F,1
c1cc(ccn1)C=NN=Cc1ccncc1,CC1c2cc(C(C)c3cc(C(C)c4cc(C(C)c5cc1c(O)cc5O)c(O)cc4O)c(O)cc3O)c(O)cc2O,1
Cc1ccc(O)cc1,Cc1ccc(OC2=C(CCC3C4CCCN5CCCC(CN23)C45)C=O)cc1,1
O=C1C=CC(=O)C=C1,Oc1ccccc1I,1
Cc1ccccc1O,O=C1C=CC(=O)C=C1,1
Cc1nc(C)c(C)nc1C,Oc1c(I)cc(I)cc1I,1
O=C1C(=O)C(=C1NCc1cccnc1)NCc1cccnc1,OC(=O)c1ccccc1,1
c1cc(ccn1)c1ccncc1,IC#Cc1cccc2cc3cccc(C#CI)c3cc12,1
c1cc(ccn1)N=Nc1ccncc1,IC#Cc1cccc2cc3cccc(C#CI)c3cc12,1
C(Cc1ccncc1)c1ccncc1,IC#Cc1cccc2cc3cccc(C#CI)c3cc12,1
c1cc(ccn1)C=Cc1ccncc1,IC#Cc1cccc2cc3cccc(C#CI)c3cc12,1
CC1=CC(C)(C=C(C)N1)C1(C)C=C(C)NC(=C1)C,Cc1cc(C)nc(C)c1,1
COC1CCCC1,Oc1ccc2ccccc2c1c1c(O)ccc2ccccc12,1
O=C1CCCC=C1,Oc1ccc2ccccc2c1c1c(O)ccc2ccccc12,1
COC(=O)c1ccc(C=Cc2ccncc2)cc1,Oc1cc(O)c(Br)cc1Br,1
COC(=O)C=Cc1ccncc1,Oc1cc(O)cc(F)c1,1
COP1(=NP(=NP(=N1)(N)OC)(OC)OC)N,COP1(=NP(=NP(=N1)(OC)OC)(N)N)OC,1
CN(C)c1ccc(cc1)C(O)=O,OC(=O)c1cc(cc(c1)N(=O)=O)N(=O)=O,1
COC(=O)C=Cc1ccncc1,Oc1cccc(O)c1,1
NC(N)=O,Oc1ccc(cc1)N(=O)=O,1
c1cc(ccn1)c1ccncc1,OC(=O)c1ccccc1N(=O)=O,1
CC(C)(O)C#CC(C)(C)O,CC(C)(O)c1cc(cc(c1)C(C)(C)O)C(C)(C)O,1
c1cc(ccn1)c1ccncc1,OC(=O)c1cccc(c1C(O)=O)N(=O)=O,1
Nc1ccc(cc1)C(O)=O,O=C1CC2(CCCCC2)CN1,1
O=C1CC2(CCCCC2)CN1,OC(=O)c1cc(O)ccc1O,1
CCOC(=O)c1ccccc1N,CN(C)C=NN=CN(C)C,1
N#CC(C#N)=C1C=C(Cc2ccccc2)C(C=C1Cc1ccccc1)=C(C#N)C#N,S1C=CSC1=C1SC=CS1,1
NC(=O)c1cccnc1,OC(=O)c1ccccc1,1
CCOP(=O)(OCC)C(C)(N)CC,OC(C(OC(=O)c1ccccc1)C(O)=O)C(O)=O,1
NC(=O)c1cccnc1,Oc1cc2OC(=CC(=O)c2c(O)c1O)c1ccccc1,1
CC(C)NC(=O)C(O)C(O)C(=O)NC(C)C,CC1(O)c2ccccc2c2ccccc2C1(C)O,1
C1Cc2cccc(CCc3cccc1c3)c2,N#CC(C#N)=C(C#N)C#N,1
[NH3+]C(CC)C(=O)[O-],CC(Oc1ccccc1)C(O)=O,1
Cc1ccccc1O,Oc1ccc(cc1)C1(CCCCC1)c1ccc(O)cc1,1
Cc1cccc(O)c1,Oc1ccc(cc1)C1(CCCCC1)c1ccc(O)cc1,1
Cc1ccc(O)cc1,Oc1ccc(cc1)C1(CCCCC1)c1ccc(O)cc1,1
COC,Nc1ncc2CC(CCc2n1)(C#N)c1ncnc2SC3=C(CCCC3)c12,1
CC(C)(c1ccc(O)cc1)c1ccc(O)cc1,CNN,1
c1cc(ccn1)c1ccncc1,OC(=O)c1cc2ccccc2cc1O,1
O=C1C=CN(C=C1)c1ccc(cc1)N1C=CC(=O)C=C1,OC(=O)c1ccc(cc1)C(O)=O,1
CC(C)(C)c1cc(O)c(O)c(c1)C(C)(C)C,CC(C)(C)c1cc2N=C(Oc2c(c1)C(C)(C)C)C1=Nc2cc(cc(c2O1)C(C)(C)C)C(C)(C)C,1
C1CCC2OCCOCCOC3CCCCC3OCCOCCOC2C1,Nc1ccc(cc1)C(O)=O,1
CCCCc1c(C(=O)c2ccccc2)c(cc2c(nc3ccccc3c12)c1ccccc1)C(O)=O,COC(C)(C)C,1
Fc1c(F)c(F)c(F)c(F)c1F,Fc1ccc(cc1)C(=O)Nc1cccc(c1)C#C,1
CC(CCC(O)=O)C1CCC2C3C(O)CC4CC(O)CCC4(C)C3CC(O)C12C,COc1cc(OC)cc(OC)c1,1
CN1C(=O)N(C)C2=C(NC=N2)C1=O,COc1ccc(Cl)cc1C(=O)NCCc1ccc(cc1)S(=O)(=O)NC(=O)NC1CCCCC1,1
COc1ccc(Cl)cc1C(=O)NCCc1ccc(cc1)S(=O)(=O)NC(=O)NC1CCCCC1,OC(=O)c1cccnc1,1
COc1ccc(Cl)cc1C(=O)NCCc1ccc(cc1)S(=O)(=O)NC(=O)NC1CCCCC1,OC(=O)CNC(=O)c1ccccc1,1
Cc1ccc(cc1)C=C(C#N)c1ccc(cc1)C(=Cc1ccc(C)cc1)C#N,FC(F)(F)c1cc(cc(c1)C(F)(F)F)C(=Cc1ccc(cc1)C=C(C#N)c1cc(cc(c1)C(F)(F)F)C(F)(F)F)C#N,1
COCCC1CCCC1=O,OC(C1OC2(CCCCC2)OC1C(O)(c1ccccc1)c1ccccc1)(c1ccccc1)c1ccccc1,1
NC(=O)c1ccc(Cl)cc1,OC(=O)C(O)=O,1
NC(=O)c1ccc(Cl)cc1,OC(=O)CCCCCCCCC(O)=O,1
Cc1ccc(cc1)C(N)=O,OC(=O)C(O)=O,1
Cc1ccc(cc1)C(N)=O,OC(=O)CCCCCCCCC(O)=O,1
c1ccc2c(c1)ccc1ccccc21,OC(=O)CN1C(=O)c2cc3C(=O)N(CC(O)=O)C(=O)c3cc2C1=O,1
c1cc2cccc3c4cccc5cccc(c(c1)c23)c45,OC(=O)CN1C(=O)c2cc3C(=O)N(CC(O)=O)C(=O)c3cc2C1=O,1
OC(=O)CN1C(=O)c2cc3C(=O)N(CC(O)=O)C(=O)c3cc2C1=O,S1C=CSC1=C1SC=CS1,1
C(N1C=CC=N1)c1ccc(CN2C=CC=N2)cc1,OC(=O)c1cc(cc(c1)N(=O)=O)N(=O)=O,1
CC1=NN(Cc2ccc(CN3N=C(C)C=C3C)cc2)C(=C1)C,OC(=O)c1c(Cl)cccc1Cl,1
Nc1cccc(c1)C(O)=O,O=C1CN(N=CC2=CC=C(O2)N(=O)=O)C(=O)N1,1
NC(=O)c1ccc(O)cc1,O=C1CN(N=CC2=CC=C(O2)N(=O)=O)C(=O)N1,1
CNC=O,OC(c1ccccc1)C(O)(c1ccccc1)c1ccccc1,1
c1ccc2nc3ccccc3nc2c1,O=C1CN(N=CC2=CC=C(O2)N(=O)=O)C(=O)N1,1
COc1ccc(cc1)C1=NN(C(C1)c1c2ccccc2cc2ccccc12)C(C)=O,OC(=O)CC(O)=O,1
OC(=O)c1ccc(O)cc1,S=C1NC=NC2=C1NC=N2,1
OC(=O)c1ccc(O)cc1O,S=C1NC=NC2=C1NC=N2,1
CCOc1ccccc1C(N)=O,OC(=O)c1cc(Cl)cc(Cl)c1,1
CN1CCN(C)CC1,OC(C#C)(c1ccccc1)c1ccccc1Cl,1
CC#CC(O)(c1ccc(C)cc1C)c1ccc(C)cc1C,N1C=CN=N1,1
C1CCNCC1,CN(C)c1ccc(cc1)C(c1cc(C)c(O)c(C)c1)c1cc(C)c(O)c(C)c1,1
C1CCN2CCCN=C2CC1,CN(C)c1ccc(cc1)C(c1cc(C)c(O)c(C)c1)c1cc(C)c(O)c(C)c1,1
C1CSC2=C(S1)SC(S2)=C1SC2=C(SCCS2)S1,N#CC(C#N)=C1SC2=CC(SC2=C1)=C(C#N)C#N,1
NC(=O)c1ccc(O)cc1,OC(=O)C(O)=O,1
NC(=O)c1ccc(O)cc1,OC(=O)C=CC(O)=O,1
NC(=O)c1ccc(O)cc1,OC(=O)CCCC(O)=O,1
NC(=O)c1ccc(O)cc1,OC(=O)CCCCCC(O)=O,1
O=C(Nc1ccccn1)c1ccccc1,OC1=C(C#N)C(=O)C(=C(Cl)C1=O)Cl,1
Oc1ccc(O)cc1,Oc1ccncc1,1
Cc1cc(C)nc(NS(=O)(=O)c2ccc(N)cc2)n1,OC(=O)c1ccccc1O,1
COC(=O)C(C)Cl,Oc1c2ccccc2c2ccccc2c1c1c(O)c2ccccc2c2ccccc12,1
COC(=O)CC(O)CCl,Oc1c2ccccc2c2ccccc2c1c1c(O)c2ccccc2c2ccccc12,1
CC1=CC(=C(C(=O)N1)C(=O)c1ccccc1)C,OC(=O)c1ccccc1,1
O=C1C=CC2=Nc3cc4Nc5ccccc5N(c5ccccc5)c4cc3N(c3ccccc3)C2=C1,OC(C(F)(F)F)C(F)(F)F,1
CC#CC(O)(c1ccc(C)cc1C)c1ccc(C)cc1C,N1C=NC=N1,1
c1cc2ccc3ccc4ccc5cccc6c(c1)c2c3c4c56,N#CC(C#N)=C1C=CC(C=C1)=C(C#N)C#N,1
Clc1ccc2OC(=O)Nc2c1,OC(=O)c1ccc(O)cc1O,1
COC(=O)c1ccncc1,Fc1c(F)c(I)c(F)c(F)c1I,1
Cc1cccc(C)c1NC(=O)COc1cccc2cccnc12,Oc1ccc(O)cc1,1
Cc1cccc(C)c1NC(=O)COc1cccc2cccnc12,Oc1cccc2c(O)cccc12,1
CP(=O)(c1ccccc1)c1ccccc1,FC(F)(I)C(F)(F)C(F)(F)C(F)(F)I,1
Cc1cnccn1,CNC(N)=S,1
Cc1nccnc1C,NC(N)=O,1
Cc1cnccn1,NC(N)=O,1
CN(C)c1cc(cc(c1)N(C)C)N(C)C,N#Cc1cc(cc(c1)C#N)C#N,1
c1cnc2ccc3N=CC4=CC=CN4c3c2c1,N#CC(C#N)=C1C=CC(C=C1)=C(C#N)C#N,1
CSC1=C(C#N)C(=S)NC(=N1)N,NC(N)=O,1
CC1(CO)C(O)CCC2(C)C(CC=C3C(O)COC3=O)C(=C)CCC12,COc1ccccc1O,1
CC1(CO)C(O)CCC2(C)C(CC=C3C(O)COC3=O)C(=C)CCC12,Oc1cccc(O)c1,1
CC1(CO)C(O)CCC2(C)C(CC=C3C(O)COC3=O)C(=C)CCC12,OC(=O)c1ccccc1O,1
CC1(CO)C(O)CCC2(C)C(CC=C3C(O)COC3=O)C(=C)CCC12,COc1cc(C=O)ccc1O,1
CC1(CO)C(O)CCC2(C)C(CC=C3C(O)COC3=O)C(=C)CCC12,COc1cc(ccc1O)C(O)=O,1
c1cnccn1,Oc1cc2Cc3cc(O)c(O)cc3Cc3cc(O)c(O)cc3Cc2cc1O,1
c1cc(ccn1)c1ccncc1,Oc1cc2Cc3cc(O)c(O)cc3Cc3cc(O)c(O)cc3Cc2cc1O,1
c1cnc2c(c1)ccc1cccnc21,Oc1cc2Cc3cc(O)c(O)cc3Cc3cc(O)c(O)cc3Cc2cc1O,1
CCCC1=Nc2c(C)cc(cc2N1Cc1ccc(cc1)c1ccccc1C(O)=O)C1=Nc2ccccc2N1C,OC(=O)c1cc(O)ccc1O,1
CC1=C2C=CC(=N2)C(=C2NC(=C(C)C3=NC(=C(C)C4=CC=C1N4)C=C3)C=C2)C,N#CC(C#N)=C1C=CC(C=C1)=C(C#N)C#N,1
O=N(=O)c1cccc(c1)N(=O)=O,S1C=CSC1=C1SC=CS1,1
c1cc(ccn1)C#Cc1ccncc1,Fc1c(F)c(Br)c(F)c(F)c1Br,1
c1cc(ccn1)C#Cc1ccncc1,Fc1c(F)c(I)c(F)c(F)c1I,1
Brc1cc(Br)c(Br)cc1Br,c1cc(ccn1)C#Cc1ccncc1,1
COc1cc2CSCc3ccc(CSCc1cc2OC)cc3,N#CC(C#N)=C(C#N)C#N,1
O=Cc1c2ccccc2cc2ccccc12,OC(C#CC#CC(O)(c1ccccc1)c1ccccc1)(c1ccccc1)c1ccccc1,1
O=C(N1CCCCC1)C(=O)c1ccccc1,OC(C#CC#CC(O)(c1ccccc1)c1ccccc1)(c1ccccc1)c1ccccc1,1
O=C1NC=CC=C1,OC(C#CC#CC(O)(c1ccccc1)c1ccccc1Cl)(c1ccccc1)c1ccccc1Cl,1
CN(C)C(=O)C(=O)c1ccccc1,OC(C#CC#CC(O)(c1ccccc1)c1ccccc1Cl)(c1ccccc1)c1ccccc1Cl,1
Nc1ncccn1,OC(=O)CC(c1ccccc1)(c1ccccc1)c1ccccc1,1
CN(C)c1ccc(cc1)N(=O)=O,O=C(Nc1cccc(c1)N(=O)=O)Nc1cccc(c1)N(=O)=O,1
O=C(Nc1cccc(c1)N(=O)=O)Nc1cccc(c1)N(=O)=O,O=P(c1ccccc1)(c1ccccc1)c1ccccc1,1
NC1=NC(=CC(=O)N1)N,OC(=O)c1ccc(cc1)N(=O)=O,1
c1ccc2nccnc2c1,OC1=C(Cl)C(=O)C(=C(Cl)C1=O)O,1
c1ccc2cc3ccccc3cc2c1,OC(=O)C(N1C(=O)c2cc3C(=O)N(C(C(O)=O)c4ccccc4)C(=O)c3cc2C1=O)c1ccccc1,1
c1cc2cccc3c4cccc5cccc(c(c1)c23)c45,OC(=O)C(N1C(=O)c2cc3C(=O)N(C(C(O)=O)c4ccccc4)C(=O)c3cc2C1=O)c1ccccc1,1
c1cc(ccn1)c1ccncc1,OC(=O)C=CC(O)=O,1
CC1(C)CCN2COC(C3OCN4CCC(C)(C)N=C34)C2=N1,Oc1ccc2ccccc2c1c1c(O)ccc2ccccc12,1
C1OC(C2OCN3Cc4ccccc4N=C23)C2=Nc3ccccc3CN12,Oc1ccc2ccccc2c1c1c(O)ccc2ccccc12,1
CCOC(=O)CCC1CCCNC1,OC(C(O)=O)c1ccccc1,1
CCCCCCO,OC(=O)c1cc(cc(c1)C(O)=O)C(O)=O,1
O=C1NN=Cc2ccccc12,Oc1c(cc(cc1N(=O)=O)N(=O)=O)N(=O)=O,1
O=N(=O)c1cccc2ncccc12,OC(=O)C1=Cc2ccccc2N1,1
O=P(c1ccccc1)(c1ccccc1)c1ccccc1,Oc1ccc(O)cc1,1
O=C([O-])C1[NH2+]CCC1,OC(=O)C1C(C2c3ccccc3C1c1ccccc21)C(O)=O,1
c1cnc2ccc3ncccc3c2c1,OC(=O)C1CC(C(CC1C(O)=O)C(O)=O)C(O)=O,1
c1ccc2nc3ccccc3nc2c1,OC(=O)C1CC(C(CC1C(O)=O)C(O)=O)C(O)=O,1
c1ccc(nc1)c1ccccn1,OC(=O)C1CC(C(CC1C(O)=O)C(O)=O)C(O)=O,1
c1ccc(C=Cc2ccccn2)nc1,OC(=O)C1CC(C(CC1C(O)=O)C(O)=O)C(O)=O,1
CNC(=S)C1=CSC(S1)=C1SC(=C(SC)S1)SC,N#CC(C#N)=C1C=CC(C=C1)=C(C#N)C#N,1
CC(C)(C)c1ccccc1N1C(=O)c2cc3C(=O)N(C(=O)c3cc2C1=O)c1ccccc1C(C)(C)C,Cc1ccc(O)cc1,1
CC(C)(C)c1ccccc1N1C(=O)c2cc3C(=O)N(C(=O)c3cc2C1=O)c1ccccc1C(C)(C)C,Oc1cccc2ccccc12,1
CC(C)(C)c1ccccc1N1C(=O)c2cc3C(=O)N(C(=O)c3cc2C1=O)c1ccccc1C(C)(C)C,Oc1ccc2ccccc2c1,1
c1cc(ccn1)c1ccncc1,OC(=O)CNS(=O)(=O)c1cccc(c1)C(O)=O,1
CC(C)(C)c1ccccc1N1C(=O)c2cc3C(=O)N(C(=O)c3cc2C1=O)c1ccccc1C(C)(C)C,Oc1ccccc1O,1
CC(C)(C)c1ccccc1N1C(=O)c2cc3C(=O)N(C(=O)c3cc2C1=O)c1ccccc1C(C)(C)C,N1C=Cc2ccccc12,1
CC(C)(C)c1ccccc1N1C(=O)c2cc3C(=O)N(C(=O)c3cc2C1=O)c1ccccc1C(C)(C)C,CC1=CNc2ccccc12,1
CC(C)(C)c1ccc(cc1)C(O)=O,O=C(NN=C(c1ccccc1)c1ccccc1)c1ccncc1,1
CC(C)(C)c1ccc(cc1)C(O)=O,CC(CC(C)(C)O)=NNC(=O)c1ccncc1,1
CCCC1C(=O)C2=C3C4C(CC2)C2CCC4(C(=O)C(CCC)C13O)C(=C2)C(=O)OC,CCCCC1(O)OC2=C(CCC)C(=O)C34CCC(C=C3C(=O)OC)C3CCC1=C2C43,1
NC(N)=O,OCC1OC(O)C(O)C(O)C1O,1
C1COCCOCCNCCOCCOCCN1,Oc1ccc(cc1)N(=O)=O,1
C1COCCOCCNCCOCCOCCN1,Nc1ccc(cc1N(=O)=O)N(=O)=O,1
C1COCCOCCNCCOCCOCCN1,CCC1(CC)C(=O)NC(=O)NC1=O,1
C1COCCOCCNCCOCCOCCN1,ON=Cc1ccccc1O,1
C1COCCOCCNCCOCCOCCN1,OCC#CCO,1
Cc1c2ccccc2cc2ccccc12,O=C1N(C2CCC2)C(=O)C2=C1SC1=C(S2)C(=O)N(C2CCC2)C1=O,1
Cc1cc(C)nc(C)c1,OC(=O)c1ccccc1,1
Nc1ncccn1,OC(=O)Cc1ccc(CC(O)=O)cc1,1
c1cc(ccn1)c1ccncc1,Oc1ccccc1c1ccccc1O,1
C(Cc1ccncc1)c1ccncc1,OC(=O)Cc1ccccc1Nc1c(Cl)cccc1Cl,1
CCOC(=O)c1ccc(O)cc1,NC(=O)c1cccnc1,1
Cc1cc(N)c(N)cc1C,CN(C)c1ccccc1,1
Nc1cccc(Cl)n1,OC(=O)CCCC(O)=O,1
c1ccc2cc3ccccc3cc2c1,Clc1c(Cl)c(Cl)c(C#N)c(C#N)c1Cl,1
C1COCCOCCOCCOCCOCCO1,N#CSC#N,1
Cc1ccc(cc1)N1C(=CC2=C1C=C(N2c1ccc(C)cc1)c1cccnc1)c1cccnc1,Oc1ccccc1,1
Cc1ccc(cc1)N1C(=CC2=C1C=C(N2c1ccc(C)cc1)c1cccnc1)c1cccnc1,Oc1cc(F)c(F)c(F)c1,1
Cc1ccc(cc1)N1C(=CC2=C1C=C(N2c1ccc(C)cc1)c1cccnc1)c1cccnc1,Oc1c(F)c(F)c(F)c(F)c1F,1
Cc1ccc(cc1)N1C(=CC2=C1C=C(N2c1ccc(C)cc1)c1cccnc1)c1cccnc1,OC(=O)c1cc(F)c(F)c(F)c1,1
Cc1ccc(cc1)N1C(=CC2=C1C=C(N2c1ccc(C)cc1)c1cccnc1)c1cccnc1,OC(=O)c1ccccc1O,1
[NH3+]C(CCC)C(=O)[O-],[NH3+]C(CCCC)C(=O)[O-],1
[NH3+]C(CCCC)C(=O)[O-],[NH3+]C(CCSC)C(=O)[O-],1
[NH3+]C(C(C)C)C(=O)[O-],[NH3+]C(CCCC)C(=O)[O-],1
CN1C=NC2=C1C(=O)N(C)C(=O)N2C,OC(=O)CCSc1ccccc1,1
CC1CCC(C(C)C)C2(C1)CC(C)(C)N(C2N(c1ccccc1)c1ccccc1)c1c(cccc1C(C)C)C(C)C,N(c1ccccc1)c1ccccc1,1
O=N(=O)c1cc2C(=C(C#N)C#N)c3cc(cc(c3c2c(c1)N(=O)=O)N(=O)=O)N(=O)=O,S1C=CSC1=C1SC=CS1,1
N#Cc1cc(C#N)c2Oc3cc4Oc5nc(Oc6cc(Oc1n2)cc(Oc1nc(Oc(c3)c4)c(cc1C#N)C#N)c6)c(cc5C#N)C#N,Oc1ccc(O)cc1,1
N#Cc1cc(C#N)c2Oc3cc4Oc5nc(Oc6cc(Oc1n2)cc(Oc1nc(Oc(c3)c4)c(cc1C#N)C#N)c6)c(cc5C#N)C#N,Nc1cccc(N)c1,1
Cc1cnc2cccc(O)c2n1,Oc1ccc(O)cc1,1
OC(=O)C1=Cc2ccccc2N1,OC(=O)c1cc(cc(c1)N(=O)=O)N(=O)=O,1
O=N(=O)c1cc(c(C=Cc2c(cc(cc2N(=O)=O)N(=O)=O)N(=O)=O)c(c1)N(=O)=O)N(=O)=O,S1C=CSC1=C1SC=CS1,1
O=C1C(=C(N=[N+]=[N-])C(=O)C(=C1N=[N+]=[N-])N=[N+]=[N-])N=[N+]=[N-],S1C=CSC1=C1SC=CS1,1
CN1C=NC2=C1C(=O)NC(=O)N2C,OC(=O)C(O)=O,1
CC(CCC(N)=O)C1CCC2C3C(O)CC4CC(O)CCC4(C)C3CC(O)C12C,Cc1cccc(O)c1,1
CC(CCC(N)=O)C1CCC2C3C(O)CC4CC(O)CCC4(C)C3CC(O)C12C,CCCCOC(=O)C(C)O,1
CC(CCC(N)=O)C1CCC2C3C(O)CC4CC(O)CCC4(C)C3CC(O)C12C,CC1CCC(=O)CC1,1
O=C1CCCC1,O=N(=O)c1ccc(cc1)S(=O)(=O)Nc1ccc(NS(=O)(=O)c2ccc(cc2)N(=O)=O)cc1,1
NC1CCCCC1N,OC1CC=CCC1O,1
CC(N)C(C)N,OC1CCCCC1O,1
CC(N)C(C)N,OC1CC(Br)C(Br)CC1O,1
NC1CCCCC1N,OC1CCCCC1O,1
c1cnccn1,OC(=O)C(O)=O,1
c1cnccn1,OC(=O)CC(O)=O,1
c1cnccn1,OC(=O)CCCC(O)=O,1
c1cnccn1,OC(=O)CCCCC(O)=O,1
c1cnccn1,OC(=O)CCCCCC(O)=O,1
CCOC(=O)C1=Cc2cccc(OC)c2OC1=O,NC1=Nc2ccccc2S1,1
c1ccc(cc1)C#Cc1ccccc1,Fc1c(F)c(I)c(F)c(F)c1I,1
c1ccc(cc1)C=Cc1ccccc1,Fc1c(F)c(I)c(F)c(F)c1I,1
Fc1c(F)c(C#Cc2ccccc2)c(F)c(F)c1C#Cc1ccccc1,Fc1c(F)c(F)c(C#Cc2ccc(cc2)C#Cc2c(F)c(F)c(F)c(F)c2F)c(F)c1F,1
c1ccc2nc3ccccc3nc2c1,OC(C(O)c1ccccc1)c1ccccc1,1
O=C1Sc2ccccc2C=C1,OC(C1OC2(CCCC2)OC1C(O)(c1ccccc1)c1ccccc1)(c1ccccc1)c1ccccc1,1
c1cc(ccn1)N=Nc1ccncc1,OC(=O)C1C(C2c3ccccc3C1c1ccccc21)C(O)=O,1
O=C1Sc2ccccc2C2C1C1C2c2ccccc2SC1=O,OC(C1OC2(CCCC2)OC1C(O)(c1ccccc1)c1ccccc1)(c1ccccc1)c1ccccc1,1
c1cc(ccn1)N=Nc1ccncc1,OC(=O)C1CCCCC1C(O)=O,1
CC(C)(C)P(=O)c1ccccc1,OC(=O)C(OC(=O)c1ccccc1)C(OC(=O)c1ccccc1)C(O)=O,1
c1cc(ccn1)C=NN=Cc1ccncc1,OC(=O)CCCCC(O)=O,1
c1cc(ccn1)C=NN=Cc1ccncc1,OC(=O)CCCC(O)=O,1
IC#CC#CC#CI,O=P(c1ccccc1)(c1ccccc1)c1ccccc1,1
Nc1ccccc1C#N,OC(C#CC#CC(O)(c1ccccc1)c1ccccc1)(c1ccccc1)c1ccccc1,1
Nc1ccc(cc1)C#N,OC(C#CC#CC(O)(c1ccccc1)c1ccccc1)(c1ccccc1)c1ccccc1,1
Nc1cccc(c1)C#N,OC(C#CC#CC(O)(c1ccccc1)c1ccccc1)(c1ccccc1)c1ccccc1,1
c1cc2ccc3cccc4ccc(c1)c2c34,O=C1N(c2ccncc2)C(=O)c2ccc3C(=O)N(c4ccncc4)C(=O)c4ccc1c2c34,1
N#CC(C#N)=C1C=CC(C=C1)=C(C#N)C#N,O=C(C=Cc1ccc2ccc3cccc4ccc1c2c34)c1ccccc1,1
CC(CCC(O)=O)C1CCC2C3C(O)CC4CC(O)CCC4(C)C3CC(O)C12C,CCc1ccccc1,1
C=Cc1ccccc1,CC(CCC(O)=O)C1CCC2C3C(O)CC4CC(O)CCC4(C)C3CC(O)C12C,1
C#Cc1ccccc1,CC(CCC(O)=O)C1CCC2C3C(O)CC4CC(O)CCC4(C)C3CC(O)C12C,1
C=CCc1ccccc1,CC(CCC(O)=O)C1CCC2C3C(O)CC4CC(O)CCC4(C)C3CC(O)C12C,1
CC(CCC(O)=O)C1CCC2C3C(O)CC4CC(O)CCC4(C)C3CC(O)C12C,ClCc1ccccc1,1
BrCc1ccccc1,CC(CCC(O)=O)C1CCC2C3C(O)CC4CC(O)CCC4(C)C3CC(O)C12C,1
CC(CCC(O)=O)C1CCC2C3C(O)CC4CC(O)CCC4(C)C3CC(O)C12C,O=Cc1ccccc1,1
CC(=O)Oc1ccccc1,CC(CCC(O)=O)C1CCC2C3C(O)CC4CC(O)CCC4(C)C3CC(O)C12C,1
CC(CCC(O)=O)C1CCC2C3C(O)CC4CC(O)CCC4(C)C3CC(O)C12C,O=COCc1ccccc1,1
CC(CCC(O)=O)C1CCC2C3C(O)CC4CC(O)CCC4(C)C3CC(O)C12C,COc1ccccc1,1
CC(CCC(O)=O)C1CCC2C3C(O)CC4CC(O)CCC4(C)C3CC(O)C12C,CCOc1ccccc1,1
CC(CCC(O)=O)C1CCC2C3C(O)CC4CC(O)CCC4(C)C3CC(O)C12C,COCc1ccccc1,1
CC(CCC(O)=O)C1CCC2C3C(O)CC4CC(O)CCC4(C)C3CC(O)C12C,CNc1ccccc1,1
CC(CCC(O)=O)C1CCC2C3C(O)CC4CC(O)CCC4(C)C3CC(O)C12C,CCNc1ccccc1,1
c1cc(ccn1)c1ccncc1,OC1=CC(=O)c2ccccc2C1=O,1
O=C1NC=CC=C1,OC1=CC(=O)c2ccccc2C1=O,1
C(Cc1ccncc1)Cc1ccncc1,OC1=CC(=O)c2ccccc2C1=O,1
O=C([O-])C[N+]12CCC(CC1)CC2,OC(=O)c1ccc(O)cc1,1
C1C2c3ccccc3C1c1cc3C4CC(c5cc6cc7C8CC(c7cc6cc45)c4cc5C6CC(c7ccccc67)c5cc84)c3cc21,N#Cc1ccc(cc1)C#N,1
CC1=CC(=O)C(=CC1=O)C,Oc1ccccc1c1ccccc1O,1
C1C2c3ccccc3C1c1cc3C4CC(c5cc6cc7C8CC(c7cc6cc45)c4cc5C6CC(c7ccccc67)c5cc84)c3cc21,N#CC(C#N)=C1C=CC(C=C1)=C(C#N)C#N,1
c1cc2ccc3cccc4ccc(c1)c2c34,Fc1c(F)c(F)c(Cl)c(F)c1F,1
c1cc2ccc3cccc4ccc(c1)c2c34,Fc1c(F)c(F)c(Br)c(F)c1F,1
c1cc2ccc3cccc4ccc(c1)c2c34,Fc1c(F)c(F)c(I)c(F)c1F,1
c1cc2ccc3cccc4ccc(c1)c2c34,Fc1c(F)c(F)c(Br)c(Br)c1F,1
c1cc2ccc3cccc4ccc(c1)c2c34,Fc1c(F)c(Br)c(F)c(Br)c1F,1
c1cc2ccc3cccc4ccc(c1)c2c34,Fc1c(F)c(Br)c(F)c(F)c1Br,1
COc1cccc(OC)c1C1=CC(=O)c2ccccc2O1,OC(=O)CBr,1
C#C,C=O,1
C#C,Fc1c(F)c(F)c(F)c(F)c1F,1
CN(C)C=CC(=O)c1cc(cc(c1)C(=O)C=CN(C)C)C(=O)C=CN(C)C,Oc1ccc(O)cc1,1
IC1=CSC(S1)=C1SC=CS1,O=N(=O)c1ccc(cc1)N(=O)=O,1
Cc1ccc(cc1)N(c1ccc(cc1)C(=O)Nc1cccc(C)n1)c1ccc(cc1)C(=O)Nc1cccc(C)n1,OC(=O)CCCCC(O)=O,1
c1cc(ccn1)c1ccncc1,CSC1=C(SC)SC(S1)=C1SC=C(S1)C(O)=O,1
c1cc(ccn1)C=Cc1ccncc1,CCCCCCCCCC(O)=O,1
CC(=O)Oc1cc(ccc1C(O)=O)C(F)(F)F,NC(=O)c1ccccn1,1
CC(=O)Oc1cc(ccc1C(O)=O)C(F)(F)F,NC(N)=O,1
C1CSCCSCCCSCCSC1,IC(I)=C(I)I,1
c1ccc2c(c1)N(c1ccc(cc1)c1ccc(cc1)N1c3ccccc3c3ccccc13)c1ccccc21,N#CC(C#N)=C1C=CC(C=C1)=C(C#N)C#N,1
CC(O)=CC(C)=O,CC1(C)OC(C(O1)C(O)(c1ccccc1)c1ccccc1)C(O)(c1ccccc1)c1ccccc1,1
c1cc(ccn1)C=Cc1ccncc1,O=C1NC(=O)NC(=O)N1,1
Clc1ccc(cc1)C=Cc1ccncc1,NC(N)=O,1
CN(C)c1ccc(cc1)N(C)C,N#Cc1nc(nc(n1)c1nc(nc(n1)C#N)C#N)C#N,1
c1ccc(C=Cc2ccccn2)nc1,NC(N)=O,1
c1ccc(C=Cc2ccncc2)nc1,NC(N)=O,1
c1ccc(C=Cc2cccnc2)nc1,NC(N)=O,1
c1cc(ccn1)C=Cc1ccncc1,NC(N)=O,1
N#Cc1ccc(C=Cc2ccncc2)cc1,NC(N)=O,1
[NH3+]C(C(C)C)C(=O)[O-],OC(=O)C=CC(O)=O,1
O=C1C=CC(=O)C=C1,Oc1ccccc1c1ccccc1O,1
O=C1C=CC(=O)C=C1,Oc1ccc(cc1)c1ccc(O)cc1,1
CC(C)(C)N1CC(N2C(=O)c3ccccc3C2=O)C1=O,Oc1c2ccccc2c2ccccc2c1c1c(O)c2ccccc2c2ccccc12,1
NC1=Nc2ccccc2S1,Oc1ccccc1C=NC1=Nc2ccccc2S1,1
CCCCCCCCC(O)=O,O=C1NC(=C2C(=O)NC(=C12)C1=CC=CO1)C1=CC=CO1,1
O=P(c1ccccc1)(c1ccccc1)c1ccccc1,OC(=O)c1c(cc(cc1N(=O)=O)N(=O)=O)N(=O)=O,1
O=P(c1ccccc1)(c1ccccc1)c1ccccc1,OC(=O)c1cc(cc(c1)N(=O)=O)N(=O)=O,1
CN1C=C(N=C1N(=O)=O)N(=O)=O,Oc1c(cc(cc1N(=O)=O)N(=O)=O)N(=O)=O,1
Brc1c(Br)c(Br)c2C(=O)OC(=O)c2c1Br,c1cc2cccc3c4cccc5cccc(c(c1)c23)c45,1
Cc1ccc(cc1)S(=O)(=O)Nc1ccc(NS(=O)(=O)c2ccc(C)cc2)cc1,O=C1CCCC1,1
C1OCC=C1,Cc1ccc(cc1)S(=O)(=O)Nc1ccc(NS(=O)(=O)c2ccc(C)cc2)cc1,1
COc1ccccc1,Nc1ncnc2N(N=C(c3ccc(Oc4ccccc4)cc3)c12)C1CCCN(C1)C(=O)C=C,1
CC1(O)C(=O)C(C)(C=C(Cl)C1(C)N(=O)=O)N(=O)=O,CC1=C(Cl)C(N(=O)=O)C(C)(O)C(=O)C1(C)N(=O)=O,1
c1ccc(cc1)C#CC(C#Cc1ccccc1)=C(C#Cc1ccccc1)C#Cc1ccccc1,O=C1c2cc(ccc2c2c1cc(cc2N(=O)=O)N(=O)=O)N(=O)=O,1
Cc1c(C)c(C)c2c(c1C)C1(C)OOC2(C)C(=C1C)C,N#CC(C#N)=C(C#N)C#N,1
c1cc2ccc3cccc4ccc(c1)c2c34,Clc1c(Cl)c(C#N)c(Cl)c(C#N)c1Cl,1
CC1(C)C2CCC1(CS(O)(=O)=O)C(=O)C2,Fc1ccc(cc1)C1CNC(=O)C21CCNCC2,1
C1CCC2(CC1)Nc1ccccc1N2,C1CCN(CC1)C1=CC2=NC3(CCCCC3)N=C2C=C1N1CCCCC1,1
Brc1c(Br)c(Br)c(Br)c(Br)c1Br,Brc1cc(Br)c(Br)cc1Br,1
CN1C=NC2=C1C(=O)N(C)C(=O)N2C,Oc1ccc(Cl)cc1C(=O)Nc1ccc(cc1Cl)N(=O)=O,1
Nc1ccc(cc1)C(O)=O,Oc1ccc(Cl)cc1C(=O)Nc1ccc(cc1Cl)N(=O)=O,1
CN1C(=O)N(C)C2=C(NC=N2)C1=O,Oc1ccc(Cl)cc1C(=O)Nc1ccc(cc1Cl)N(=O)=O,1
NC(N)=O,Oc1ccc(Cl)cc1C(=O)Nc1ccc(cc1Cl)N(=O)=O,1
COc1ccc(cc1)C1(O)c2ccccc2Oc2ccccc12,Nc1ccc(N)cc1,1
C1N2CN3CN1CN(C2)C3,OC(=O)c1ccccc1,1
NC(=O)c1cnccn1,Oc1cccc(O)c1O,1
NC(=O)c1ccncc1,Oc1cccc(O)c1O,1
NC(=O)c1cccnc1,Oc1cccc(O)c1O,1
O=C1Nc2ccccc2C=C1,Oc1cccc(O)c1O,1
O=C(Oc1cc(OC(=O)c2ccccc2)cc(OC(=O)c2ccccc2)c1)c1ccccc1,Oc1c(F)c(F)c(F)c(F)c1F,1
c1ccc(nc1)c1ccccn1,OC(=O)CCN1C(=O)c2ccccc2C1=O,1
FC1=C(F)C(C(=C(F)C1=C(C#N)C#N)F)=C(C#N)C#N,IC1=CSC(S1)=C1SC2=C(SCCS2)S1,1
FC1=CC(C(=CC1=C(C#N)C#N)F)=C(C#N)C#N,IC1=CSC(S1)=C1SC2=C(SCCS2)S1,1
IC1=CSC(S1)=C1SC2=C(SCCS2)S1,N#CC(C#N)=C1C=CC(C=C1)=C(C#N)C#N,1
COc1cc2ncnc(Nc3cccc(c3)C#C)c2cc1OC,OC(=O)CCCCCCC(O)=O,1
COc1cc2ncnc(Nc3cccc(c3)C#C)c2cc1OC,OC(=O)CCCCCCCCCCC(O)=O,1
CC(=O)N1C=CN(C=C1)C(C)=O,NC(N)=S,1
CC(=O)N1C=CN(C(C)=O)C(=C1C)C,NC(N)=S,1
CC(=O)N1C=C(C)N(C=C1C)C(C)=O,NC(N)=S,1
CC1=C(C)C(=O)C(=C(C)C1=O)C,Cc1cc(C)c(C)cc1C,1
COC(=O)C1=C(C)NC2=C(C1c1cccc(Cl)c1)C(=O)NC(=S)N2,O=P(c1ccccc1)(c1ccccc1)c1ccccc1,1
C(Sc1ccncc1)c1cc2ccccc2cc1CSc1ccncc1,OC(=O)C=CC(O)=O,1
CC1=C(Nc2ccccc12)C(C1=C(C)c2ccccc2N1)C1=C(C)c2ccccc2N1,CCP(=O)(CC)CC,1
Clc1nc(Cl)nc(Cl)n1,S(Sc1ccccn1)c1ccccn1,1
CCCC1=C2NC(=C1)C1=CC=C(O1)C1=NC(=CC=C3NC(=C4C=C(CCC)C(=N4)C=C2)C=C3CCC)C(=C1)CCC,N#CC(C#N)=C1C=CC(C=C1)=C(C#N)C#N,1
C1N2CN3CN1CN(C2)C3,IC(I)I,1
CCC1(CC)C(=O)NC(=O)NC1=O,Nc1ccc(cn1)N(=O)=O,1
CN(C)c1ccncc1,Oc1ccc(cc1)C(c1ccc(O)cc1)=C(c1ccc(O)cc1)c1ccc(O)cc1,1
c1cc(ccn1)c1ccncc1,Oc1ccc(cc1)C(c1ccc(O)cc1)=C(c1ccc(O)cc1)c1ccc(O)cc1,1
c1ccc(nc1)c1ccccn1,Oc1ccc(cc1)C(c1ccc(O)cc1)=C(c1ccc(O)cc1)c1ccc(O)cc1,1
c1cnc2c(c1)ccc1cccnc21,Oc1ccc(cc1)C(c1ccc(O)cc1)=C(c1ccc(O)cc1)c1ccc(O)cc1,1
N1C=CN=C1,Oc1ccc(cc1)C(c1ccc(O)cc1)=C(c1ccc(O)cc1)c1ccc(O)cc1,1
CC1=NC=CN1,Oc1ccc(cc1)C(c1ccc(O)cc1)=C(c1ccc(O)cc1)c1ccc(O)cc1,1
CCC1=NC=CN1,Oc1ccc(cc1)C(c1ccc(O)cc1)=C(c1ccc(O)cc1)c1ccc(O)cc1,1
CCCCC1=NC=CN1,Oc1ccc(cc1)C(c1ccc(O)cc1)=C(c1ccc(O)cc1)c1ccc(O)cc1,1
O=CC1=CNC=N1,Oc1ccc(cc1)C(c1ccc(O)cc1)=C(c1ccc(O)cc1)c1ccc(O)cc1,1
CCCCCO,OC(=O)CCC(=O)Nc1ccc(cc1)S(=O)(=O)N=C1NC=CS1,1
N#CCCCCCC#N,NC(N)=O,1
N#CCCCC#N,NC(N)=O,1
NC(N)=O,O=C(NCCCCCC#N)NCCCCCC#N,1
NC(N)=O,O=C(Nc1ccc(cc1)C#N)Nc1ccc(cc1)C#N,1
CC1CCC(=O)O1,OC(C1OC2(CCCC2)OC1C(O)(c1ccccc1)c1ccccc1)(c1ccccc1)c1ccccc1,1
CC1CCCC(=O)O1,OC(C1OC2(CCCC2)OC1C(O)(c1ccccc1)c1ccccc1)(c1ccccc1)c1ccccc1,1
CC1(C)OC(C(O1)C(O)(c1ccccc1)c1ccccc1)C(O)(c1ccccc1)c1ccccc1,CC1CCCC(=O)O1,1
C1CNCCN1,Oc1ccccc1,1
CC1CNC(C)CN1,Oc1ccccc1,1
c1ccc2cc3cc4ccccc4cc3cc2c1,N#CC(C#N)=C1C=CC(C=C1)=C(C#N)C#N,1
CC1(O)C2CCC3CC1CC(C2)C3(C)O,Oc1ccc(Cl)cc1,1
NC(=O)c1c(F)c(F)c(F)c(F)c1F,OC(=O)c1c(F)c(F)c(F)c(F)c1F,1
CC1(O)C2CCCC3CC1CC(C2)C3(C)O,Oc1cc(O)cc(O)c1,1
CCC1(CC)C(=O)NC(=O)NC1=O,Nc1nc(Nc2ccc(I)cc2)nc(Nc2ccc(cc2)C#N)n1,1
CC1(C)C(=O)NC(=O)NC1=O,Nc1nc(Nc2ccccc2)nc(Nc2ccccc2)n1,1
CCC1(CC)C(=O)NC(=O)NC1=O,Nc1nc(Cl)nc(Nc2cccc(Br)c2)n1,1
C1CN2CN3CN1CN(C2)C3,Oc1ccc(O)cc1,1
Cc1ccc(cc1)S(O)(=O)=O,CN(C)C(=O)C1=C(c2ccc(C)cc2)c2ccccc2C1=C,1
NC(=O)c1ccncc1,OC(=O)CC(O)(CC(O)=O)C(O)=O,1
Cc1cc2N=CN(Cc3cccnc3)c2cc1C,ON=C(C#N)c1ccc(O)cc1,1
Cc1cc2N=CN(Cc3ccncc3)c2cc1C,ON=C(C#N)c1ccc(O)cc1,1
C(N1C=CN=C1c1ccccc1)c1cccnc1,ON=C(C#N)c1ccc(O)cc1,1
Oc1ccc(cc1)C1(CCCCC1)c1ccc(O)cc1,Oc1cccc(Cl)c1,1
Oc1ccc(cc1)C1(CCCCC1)c1ccc(O)cc1,Oc1ccc(Cl)cc1,1
C1N2CN3CN1CN(C2)C3,Cc1cc(CN(Cc2cc(C)c(O)c(C)c2)Cc2cc(C)c(O)c(C)c2)cc(C)c1O,1
O=C(NC#N)Nc1ccccc1,O=C(NC(=O)Nc1ccccc1)Nc1ccccc1,1
C(Cc1ccncc1)c1ccncc1,OC(=O)c1cc(ccc1Cl)N(=O)=O,1
CN1C=NC2=C1C(=O)NC(=O)N2C,OC(=O)C(F)(F)F,1
CN1C=NC2=C1C(=O)NC(=O)N2C,OC(=O)CC(O)=O,1
c1cc(ccn1)c1ccncc1,OC(=O)CCl,1
Cc1ccncc1,Oc1cc(O)cc(O)c1,1
Cc1ccnc(C)c1,Oc1cc(O)cc(O)c1,1
CN1C(=O)NC(=O)C=C1CO,Nc1nc(N)nc(N)n1,1
C1CN(CCN1)c1ccccc1,N1c2ccccc2c2ccccc12,1
CC1=CC(=NS(=O)(=O)O1)O,CN1C(=O)N(C)C2=C(NC=N2)C1=O,1
NC(=O)c1ccc(Br)cc1,OC(=O)CC(O)=O,1
CC(C)COc1ccc(cc1C#N)C1=NC(=C(S1)C(O)=O)C,NC(=O)c1cccnc1,1
NC(=O)c1ccc(Br)cc1,OC(=O)C=CC(O)=O,1
NC(=O)c1ccc(Br)cc1,OC(=O)CCCCCCCCC(O)=O,1
NC(=O)c1ccc(Br)cc1,OC(=O)CCCCCCC(O)=O,1
NC(=O)c1ccc(Br)cc1,OC(=O)CCCCC(O)=O,1
CC1(O)Cc2ccccc2C(=O)O1,OC(=O)Cc1ccccc1C(O)=O,1
[O-][n+]1ccc(cc1)c1cc[n+]([O-])cc1,OC(=O)c1cccc(C(O)=O)c1c1c(cccc1C(O)=O)C(O)=O,1
CC1(C)CC(CC(C)(C)N1[O])OC(=O)c1ccccc1,Fc1c(F)c(F)c(I)c(I)c1F,1
CC1(C)CC(CC(C)(C)N1[O])OC(=O)c1ccccc1,Fc1c(F)c(I)c(F)c(F)c1I,1
O=C1OCCC21CC2(c1ccccc1)c1ccccc1,Oc1ccc(O)cc1,1
CC(C)COc1ccncc1NC(=O)c1cc(C(=O)Nc2cnccc2OCC(C)C)c(OCC(C)C)cc1OCC(C)C,Fc1c(F)c(I)c(F)c(F)c1I,1
C(Cc1ccncc1)c1ccncc1,Cc1ccc(cc1)S(=O)(=O)C(I)I,1
c1cc(ccn1)c1ccncc1,Cc1ccc(cc1)S(=O)(=O)C(I)I,1
c1cnc2c(c1)ccc1cccnc21,Oc1ccccc1c1ccccc1O,1
O=C1C2CCCN2C(=O)C2CCCN12,OC(C1OC2(CCCCC2)OC1C(O)(c1ccccc1)c1ccccc1)(c1ccccc1)c1ccccc1,1
C1CNCCNCCCNCCNC1,Fc1c(F)c(I)c(F)c(F)c1I,1
CN(C)CCCCCCN(C)C,Fc1c(F)c(I)c(F)c(F)c1I,1
COc1ccc(cc1)C=Cc1ccncc1,Fc1c(F)c(I)c(F)c(I)c1F,1
C=Cc1ccncc1,Fc1c(F)c(I)c(F)c(F)c1I,1
C1CSCCS1,OC(=O)c1c(F)c(F)c(I)c(F)c1F,1
O=S1CCS(=O)CC1,Oc1c(F)c(F)c(Br)c(F)c1F,1
O=S1CCCC1,Oc1c(F)c(F)c(I)c(F)c1F,1
c1cc(ccn1)c1ccncc1,Oc1c(F)c(F)c(I)c(F)c1F,1
C1N2CN3CN1CN(C2)C3,NC(N)=S,1
[O-][N+]12CN3CN(CN(C3)C1)C2,NC(N)=S,1
C1CC2=C(C1)SC(S2)=C1SC2=C(CCC2)S1,N#CC(C#N)=C1C=CC(C=C1)=C(C#N)C#N,1
C1N2CN3CN1CN(C2)C3,Oc1ccc(O)cc1,1
C1N2CN3CN1CN(C2)C3,Cc1cccc(O)c1,1
[O-][N+]12CN3CN(CN(C3)C1)C2,Oc1ccc(O)cc1,1
C1N2CN3CN1CN(C2)C3,Oc1ccccc1,1
c1cc(ccn1)c1ccncc1,CC(=O)NS(=O)(=O)c1ccc(N)cc1,1
CC(=O)NS(=O)(=O)c1ccc(N)cc1,NC(=O)c1ccncc1,1
CC(=O)NS(=O)(=O)c1ccc(N)cc1,CN1C(=O)N(C)C2=C(NC=N2)C1=O,1
C1C2CC3CC1CC(C2)(C3)C1=CC(=NN1)c1ccccn1,C1C2CC3CC1CC(C2)(C3)C1=NNC(=C1)c1ccccn1,1
C1COCCOCCOCCOCCOCCO1,N#CCC#N,1
OC(=CC(=O)c1c(F)c(F)c(F)c(F)c1F)c1c(F)c(F)c(F)c(F)c1F,OC(=CC(=O)c1ccccc1)c1ccccc1,1
OC(=CC(=O)C=C(O)c1c(F)c(F)c(F)c(F)c1F)c1c(F)c(F)c(F)c(F)c1F,OC(=CC(=O)C=C(O)c1ccccc1)c1ccccc1,1
N1C=CN=C1,Oc1cc2ccccc2cc1O,1
NC(=O)c1ccncc1,OC(=O)CCCCCC(O)=O,1
NC(=O)c1ccncc1,OC(=O)CCCCCCCC(O)=O,1
NC(=O)c1ccncc1,OC(=O)CCCCCCCCC(O)=O,1
NC(=O)c1ccncc1,OC(=O)CCCCCCC(O)=O,1
NC(=O)c1ccccn1,OC(=O)c1ccccc1O,1
NC(=O)c1ccccn1,OC(=O)C=CC(O)=O,1
NC(=O)c1ccccn1,OC(=O)CCCCC(O)=O,1
NC(=O)c1ccccn1,OC(C(O)=O)c1ccccc1,1
NC(=O)c1ccccn1,OC(=O)CC(O)=O,1
O=C(NN=Cc1ccccn1)c1ccccc1,OC(=O)CCCC(O)=O,1
CC(=CC(O)=O)C(O)=O,O=C(NN=Cc1ccccn1)c1ccccc1,1
c1cc(ccn1)C=Cc1ccncc1,Oc1c(Cl)cc(Cl)cc1Cl,1
c1cc(ccn1)C=Cc1ccncc1,Oc1c(Br)cc(Br)cc1Br,1
c1cc(ccn1)C=Cc1ccncc1,Oc1c(I)cc(I)cc1I,1
CCCCC(Cl)(CCCC)C(=O)NNc1ccc(C)cc1,Oc1ccc(Br)cc1,1
c1cc(ccn1)c1ccncc1,OC(=O)CCCSSCCCC(O)=O,1
NC(N)=O,O=C1NCCN1,1
C1CCCCOCCOCCOCCOCCOCCOCCC1,Cc1cc(CNc2cc(C)c(c(C)c2)c2ccncc2)cc(C)c1c1ccncc1,1
CC(=O)NC1=Nc2c(Oc3cc(ncn3)c3ccc(cc3)C(F)(F)F)cccc2S1,OC(=O)C=Cc1ccccc1,1
CC(C)c1cccc(C(C)C)c1N1[C]N(C=C1)c1c(cccc1C(C)C)C(C)C,N1c2ccccc2c2ccccc12,1
NC(N)=NC1=NC(=CS1)CSCCC(N)=NS(N)(=O)=O,OC(=O)CC(O)=O,1
CC(=O)c1ccncc1,OC(=O)c1cccc(F)c1,1
CN(C)CCNC1=C(NCCN(C)C)C(=O)C1=O,Oc1cccc(O)c1,1
CC(=CC(O)=O)C(O)=O,CN1C=NC2=C1C(=O)N(C)C(=O)N2C,1
O=C([O-])C[n+]1ccccc1,Oc1c(Cl)c(Cl)c(Cl)c(Cl)c1Cl,1
c1cnccn1,OC(=O)c1cccc(O)c1,1
C(Cc1ccncc1)c1ccncc1,OC(=O)c1ccc(O)cc1,1
c1cnccn1,OC(=O)c1ccc(O)cc1,1
c1ccc(cc1)c1ccncc1,OC(=O)c1cccc(O)c1,1
C(Cc1ccncc1)c1ccncc1,OC(=O)c1cccc(O)c1,1
c1cc(ccn1)c1ccncc1,OC(=O)c1cccc(O)c1,1
c1ccc2nccnc2c1,OC(=O)c1cccc(O)c1,1
Cc1nc(C)c(C)nc1C,OC(=O)c1cccc(O)c1,1
c1cc(ccn1)C=Cc1ccncc1,OC(=O)c1ccc2cc(O)ccc2c1,1
c1cc(ccn1)C=Cc1ccncc1,OC(=O)c1ccc(O)cc1,1
c1cc(ccn1)C=Cc1ccncc1,OC(=O)c1cccc(O)c1,1
CCCC(C[NH2+]C(C)c1ccccc1)CC(=O)[O-],Oc1ccc2ccccc2c1c1c(O)ccc2ccccc12,1
NC1=NN=CS1,OC(=O)CCCC(O)=O,1
NC1=NN=CS1,OC(=O)CCCCC(O)=O,1
CC1=CC=C(C)O1,O=C1N(C(=O)c2ccc3C(=O)N(C(=O)c4ccc1c2c34)c1ccccc1Cc1ccccc1)c1ccccc1Cc1ccccc1,1
CC12CCC3C(CC(=C)C4=CC(=O)C=CC34C)C1CCC2=O,OC(=O)C=CC(O)=O,1
CC(=O)OC1(CCC2C3C=C(C)C4=CC(=O)CCC4(C)C3CCC12C)C(C)=O,O=C1NS(=O)(=O)c2ccccc12,1
Fc1c(F)c(F)c(F)c(F)c1F,Nc1ncc(cn1)c1cccc2ccccc12,1
Fc1c(F)c(F)c(F)c(F)c1F,Nc1ncc(cn1)c1ccc2ccccc2c1,1
NC(=O)N1c2ccccc2C=Cc2ccccc12,OC(=O)c1cc(cc(c1)N(=O)=O)N(=O)=O,1
[NH3+]C(C)C(=O)[O-],OC(=O)C1OCCOCCOC(C(OCCOCCOC1C(O)=O)C(O)=O)C(O)=O,1
CC(=O)OC1CC2(C)C3CCC4(C)C(CCC4C3CCC2=CC1=O)OC(C)=O,Oc1ccc(Br)cc1,1
COc1ccc(CCNC(=O)COc2cccc3cccnc23)cc1,OC(C(O)=O)c1ccccc1,1
Cc1ccc(cc1)C(=O)OC(C(OC(=O)c1ccc(C)cc1)C(O)=O)C(O)=O,COc1ccc2CC3N(CCc4cc5OCOc5cc34)Cc2c1OC,1
CC(c1ncncc1F)C(O)(CN1C=NC=N1)c1ccc(F)cc1F,OC(=O)C=CC(O)=O,1
CC(c1ncncc1F)C(O)(CN1C=NC=N1)c1ccc(F)cc1F,OC(=O)c1ccc(O)cc1,1
COC1=CC(=O)OC(=C1)C,O=C1NC(=O)C=C1,1
COc1c(O)cc(C)c(O)c1OC,N#Cc1cc(C#N)c(cc1C#N)C#N,1
C1COCCOCCOCCOCCOCCO1,NS(=O)(=O)c1ccccc1,1
c1cc(ccn1)c1ccncc1,O=C1CC(=O)NC(=O)N1,1
CC(=O)c1ccncc1,OC(=O)C=CC(O)=O,1
FC1=CNC(=O)NC1=O,NC1=NC(=O)NC=C1F,1
NC1=NC(=O)NC=C1F,OC(CC(O)=O)C(O)=O,1
NC1=NC(=O)NC=C1F,OC(=O)c1ccccc1,1
ClC1=C(Cl)C(=O)C(=C(Cl)C1=O)Cl,Oc1cccc2cccnc12,1
O=N(=O)c1cc(cc(c1)N(=O)=O)N(=O)=O,Oc1cccc2cccnc12,1
Cc1ccc(N)cc1C,OC(C#CC#CC(O)(c1ccccc1)c1ccccc1)(c1ccccc1)c1ccccc1,1
Cc1ccc(C)c(N)c1,OC(C#CC#CC(O)(c1ccccc1)c1ccccc1)(c1ccccc1)c1ccccc1,1
Cc1cccc(C)c1N,OC(C#CC#CC(O)(c1ccccc1)c1ccccc1)(c1ccccc1)c1ccccc1,1
O=C1CC2(CCCCC2)CN1,OC1=C(Cl)C(=O)C(=C(Cl)C1=O)O,1
C(Cc1ccncc1)c1ccncc1,Oc1cc(O)cc(c1)C#N,1
N#Cc1ccncc1,Oc1ccc(C=O)c(O)c1,1
c1cc(ccn1)C=Cc1ccncc1,OC(=O)c1ccc(O)cc1O,1
C(Cc1ccncc1)c1ccncc1,OC(=O)c1ccc(O)cc1O,1
c1cc(ccn1)C=Cc1ccc2cc(C=Cc3ccncc3)ccc2c1,Oc1ccc(Br)c(O)c1,1
c1cc(ccn1)C=Cc1ccc2cc(C=Cc3ccncc3)ccc2c1,CC(=O)c1cc(O)cc(O)c1,1
COc1ccncc1,Oc1ccc(Br)c(O)c1,1
COc1ccncc1,Oc1ccc(C=O)c(O)c1,1
c1cc(ccn1)c1ccncc1,Oc1cc(O)cc(c1)C#N,1
c1ccnnc1,OC(=O)c1ccc(Cl)c(c1)N(=O)=O,1
N1N=Nc2ccccc12,OC(=O)c1ccc(cc1Cl)N(=O)=O,1
IC1=C(I)C(=O)C(=C(I)C1=O)I,S1C=CSC1=C1SC=CS1,1
Brc1ccc(Br)c2nc3C4Cc5cc6c(Br)ccc(Br)c6nc5C4Cc3cc12,C=CCC#N,1
C1c2cc3ccccc3cc2Cc2cc3ccccc3cc12,c1ccc2cc3cc4cc5ccccc5cc4cc3cc2c1,1
COc1ccc(C=O)cc1,OC(C#CC#CC(O)(c1ccccc1)c1ccccc1)(c1ccccc1)c1ccccc1,1
Cc1c(C)c(C#N)c(C)c(C)c1C#N,Fc1c(F)c(I)c(F)c(F)c1I,1
N1C=CC(=N1)c1ccccc1,N1N=CC=C1c1ccccc1,1
CN1C(=O)N(C)C2=C(NC=N2)C1=O,Nc1ccc(cc1)C(O)=O,1
CN(C)c1ccc(C=O)cc1,NC1=Nc2ccc(cc2S1)N(=O)=O,1
CC(=O)Oc1ccccc1C(O)=O,CN1C=NC2=C1C(=O)N(CCCCC(C)=O)C(=O)N2C,1
CN1C=NC2=C1C(=O)N(CCCCC(C)=O)C(=O)N2C,OC(=O)c1ccccc1O,1
CN1C=NC2=C1C(=O)N(CCCCC(C)=O)C(=O)N2C,OC(=O)c1ccccc1,1
C1COCCOCCOCCOCCO1,NC1=NON=C1N,1
C1COCCOc2ccccc2OCCOCCO1,NC1=NON=C1N,1
c1cc(ccn1)c1ccncc1,CC(C)Cc1ccc(cc1)C(C)C(O)=O,1
CC(CCC(O)=O)C1CCC2C3C(O)CC4CC(O)CCC4(C)C3CC(O)C12C,CCCCCc1ccccc1,1
CC(CCC(O)=O)C1CCC2C3C(O)CC4CC(O)CCC4(C)C3CC(O)C12C,CCCCCCc1ccccc1,1
CC1=C(C)SC(S1)=C1SC(=C(C)S1)C,O=N(=O)c1ccc(cc1)N(=O)=O,1
C1CN2CCN1CC2,OC(=O)CP(O)(O)=O,1
C(Cc1ccncc1)c1ccncc1,OC(=O)C=CC(O)=O,1
C(Cc1ccncc1)Cc1ccncc1,OC(=O)C=CC(O)=O,1
c1ccc(nc1)c1ccccn1,OC(=O)C=CC(O)=O,1
C1N2CN3CN1CN(C2)C3,CC1(C)C(CCC1(C)C(O)=O)C(O)=O,1
C1=CN(C=N1)c1ccc(cc1)N1C=CN=C1,Fc1c(F)c(I)c(F)c(F)c1I,1
Nc1cccc2C(=O)N(Cc12)C1CCC(=O)NC1=O,OC(=O)c1cc(O)c(O)c(O)c1,1
C1=CN(C=N1)c1ccc(cc1)N1C=CN=C1,Oc1ccc(cc1)c1ccc(O)cc1,1
CN(C)CCN(N=Nc1ccc(cc1)C#N)N=Nc1ccc(cc1)C#N,N#Cc1ccc(NN=Nc2ccc(cc2)C#N)cc1,1
[O-][n+]1ccc(cc1)c1cc[n+]([O-])cc1,Nc1ccc(cc1)C(O)=O,1
NC(=O)c1cccnc1,OC(=O)CC1=CNc2ccccc12,1
C1CSCCS1,IC#CI,1
Nc1ccc(I)cc1,O=N(=O)c1cc(cc(c1)N(=O)=O)N(=O)=O,1
CC1=C2CC3C(C)(CC2(O)OC1=O)C1OC1C(O)C13CO1,CC1=C2CC3C(C)(CC2(O)OC1=O)C=CC(O)C13CO1,1
c1cc(ccn1)c1ccncc1,CCc1c(C(O)=O)c(CC)c(C(O)=O)c(CC)c1C(O)=O,1
BrN1C(=O)CCC1=O,C1N2CN3CN1CN(C2)C3,1
C1N2CN3CN1CN(C2)C3,IN1C(=O)CCC1=O,1
c1ncncn1,IN1C(=O)CCC1=O,1
O=C(NCC(c1ccccc1)c1ccccc1)C=CC(=O)OCC(c1ccccc1)c1ccccc1,O=C1NCc2ccc(CNC(=O)c3cccc(c3)C(=O)NCc3ccc(CNC(=O)c4cccc1c4)cc3)cc2,1
CNC=O,OC(c1ccccc1)(c1ccccc1)c1ccc(cc1)C(O)(c1ccccc1)c1ccccc1,1
c1ccc2cc3ccccc3cc2c1,FC1=C(F)C(C(=C(F)C1=C(C#N)C#N)F)=C(C#N)C#N,1
c1ccc2cc3cc4ccccc4cc3cc2c1,FC1=C(F)C(C(=C(F)C1=C(C#N)C#N)F)=C(C#N)C#N,1
CC(Oc1ccc(cc1Cl)N(=O)=O)C(O)=O,CC(Oc1ccc(Cl)cc1Cl)C(O)=O,1
CC(C)C1=C(C=NN1)C#N,CC(C)C1=NNC=C1C#N,1
CN(C)c1ccccc1,COc1ccc(c(OC)c1)C12CC3(CC(C1)(CC(C2)(C3)c1ccc(OC)cc1OC)c1ccc(OC)cc1OC)c1ccc(OC)cc1OC,1
C(Nc1ncnc2NC=Nc12)c1ccccc1,OC(=O)CC(O)(CC(O)=O)C(O)=O,1
NC1=NC(=O)C=CN1,NC1=NC=CC(=O)N1,1
c1cnccn1,CCCCCCCCCCC(O)=O,1
c1cnccn1,CCCCCCCCCCCC(O)=O,1
c1cnccn1,CCCCCCCCCCCCC(O)=O,1
Cc1ccc2ccc(C)nc2n1,NC(N)=O,1
Cc1ccc2ccc(C)nc2n1,NC(N)=S,1
CN1CCN(C)C1=O,O=N(=O)N1CN(CN(CN(C1)N(=O)=O)N(=O)=O)N(=O)=O,1
CN1C(=C(O)c2ccccc2S1(=O)=O)C(=O)NC1=NC=C(C)S1,OC(=O)c1ccccc1,1
c1cc(ccn1)c1ccncc1,OC(=O)c1ccc(O)cc1O,1
CCN(CC)C(=O)C12CCC(CC1)(CC2)C(=O)N(CC)CC,Oc1ccc(O)cc1,1
CN(C)C(=O)C12CCC(CC1)(CC2)C(=O)N(C)C,Oc1ccc(O)cc1,1
C1N2CN3CN1CN(C2)C3,CC1(C)C(C(O)=O)C1(C)C,1
c1cnccn1,IC(I)=C(I)I,1
c1cc(ccn1)c1ccncc1,OC(=O)CCCCCCCCC(O)=O,1
COc1cc(OC)nc(N)n1,Nc1ccc(cc1)C(O)=O,1
OC1(C#CC2(O)c3ccccc3c3ccccc23)c2ccccc2c2ccccc12,OC1CCCCC1,1
CC(C)C1=CC2=CCC3C(C)(CCCC3(C)C(O)(c3ccccc3)c3ccccc3)C2CC1,O=C1CCC=C1,1
CN1N(c2ccccc2)C(=O)C(=C1C)N,Nc1ccccc1C(O)=O,1
CCOC(=O)C1=C(C)N(C)C(S1)=NN=C1SC(=C(C)N1C)C(=O)OCC,N#CC(C#N)=C1C=CC(C=C1)=C(C#N)C#N,1
O=C1C=CC(=O)C2C3CCC(C=C3)C12,O=C1C=CC(=O)C=C1,1
C1COCCOc2ccccc2OCCOc2ccccc2OCCO1,S=C1NC=CC(=S)N1,1
Nc1nc(N)nc(N)n1,Oc1cccc(c1)N(=O)=O,1
c1cc(ccn1)c1ccncc1,OC(=O)CC#N,1
c1cc2ccc3ccc4ccc5ccc1c1c2c3c4c51,N#CC(C#N)=C1C=CC(C=C1)=C(C#N)C#N,1
O=C([O-])C1[NH2+]CCC1,Oc1ccc(cc1)C=C(C#N)C#N,1
Fc1c(F)c(F)c(C#CC#CC#Cc2ccccc2)c(F)c1F,Fc1c(F)c(F)c(C#Cc2c(F)c(F)c(F)c(F)c2F)c(F)c1F,1
c1ccc2ncc(cc2c1)C#CC#Cc1cnc2ccccc2c1,IC(I)=C(I)I,1
c1ccc2ncc(cc2c1)C#CC#Cc1cnc2ccccc2c1,Fc1c(F)c(I)c(F)c(F)c1I,1
c1ccc2c(c1)cncc2C#CC#Cc1cncc2ccccc12,IC(I)=C(I)I,1
c1ccc2c(c1)cncc2C#CC#Cc1cncc2ccccc12,Fc1c(F)c(I)c(F)c(F)c1I,1
c1cncc(c1)C#CC#Cc1cccnc1,Fc1c(F)c(I)c(F)c(F)c1I,1
CC(C)(C)SS(=O)C(C)(C)C,Oc1ccc2ccccc2c1c1c(O)ccc2ccccc12,1
Cc1ccc(cc1)C(=O)Oc1cc2ccccc2cc1OC(=O)c1ccc(C)cc1,Oc1cc2ccccc2cc1O,1
C1COCCOc2cc3ccccc3cc2OCCOCCO1,NC(=S)C(N)=S,1
NN1C=NN=C1,OC(=O)c1cc(cc(c1)N(=O)=O)N(=O)=O,1
COC(=O)c1cc2C(=C(C#N)C#N)c3cc(cc(c3c2c(c1)N(=O)=O)N(=O)=O)N(=O)=O,S1C=CSC1=C1SC=CS1,1
CN1C=NC2=C1C(=O)N(C)C(=O)N2C,OC(=O)C=Cc1ccc(O)cc1,1
CN1C(=O)N(C)C2=C(NC=N2)C1=O,OC(=O)C=Cc1ccc(O)cc1,1
C1N2CN3CN1CN(C2)C3,OC(=O)C1CCC(CC1)C(O)=O,1
c1cnc2c(c1)ccc1cccnc21,OC(=O)c1ccc2C(=O)OC(=O)c3ccc(C(O)=O)c1c23,1
C1COCCOCCOCCOCCOCCO1,NC(=S)NNC(=O)c1ccc2ccccc2n1,1
C1COCCOCCOCCOCCOCCO1,NC(=S)NNc1ccccc1,1
c1cc(ccn1)C=Cc1ccncc1,Fc1c(F)c(Br)c(F)c(F)c1Br,1
c1cc(ccn1)C=Cc1ccncc1,Fc1c(F)c(F)c(Br)c(Br)c1F,1
c1cc(ccn1)c1ccncc1,Fc1c(F)c(Br)c(F)c(Br)c1F,1
c1cc(ccn1)c1ccncc1,Fc1c(F)c(F)c(Br)c(Br)c1F,1
c1cc(ccn1)c1ccncc1,Fc1c(F)c(Br)c(F)c(F)c1Br,1
Cc1cccc(C)c1Sc1nc(Sc2c(C)cccc2C)nc(Sc2c(C)cccc2C)n1,Fc1c(F)c(F)c(F)c(F)c1F,1
CC1=C(C)C(=O)N=C(N)N1,CC1=C(C)C(=O)NC(=N1)N,1
FC1=C(F)C(C(=C(F)C1=C(C#N)C#N)F)=C(C#N)C#N,S1C2=CC=C3SC(=C(C4=CC=C(S4)C=CC4=CC=C(S4)C(=C1C=C2)c1ccccc1)c1ccccc1)C=C3,1
c1ccc2c(c1)ccc1ccccc21,CC(CCC(O)=O)C1CCC2C3C(O)CC4CC(O)CCC4(C)C3CCC12C,1
COc1ccc(c(N)c1)N(=O)=O,Nc1ccc(cn1)N(=O)=O,1
CC1(C)OP(O)(=S)OC1(C)C,N1C=CN=C1,1
CCN1C=Nc2c(N)ncnc12,CN1C=C(I)C(=O)NC1=O,1
NN1C(=NN=C1c1cnccn1)c1cnccn1,OC(=O)c1cc(cc(c1)C(O)=O)C(O)=O,1
Clc1ccc(OC(=O)c2ccccc2)c2ncccc12,OC(=O)c1ccccc1,1
C(CCN1C=CN=C1)CN1C=CN=C1,OC(=O)CCCCCCCCC(O)=O,1
O=C1NC=CC(=O)N1,OC(=O)c1c(F)c(F)c(C(O)=O)c(F)c1F,1
CC1=CC(=O)NC(=O)N1,OC(=O)c1c(F)c(F)c(C(O)=O)c(F)c1F,1
C1N2CN3CN1CN(C2)C3,OC(=O)c1ccc(F)cc1,1
C1N2CN3CN1CN(C2)C3,Cc1ccc(cc1)C(O)=O,1
C1N2CN3CN1CN(C2)C3,OC(=O)C=Cc1ccccc1,1
Fc1c(F)c(I)c(F)c(F)c1I,O=C(NCc1cccnc1)C(=O)NCc1cccnc1,1
O=N(=O)C1=CC(=CC2=[N+]([O-])ON=C12)C#N,S1C=CSC1=C1SC=CS1,1
O=N(=O)C1=CC2=NSN=C2C2=NSN=C12,S1C=CSC1=C1SC=CS1,1
COc1cc(cc(OC)c1O)C(O)=O,NC(=O)c1cccnc1,1
COc1cc(cc(OC)c1O)C(O)=O,NC(N)=O,1
CC(C)(C)c1ccc(O)c(c1)C(C)(C)C,CN(C)CCN1C(Oc2c(cc(cc2C(C)(C)C)C(C)(C)C)C1c1ccccc1)c1ccccc1,1
CC(C)(C)c1ccc(O)c(c1)C(C)(C)C,O=C1C(Cc2ccccc12)=C1CCc2ccccc12,1
CCCCCCCCOc1ccc(cc1)C=Cc1ccncc1,Fc1c(F)c(F)c(I)c(F)c1F,1
FC1=CNC(=O)NC1=O,OC(=O)c1cccc(O)c1,1
FC1=CNC(=O)NC1=O,Nc1ccc(cc1)C(O)=O,1
FC1=CNC(=O)NC1=O,OC(=O)C=Cc1ccccc1,1
[NH3+]CC(=O)[O-],OC(C(O)C(O)=O)C(O)=O,1
CCC1=CC2=C(C(=O)N1CC(=O)c1ccccc1)C(=C(N2C)C(=O)NC1CCN(CC1)C(=O)CO)OCC(F)(F)F,OC(C(O)C(O)=O)C(O)=O,1
COc1cccc(C=Nc2cccnc2)c1O,OC(=O)C=CC(O)=O,1
[NH3+]C(Cc1ccccc1)C(=O)[O-],OC(C(O)=O)c1ccccc1,1
NC(=O)Nc1ccccc1,OC(=O)c1cc(cc(c1)N(=O)=O)C(O)=O,1
c1cc(ccn1)c1ccncc1,OC(=O)c1cc(C(O)=O)c(cc1C(O)=O)C(O)=O,1
BrC1=C(Br)C(=O)NC1=O,Nc1nc(N)c(Cl)cc1Cl,1
ClC1=C(Cl)C(=O)NC1=O,Nc1nc(N)c(Cl)cc1Cl,1
Nc1nc(N)c(Cl)cc1Cl,O=C1NC(=O)C=C1,1
Nc1cccc(N)n1,O=C1NC(=O)C=C1,1
COC1=CC=CC2=NC(=C(N12)c1ccc(F)c(C)c1)C(=O)N(CCN(C)C)C1CS(=O)(=O)c2c1ccc(c2C#N)C(F)(F)F,Oc1ccc(O)cc1,1
CN(C)c1ccc(C=O)cc1,CN(C)c1ccc(cc1)C=Nc1ccccc1O,1
CC(NC(=O)c1ccc(C)cc1)c1ccccc1,CC(NC(=O)c1ccc(cc1)N(=O)=O)c1ccccc1,1
O=P(CCCP(=O)(c1ccccc1)c1ccccc1)(c1ccccc1)c1ccccc1,Oc1ccc(O)cc1,1
O=P(CCP(=O)(c1ccccc1)c1ccccc1)(c1ccccc1)c1ccccc1,Oc1cccc2c(O)cccc12,1
O=P(CCP(=O)(c1ccccc1)c1ccccc1)(c1ccccc1)c1ccccc1,Oc1ccc(O)cc1,1
O=P(CCP(=O)(c1ccccc1)c1ccccc1)(c1ccccc1)c1ccccc1,Oc1ccc2ccccc2c1c1c(O)ccc2ccccc12,1
O=P(CCCCP(=O)(c1ccccc1)c1ccccc1)(c1ccccc1)c1ccccc1,Oc1ccc(O)cc1,1
O=P(CCP(=O)(c1ccccc1)c1ccccc1)(c1ccccc1)c1ccccc1,Oc1ccccc1c1ccccc1,1
O=P(CCCCP(=O)(c1ccccc1)c1ccccc1)(c1ccccc1)c1ccccc1,Oc1ccc2ccccc2c1c1c(O)ccc2ccccc12,1
O=P(CCP(=O)(c1ccccc1)c1ccccc1)(c1ccccc1)c1ccccc1,Oc1ccccc1,1
O=P(CCP(=O)(c1ccccc1)c1ccccc1)(c1ccccc1)c1ccccc1,Oc1ccc(Cl)cc1,1
C1CN2CCN1CC2,Fc1c(F)c(I)c(F)c(F)c1I,1
c1ccc(nc1)c1ccccn1,Fc1c(F)c(I)c(F)c(F)c1I,1
c1cc2ccc3cccc4ccc(c1)c2c34,Clc1c(Cl)c(Cl)c(Cl)c(Cl)c1Cl,1
c1ccc2c(c1)c1ccccc1c1ccccc21,Clc1c(Cl)c(Cl)c(Cl)c(Cl)c1Cl,1
O=C=O,Oc1ccc(O)cc1,1
CCC(N1CCCC1=O)C(N)=O,OC(=O)C1(O)CCC(=O)O1,1
CCC(N1CCCC1=O)C(N)=O,OC(=O)CCC(=O)C(O)=O,1
COC1=C(N=CN1)N(=O)=O,COC1=C(NC=N1)N(=O)=O,1
c1cc2cccc(c3ccncc3)c2c(c1)c1ccncc1,OC(=O)C=Cc1ccccc1,1
c1ccc(cc1)C=Cc1cc(nc(c1)c1ccccn1)c1ccccn1,Oc1cc(O)cc(I)c1,1
c1ccc(cc1)C1C(C(C1c1cc(nc(c1)c1ccccn1)c1ccccn1)c1cc(nc(c1)c1ccccn1)c1ccccn1)c1ccccc1,Oc1cc(O)cc(I)c1,1
c1ccc(cc1)C=Cc1cc(nc(c1)c1ccccn1)c1ccccn1,Oc1cc(O)c(I)cc1I,1
Cc1nc(nc2SC(=C(N3C=CC=C3)c12)C1=NN=C(O1)N1CCOCC1)c1ccccc1,S1C=CC=C1,1
OC(=O)Cc1cc(I)c(Oc2ccc(O)c(I)c2)c(I)c1,OCCNCCO,1
[NH3+]C(Cc1cc(I)c(Oc2ccc(O)cc2)c(I)c1)C(=O)[O-],CNC(C)=O,1
C1COCCOCCOCCOCCOCCO1,Nc1c(F)c(F)c2c(F)c(F)c(N)c(F)c2c1F,1
c1ccc2ccccc2c1,Fc1c(F)c(F)c(F)c(F)c1F,1
Cc1ccncc1,OC(c1ccccc1)(c1ccccc1)c1ccc(cc1)c1ccc(cc1)C(O)(c1ccccc1)c1ccccc1,1
N1C=CN=C1,Oc1c2ccccc2c(c2ccccc12)c1c2ccccc2nc2ccccc12,1
Cc1ccncc1,NC(=O)Nc1ccc(O)c(c1)C(O)=O,1
c1ccc2c(c1)C=C1C(=Cc3ccccc3C31c1ccccc1c1ccccc31)C12c2ccccc2c2ccccc12,O1OC23c4ccccc4c4cccc(c24)C1(c1ccccc1)C1=C2c4ccccc4c4cccc(C(=C31)c1ccccc1)c24,1
Cc1ccc2ccccc2n1,Oc1ccc2ccccc2c1c1c(O)ccc2ccccc12,1
Cc1cccc2cccnc12,Oc1ccc2ccccc2c1c1c(O)ccc2ccccc12,1
COc1cccc2C(C(N3C=C(N=N3)c3ccccc3)C(=O)c3ccccc3)C(=C(N)Oc12)C#N,COc1cccc2C=C(C#N)C(=N)Oc12,1
COc1cccc(C=Nc2ccc(cc2)C(C)=O)c1O,Fc1c(F)c(I)c(F)c(F)c1I,1
COc1cccc(C=Nc2ccc(cc2)C#N)c1O,Fc1c(F)c(F)c(I)c(I)c1F,1
COc1cccc(C=Nc2cccc(c2)C(C)=O)c1O,Fc1c(F)c(I)c(F)c(F)c1I,1
COc1cccc(C=Nc2ccc(cc2)C#N)c1O,Fc1c(F)c(I)c(F)c(F)c1I,1
COc1cccc(C=Nc2ccc(cc2)C(C)=O)c1O,Fc1c(F)c(F)c(I)c(I)c1F,1
OC(C(O)C(O)=O)C(O)=O,OC1CCCCC1O,1
OC(=CC(=O)c1ccccc1)c1ccncc1,OC(=O)c1ccccc1,1
c1cc(ccn1)N=Nc1ccncc1,Oc1ccc(I)cc1,1
C1CN2CCN1CC2,Oc1ccc(I)cc1,1
C(Cc1ccncc1)Cc1ccncc1,Oc1ccc(I)cc1,1
c1cc(ccn1)c1ccncc1,Oc1ccc(I)cc1,1
C(Cc1ccncc1)c1ccncc1,Oc1ccc(I)cc1,1
c1cc(ccn1)C=Cc1ccncc1,Oc1ccc(I)cc1,1
c1cnc2c(c1)ccc1cccnc21,Oc1ccc(I)cc1,1
c1ccc2nc3ccccc3nc2c1,Oc1ccc(I)cc1,1
C(CNC1(c2ccccc2)c2ccccc2C=Cc2ccccc12)NC1(c2ccccc2)c2ccccc2C=Cc2ccccc12,ICI,1
O=C1C=CCC2CCCN2C(=O)C=CCC2CCCN12,Oc1c(F)c(F)c(F)c(F)c1F,1
c1cc(ccn1)C=Cc1ccncc1,Oc1cc(O)cc(c1)C#N,1
C1N2CN3CN1CN(C2)C3,OC(=O)C1CCCCC1C(O)=O,1
O=C1NC(=O)NC(=O)N1,S1N=C2C(=CC=C(c3ccncc3)C2=N1)c1ccncc1,1
O=C([O-])c1[nH+]c2ccccc2cc1,OC1=C(Cl)C(=O)C(=C(Cl)C1=O)O,1
CCC1C(C=C(C#N)N(C)c2ccccc2)C(C#N)(C#N)C1(C#N)C#N,N#CC(C#N)=C(C#N)C#N,1
c1cc(ccn1)C=Cc1ccncc1,OC(=O)CC(CC(O)=O)C(O)=O,1
Cc1ccc(cc1)S(=O)(=O)NCc1ccccc1N=Cc1ccc(O)cc1O,Cc1ccc(cc1)S(=O)(=O)NCc1ccccc1NC=C1C=CC(=CC1=O)O,1
Nc1ccc(Oc2ccc(N)cc2)cc1,Oc1ccc(O)cc1,1
Nc1ccc(Oc2ccc(N)cc2)cc1,Oc1ccc(cc1)c1ccc(O)cc1,1
Nc1ccc(Oc2ccc(N)cc2)cc1,Oc1ccc(cc1)c1ccc(cc1)c1ccc(O)cc1,1
CC(=O)N1N=C(CC1c1c2ccccc2cc2ccccc12)c1ccc2ccccc2c1,N#Cc1cc(C#N)c(cc1C#N)C#N,1
COc1ccc(cc1)C1=NN(C(C1)c1c2ccccc2cc2ccccc12)C(C)=O,N#Cc1cc(C#N)c(cc1C#N)C#N,1
CC(=O)N1N=C(CC1c1c2ccccc2cc2ccccc12)C1=CC=CS1,N#Cc1cc(C#N)c(cc1C#N)C#N,1
C1COCCOCCOCCOCCOCCO1,NS(=O)(=O)c1cc2c(cc1Cl)N(CNS2(=O)=O)N=O,1
C1CCC2OCCOCCOC3CCCCC3OCCOCCOC2C1,NS(=O)(=O)c1cc2c(cc1Cl)N(CNS2(=O)=O)N=O,1
Fc1c(F)c(F)c(F)c(F)c1F,OC(=O)C(Cc1ccc(F)cc1)N1C(=O)c2ccc3C(=O)N(C(Cc4ccc(F)cc4)C(O)=O)C(=O)c4ccc(C1=O)c2c34,1
COC(C(OC)C(=O)N(C1CCCCC1)C1CCCCC1)C(=O)N(C1CCCCC1)C1CCCCC1,Oc1ccc2c3ccccc3C3(c4ccccc4c4ccc(O)cc34)c2c1,1
CC(C)CC(NS(=O)(=O)c1ccc(C=CC(O)=O)cc1)C(O)=O,CSCCC(NS(=O)(=O)c1ccc(C=CC(O)=O)cc1)C(O)=O,1
Cc1nc(C)c(C)nc1C,Fc1c(F)c(I)c(F)c(F)c1I,1
c1ccc(nc1)c1ccncc1,Fc1c(F)c(I)c(F)c(F)c1I,1
c1cnc2c(c1)ccc1cccnc21,Fc1c(F)c(I)c(F)c(F)c1I,1
Ic1ccncc1,OC(=O)c1ccc(cc1)N(=O)=O,1
Ic1ccncc1,OC(=O)c1cc(cc(c1)N(=O)=O)N(=O)=O,1
O=C1CCCCCN1,O=N(=O)N1C2C3N(C1C1N(C(C(N3N(=O)=O)N1N(=O)=O)N2N(=O)=O)N(=O)=O)N(=O)=O,1
O1N=C2OC3=NON=C3C3=NON=C3C2=N1,O=N(=O)N1C2C3N(C1C1N(C(C(N3N(=O)=O)N1N(=O)=O)N2N(=O)=O)N(=O)=O)N(=O)=O,1
[O-][N+]1=C2C3=NON=C3OC3=NON=C3C2=NO1,O=N(=O)N1C2C3N(C1C1N(C(C(N3N(=O)=O)N1N(=O)=O)N2N(=O)=O)N(=O)=O)N(=O)=O,1
c1ccnnc1,CC(C)C1CCC(C)CC1OC(=O)C(O)C(O)C(=O)OC1CC(C)CCC1C(C)C,1
CN(C)NC1=NC(=CS1)CSCCC(N)=NS(N)(=O)=O,OC(=O)C=CC(O)=O,1
Nc1ccc(cn1)N(=O)=O,OC(=O)COc1ccc2ccccc2c1,1
C[NH+](C)C[C-]1S(=O)(=O)C(F)(F)C(F)(F)C(F)(F)S1(=O)=O,CN(C)P(=O)(N(C)C)N(C)C,1
CC(=O)Nc1cccc(COCc2cccc(NC(C)=O)n2)n1,OC(=O)Cc1ccc(CC(O)=O)cc1,1
NS(=O)(=O)c1ccc(CC[NH+]=Cc2ccccc2[O-])cc1,NS(=O)(=O)c1ccc(CCN=Cc2ccccc2O)cc1,1
c1cc(ccn1)c1ccncc1,OC(=O)C1CCC(CC1)C(O)=O,1
c1ccc2nc3ccccc3nc2c1,OC(=O)C1CCC(CC1)C(O)=O,1
c1cc(ccn1)c1ccncc1,OC(=O)C1CCCCC1C(O)=O,1
C(Cc1ccncc1)Cc1ccncc1,OC(=O)c1cccc(c1)C(O)=O,1
NC(=O)c1ccncc1,OC(=O)C1CC(CC(C1)C(O)=O)C(O)=O,1
c1ncncn1,Oc1cccc(O)c1O,1
[NH3+]C(Cc1ccccc1)C(=O)[O-],OC(=O)c1ccccc1,1
CC(=O)SC1CC2=CC(=O)CCC2(C)C2CCC3(C)C(CCC43CCC(=O)O4)C12,Oc1ccccc1,1
CC(=O)SC1CC2=CC(=O)CCC2(C)C2CCC3(C)C(CCC43CCC(=O)O4)C12,Cc1ccc(C)c(O)c1,1
CC(C)(C)c1ccc(O)cc1,COc1cc(OC)c2C(=O)C3(Oc2c1Cl)C(C)CC(=O)C=C3OC,1
Cc1cccc(O)c1,NC(N)=O,1
C1CCOc2ccc(COCc3cccc(n3)c3cccc(COCc4ccc(OC1)cc4)n3)cc2,CC(C)(C)c1cc(cc(c1)C(C)(C)C)N1C=C(N=N1)c1cc(cc(c1)C1=CN(N=N1)c1cc(cc(c1)C(C)(C)C)C(C)(C)C)C#C,1
NC(=O)C=Cc1ccccc1,OC(=O)C=Cc1ccccc1,1
CC1(C)N=C(c2ccccc2)C(C)(C)N1[O],Fc1c(F)c(I)c(F)c(F)c1I,1
CC1(C)CC(N)CC(C)(C)N1[O],Fc1c(F)c(I)c(F)c(F)c1I,1
CC(=O)OC1CC(=O)N1,Oc1c2ccccc2c2ccccc2c1c1c(O)c2ccccc2c2ccccc12,1
C(N1C=Nc2ccccc12)c1ccc(CN2C=Nc3ccccc23)cc1,ON=C(C#N)c1ccc(Br)cc1,1
C(N1C=CN=C1)c1ccc(CN2C=CN=C2)cc1,ON=C(C#N)c1ccc(Br)cc1,1
CC1=Nc2ccccc2N1Cc1ccc(CN2C(=Nc3ccccc23)C)cc1,ON=C(C#N)c1ccc(Br)cc1,1
CC1=NC=CN1Cc1ccc(CN2C=CN=C2C)cc1,ON=C(C#N)c1ccc(Br)cc1,1
C(N1C=CN=C1)c1ccc(CN2C=CN=C2)cc1,ON=C(C#N)c1cccc(Cl)c1,1
CC(=NO)c1ccc(Br)cc1,CC1=Nc2ccccc2N1Cc1ccc(CN2C(=Nc3ccccc23)C)cc1,1
Fc1c(F)c(I)c(F)c(F)c1I,O=C(C=Cc1c2ccccc2cc2ccccc12)c1ccccc1,1
COc1ccc(cc1)C(=O)C=Cc1ccc2ccc3cccc4ccc1c2c34,Fc1c(F)c(I)c(F)c(F)c1I,1
Fc1c(F)c(I)c(F)c(F)c1I,O=C(C=Cc1c2ccccc2cc2ccccc12)C1=CC=CS1,1
CC(=O)N1N=C(CC1c1ccc2ccc3cccc4ccc1c2c34)c1ccccc1,Fc1c(F)c(I)c(F)c(F)c1I,1
ClC1=C(Cl)C(=O)C(=C(Cl)C1=O)Cl,S1C=Cc2c1c1C=CSc1c1C=CSc21,1
c1ccc(cc1)c1c(c2ccccc2)c(c2ccccc2)c(c2ccccc2)c(c2ccccc2)c1c1ccccc1,COc1ccccc1,1
c1cc(ccn1)c1ccncc1,CC(C)(c1ccc(O)cc1)c1ccc(cc1)C(C)(c1ccc(O)cc1)c1ccc(O)cc1,1
Fc1c(F)c(I)c(F)c(F)c1I,Nc1cccc(c1)C#N,1
Fc1c(F)c(I)c(F)c(F)c1I,Nc1cccnc1,1
CC(=O)c1ccc(N)cc1,Fc1c(F)c(I)c(F)c(F)c1I,1
Fc1c(F)c(I)c(F)c(F)c1I,Nc1ccc(cc1)N(=O)=O,1
COc1ccc(N)cn1,Fc1c(F)c(I)c(F)c(F)c1I,1
Fc1c(F)c(I)c(F)c(F)c1I,Nc1ccc(cc1)C(=O)c1ccccc1,1
C(Cc1ccncc1)Cc1ccncc1,Oc1ccc2ccccc2c1c1c(O)ccc2ccccc12,1
CN1C=NC2=C1C(=O)N(C)C(=O)N2C,COc1ccc2N(C(=C(CC(O)=O)c2c1)C)C(=O)c1ccc(Cl)cc1,1
CC1=CC(=NC(=O)N1)C,NC(N)=O,1
c1ccc2cc3ccccc3cc2c1,OC(=O)c1cc(Br)c(C#N)c(Br)c1,1
CCCCCCCCCCCCCCCC(O)=O,NC(=O)c1cccnc1,1
C1CCC2OCCOCCOC3CCCCC3OCCOCCOC2C1,Nc1ccc(cc1)S(N)(=O)=O,1
c1ccc2cc3ccccc3cc2c1,Fc1c(F)c(F)c2c(F)c3c(F)c(F)c(F)c(F)c3c(F)c2c1F,1
COC(=O)C1=C(C)NC(=C(C1c1ccccc1N(=O)=O)C(=O)OC)C,NC(=O)c1ccccn1,1
COC(=O)C1=C(C)NC(=C(C1c1ccccc1N(=O)=O)C(=O)OC)C,NC(=O)c1ccncc1,1
[NH3+]C(C(=O)NC(C(=O)[O-])c1ccccc1)c1ccccc1,CC(C)S(=O)c1ccccc1,1
C1C2OC(Cc3c4Oc5ccccc5c4ccc23)c2cc3CC4OC(Cc5c6Oc7ccccc7c6ccc45)c3cc12,O=N(=O)c1cc(cc(c1)N(=O)=O)N(=O)=O,1
C1CNCCN1,O=C1NC=C(C(=O)N1)N(=O)=O,1
CN1CCN(C)CC1,O=C1NC=C(C(=O)N1)N(=O)=O,1
CC(O)C(=O)NNC(=O)C(C)O,CC(O)C1=NN=C(C(C)O)N1N,1
Cc1cccc(NC(=O)c2ccc(cc2)C(=O)Nc2cccc(C)n2)n1,OC(=O)CCCCC(O)=O,1
N#Cc1c(nc(c2ccncc2)c(C#N)c1c1ccc(c2ccccc12)c1c(C#N)c(nc(c2ccncc2)c1C#N)c1ccncc1)c1ccncc1,OC(=O)c1cc(NC(=O)C(=O)Nc2cc(cc(c2)C(O)=O)C(O)=O)cc(c1)C(O)=O,1
N#CC1=CC=CC(=P1(c1ccccc1)c1ccccc1)C#N,N#CC1=P(c2ccccc2)(c2ccccc2)C(=CC=C1)C#N,1
c1ccc2nc3ccccc3cc2c1,FC(F)(I)C(F)(F)C(F)(F)C(F)(F)I,1
c1ccc2nc3ccccc3nc2c1,FC(F)(I)C(F)(F)C(F)(F)C(F)(F)I,1
C1COCCOCCOCCOCCOCCO1,CC(=O)NC1=NN=C(S1)S(N)(=O)=O,1
CCC1(CC)C(=O)NC(=O)NC1=O,Nc1nc(Nc2ccccc2)nc(Nc2ccccc2)n1,1
CCC1(CC)C(=O)NC(=O)NC1=O,Nc1nc(Nc2ccc(I)cc2)nc(Nc2ccc(I)cc2)n1,1
Cc1ccc(Nc2nc(N)nc(Nc3ccc(C)cc3)n2)cc1,CCC1(CC)C(=O)NC(=O)NC1=O,1
Cc1cccc(Nc2nc(N)nc(Nc3cccc(C)c3)n2)c1,CCC1(CC)C(=O)NC(=O)NC1=O,1
CC(C)(C)Nc1nc(N)nc(NC(C)(C)C)n1,CCC1(CC)C(=O)NC(=O)NC1=O,1
BrC1(Br)C(=O)NC(=O)NC1=O,Nc1nc(N)nc(N)n1,1
C1Cc2cccc3cccc1c23,FC1=C(F)C(C(=C(F)C1=C(C#N)C#N)F)=C(C#N)C#N,1
CC(C)c1c(O)c(O)c(C=O)c2c(O)c(c(C)cc12)c1c(C)cc2c(C(C)C)c(O)c(O)c(C=O)c2c1O,CCCCC(O)=O,1
O=C(Nc1ccc(cc1)C1(CCCC1)C#N)c1cccnc1NCc1ccncc1,OC(=O)CCCCC(O)=O,1
O=C(Nc1ccc(cc1)C1(CCCC1)C#N)c1cccnc1NCc1ccncc1,OC(=O)CCCCCCCCC(O)=O,1
O=C(Nc1ccc(cc1)C1(CCCC1)C#N)c1cccnc1NCc1ccncc1,OC(C(O)=O)c1ccccc1,1
C1CCC2OCCOCCOC3CCCCC3OCCOCCOC2C1,NC(N)=NS(=O)(=O)c1ccc(N)cc1,1
CCOc1ccccc1C(N)=O,OC(=O)c1ccc(O)cc1O,1
CCC(C)(C)O,COc1cc2N3C4C5C(CC3=O)OCC=C3CN6CCC4(C6CC53)c2cc1OC,1
c1cc(ccn1)N=Nc1ccncc1,CCCN(CCC)S(=O)(=O)c1ccc(cc1)C(O)=O,1
Nc1cnccn1,OC(=O)c1ccccc1C(O)=O,1
[O-][n+]1ccc(cc1)C=Cc1ccccc1,OC(=O)c1ccc(cc1)C(O)=O,1
CN1N=NC2=C(N=CN2C1=O)C(N)=O,Oc1cc2OC(=CC(=O)c2c(O)c1O)c1ccccc1,1
C1=CC=C2C(=C(C=C2c2ccncc2)c2ccncc2)C=C1,Oc1ccc(cc1)c1ccc(O)cc1,1
NC(=O)c1ccccc1N,Oc1ccc(cc1)C1CC(=O)c2c(O)cc(O)cc2O1,1
c1cc(ccn1)c1ccncc1,Oc1ccc(cc1)C1CC(=O)c2c(O)cc(O)cc2O1,1
O=C1C=C(Oc2ccccc12)c1ccccc1,Oc1ccc(cc1)C1CC(=O)c2c(O)cc(O)cc2O1,1
O=C(NN=C(c1ccccc1)c1ccccc1)c1ccncc1,OC(=O)c1cccc(O)c1,1
Nc1ccc(cc1)C(=NNC(=O)c1ccncc1)c1ccccc1,OC(=O)c1ccc(O)cc1,1
Cc1ccc(cc1)C(=NNC(=O)c1ccncc1)c1ccccc1,OC(=O)c1ccc(O)cc1,1
Cc1ccc(cc1)C(=NNC(=O)c1ccncc1)c1ccc(C)cc1,OC(=O)c1ccc(O)cc1,1
BrC1=C2C=CC(=O)C(=C2C=CC1=O)Br,Oc1ccc2c(Br)c(O)ccc2c1Br,1
ClC1=C2C=CC(=O)C(=C2C=CC1=O)Cl,Oc1ccc2c(Cl)c(O)ccc2c1Cl,1
CCc1ccc(cc1)C#Cc1nc(N)c2ccccc2c1c1ccc(CC)cc1,O=C1NC(=NO1)c1ccccc1,1
Nc1ncccn1,OC(=O)CC1=CNc2ccccc12,1
CN1C=CC=C1C(O)=O,Nc1ncccn1,1
Nc1ncccn1,OC(=O)C1=CC=CS1,1
[NH3+]CC1CCC(CC1)C(=O)[O-],OC(=O)c1cc(O)c(O)c(O)c1,1
[NH3+]CC1CCC(CC1)C(=O)[O-],CC=CC(O)=O,1
NC(=O)N1c2ccccc2C=Cc2ccccc12,O=N(=O)c1cc[n+]([O-])cc1,1
NC(=O)N1c2ccccc2C=Cc2ccccc12,Nc1ncccn1,1
Cc1ccc2c(c1)cc1ccccc1c2c1c2ccccc2cc2cc(C)ccc12,Cc1ccc2c(c1)cc1ccccc1c2c1c2ccccc2cc2ccc(C)cc12,1
OC(=O)c1ccccc1,OC(=O)c1ccccc1SSc1ccccc1C(O)=O,1
COc1ccc(cc1)C(=O)C=C(O)c1cccc(c1)N(=O)=O,COc1ccc(cc1)C(O)=CC(=O)c1cccc(c1)N(=O)=O,1
CC1(O)CCC2C3CCC4CC5=C(CC4(C)C3CCC12C)C=NN5,OC(=O)c1cc(O)ccc1O,1
CC1(O)CCC2C3CCC4CC5=C(CC4(C)C3CCC12C)C=NN5,OC(=O)c1ccccc1C(O)=O,1
c1ccc2c(c1)ccc1c3ccccc3ccc21,Clc1c(Cl)c(Cl)c(C#N)c(C#N)c1Cl,1
COc1cccc(C=Nc2cccnc2)c1O,Oc1ccc(cc1)c1ccc(O)cc1,1
COc1cccc(C=[NH+]c2cccnc2)c1[O-],Oc1ccc(cc1)S(=O)(=O)c1ccc(O)cc1,1
Nc1ccc(cc1)C(O)=O,OC(=O)COc1ccccc1C(O)=O,1
c1ccc2C#CC#Cc3ccccc3C#CC#Cc2c1,Fc1c(F)c(F)c(F)c(F)c1F,1
CN1C=CNC1=S,O=N(=O)N1C2C3N(C4C1N(C(C(N2N(=O)=O)N3N(=O)=O)N4N(=O)=O)N(=O)=O)N(=O)=O,1
c1ccc2C#CC#Cc3ccccc3C#CC#Cc2c1,N#CC(C#N)=C1C=CC(C=C1)=C(C#N)C#N,1
CC(=O)NC1=NN=C(S1)S(N)(=O)=O,O=C([O-])C1[NH2+]CCC1,1
c1cc(ccn1)C#Cc1ccncc1,Clc1c(Cl)c(I)c(Cl)c(Cl)c1I,1
Cc1c(N)ccc(Cl)c1F,O=C1CCC(=O)N1,1
COC(=O)CC(C)O,OC(C1OC2(CCCC2)OC1C(O)(c1ccccc1)c1ccccc1)(c1ccccc1)c1ccccc1,1
c1cc(ccn1)c1ccncc1,Clc1cc(Cl)c(OCC#CI)cc1Cl,1
Cc1cccc(NC(=O)c2ccc(cc2)c2ccc(cc2)C(=O)Nc2cccc(C)n2)n1,OC(=O)CCCCCCCCCCCCC(O)=O,1
Cc1cccc(NC(=O)c2ccc3cc(ccc3c2)C(=O)Nc2cccc(C)n2)n1,OC(=O)CCCCCCCCCCCCC(O)=O,1
Cc1cccc(NC(=O)c2ccc3cc(ccc3c2)C(=O)Nc2cccc(C)n2)n1,OC(=O)CCCCCCCCC(O)=O,1
O=C(CC(c1ccccc1)c1ccccc1)Nc1cccc(NC(=O)CC(c2ccccc2)c2ccccc2)n1,O=C1NCc2ccc(CNC(=O)c3cccc(c3)C(=O)NCc3ccc(CNC(=O)c4cccc1c4)cc3)cc2,1
Cc1nccnc1C,OC(=O)c1cc(Cl)cc(Cl)c1O,1
Cc1cnc(C)cn1,OC(=O)c1cc(Cl)cc(Cl)c1O,1
Cc1cnc(C)c(C)n1,OC(=O)c1cc(Cl)cc(Cl)c1O,1
CC1=C(C)SC(S1)=C1SC=CS1,O=N(=O)c1ccc(cc1)N(=O)=O,1
O=C([O-])C1[NH2+]CCC1,Oc1ccc2ccc(O)c(c2c1)c1c(O)ccc2ccc(O)cc12,1
c1cc(ccn1)c1ccncc1,Nc1ccc(cc1)S(=O)(=O)Nc1ccc(Cl)nn1,1
C1CN2CCN1CC2,Nc1ccc(cc1)S(=O)(=O)Nc1ccc(Cl)nn1,1
c1ccc(cc1)c1ccncc1,Nc1ccc(cc1)S(=O)(=O)Nc1ccc(Cl)nn1,1
Nc1ccc(cc1)S(=O)(=O)Nc1ccc(Cl)nn1,Nc1ccncc1,1
Cc1cncc(C)c1,NC(N)=O,1
CC(CCC(O)=O)C1CCC2C3C(O)CC4CC(O)CCC4(C)C3CC(O)C12C,CC1CCC(=O)O1,1
CN(C)P(=O)(N(C)C)N(C)C,NC1=Nc2ccccc2S1,1
NC(=O)NC(N)=O,O=C1NC(=O)NC(=O)N1,1
c1cncc(c1)C=Cc1cccnc1,OCC#CCO,1
c1cc(ccn1)C=Cc1ccncc1,OCC#CCO,1
CN1C(=O)Nc2ccccc2C21NC(=O)NC2=O,COc1cc2N3C4C5C(CC3=O)OCC=C3CN6CCC4(C6CC53)c2cc1OC,1
NC(=O)c1cccnc1,Oc1ccc2C(=O)C(=C(Oc2c1)c1ccc(O)c(O)c1)O,1
CN1C=NC2=C1C(=O)N(C)C(=O)N2C,Oc1ccc2C(=O)C(=C(Oc2c1)c1ccc(O)c(O)c1)O,1
CC(CCC(O)=O)C1CCC2C3C(O)CC4CC(O)CCC4(C)C3CC(O)C12C,O=NN1CCCCC1,1
CC(CCC(O)=O)C1CCC2C3C(O)CC4CC(O)CCC4(C)C3CC(O)C12C,CC1CCN(CC1)N=O,1
CN1C(O)C(C(C(O)C1=O)c1ccccc1)c1ccccc1,CN1C=Cc2ccccc2C(C(O)C1=O)c1ccccc1,1
N(c1ccccc1)c1ccccc1,O=C1N(SN2C(=O)c3ccccc3C2=O)C(=O)c2ccccc12,1
CC(C(O)=O)c1ccc(c(F)c1)c1ccccc1,NC(=O)c1ccccc1O,1
CC(C(O)=O)c1ccc(c(F)c1)c1ccccc1,NC(=O)c1ccccc1,1
CC(C(O)=O)c1ccc(c(F)c1)c1ccccc1,NC(=O)c1ccccn1,1
NC(=O)c1ccncc1,OC(=O)c1cnccn1,1
Cc1cccc(c1)C(=O)Oc1cc2ccccc2cc1OC(=O)c1cccc(C)c1,Oc1cc2ccccc2cc1O,1
Nc1ncccn1,OC(=O)CCCC(O)=O,1
CCN(CC)C(=O)c1ccc(cc1)C(=O)N(CC)CC,Oc1ccc(O)cc1,1
CN(C)C(=O)c1ccc(cc1)C(=O)N(C)C,Oc1ccc(O)cc1,1
Brc1ccccn1,OC(=O)c1ccc(cc1Cl)N(=O)=O,1
Nc1cccnc1Br,OC(=O)c1ccc(cc1Cl)N(=O)=O,1
Nc1cccnc1Cl,OC(=O)c1ccc(cc1Cl)N(=O)=O,1
Nc1ccc(cn1)N(=O)=O,OC(=O)c1ccc(cc1Cl)N(=O)=O,1
OC(=O)c1ccc(cc1Cl)N(=O)=O,Oc1cccnc1Cl,1
CC(=NO)c1ccccc1,OC(=O)c1ccccc1,1
NC(=O)c1ccccc1,ON=Cc1ccccc1,1
O=P(c1ccccc1)(c1ccccc1)c1ccccc1,OC(=O)COc1c(Cl)c(Cl)c(Cl)c(Cl)c1Cl,1
COc1ccc2cc(ccc2c1)C(C)C(O)=O,NC(=O)c1cccnc1,1
C=CCN1CCOc2ccccc2OCCN(CCOc2ccccc2OCC1)CC=C,OC(=O)c1ccc(cc1)C(O)=O,1
c1cc(ccn1)c1ccncc1,Oc1ccccc1O,1
CC1(C)CC(N)CC(C)(C)N1[O],OC1(C2=CC3=C(S2)C=C(S3)C2(O)c3ccccc3c3ccccc23)c2ccccc2c2ccccc12,1
C1COCCOCCOCCOCCOCCO1,ClCC#N,1
CC(C)(C)C1OC(C(O1)C(O)(c1ccccc1)c1ccccc1)C(O)(c1ccccc1)c1ccccc1,CNC(C)C,1
C1CCNCC1,OC(C1OC(OC1C(O)(c1ccccc1)c1ccccc1)c1ccccc1)(c1ccccc1)c1ccccc1,1
OC(=O)CCCCC(O)=O,ON=Cc1ccnc2ccccc12,1
OC(=O)C=CC(O)=O,ON=Cc1ccnc2ccccc12,1
N1C=CC=N1,OC1=C(O)C(=O)C1=O,1
CP(=O)(c1ccccc1)c1ccccc1,Fc1c(I)c(F)c(I)c(F)c1I,1
Fc1c(I)c(F)c(I)c(F)c1I,O=P(c1ccccc1)(c1ccccc1)c1ccccc1,1
Fc1c(F)c(I)c(F)c(F)c1I,S(c1ccncc1)c1ccncc1,1
c1cncc(c1)C=NN=Cc1cccnc1,OC(=O)Cc1ccccc1,1
COC(C(OC)C(=O)N(C1CCCCC1)C1CCCCC1)C(=O)N(C1CCCCC1)C1CCCCC1,Oc1ccc2ccccc2c1c1c(O)ccc2ccccc12,1
CN(C)C(=O)C1OC(C)(C)OC1C(=O)N(C)C,Oc1c2ccccc2c2ccccc2c1c1c(O)c2ccccc2c2ccccc12,1
C1CC2CC1C(=Cc1ccccc1)C2=Cc1ccccc1,Fc1c(F)c(F)c(C=C2C3CCC(C3)C2=Cc2c(F)c(F)c(F)c(F)c2F)c(F)c1F,1
CC(NS(=O)(=O)c1ccc(C=CC(O)=O)cc1)C(O)=O,CCC(NS(=O)(=O)c1ccc(C=CC(O)=O)cc1)C(O)=O,1
Clc1cccc(N2CCN(CCCCOc3ccc4CCC(=O)Nc4c3)CC2)c1Cl,Oc1ccc(O)cc1,1
CN(C)c1cc(cc(c1)N(C)C)N(C)C,N#Cc1c(C#N)c(C#N)c(C#N)c(C#N)c1C#N,1
Clc1cccc(N2CCN(CCCCOc3ccc4CCC(=O)Nc4c3)CC2)c1Cl,Oc1cccc(O)c1,1
CN1C=NC2=C1C(=O)N(C)C(=O)N2C,Oc1cc2OC(=CC(=O)c2c(O)c1O)c1ccccc1,1
NC(=O)c1ccncc1,Oc1cc2OC(=CC(=O)c2c(O)c1O)c1ccccc1,1
c1cc(ccn1)c1ccncc1,CCCN(CCC)S(=O)(=O)c1ccc(cc1)C(O)=O,1
c1ccc2nc3ccccc3cc2c1,CCCN(CCC)S(=O)(=O)c1ccc(cc1)C(O)=O,1
O=P(c1ccccc1)(c1ccccc1)c1ccccc1,OCC(NC(=O)CC(CC#C)c1ccccc1)c1ccccc1,1
CCN(CC)C=O,N1C=Nc2cc3C4c5cc6N=CNc6cc5C(c3cc12)c1cc2NC=Nc2cc41,1
N#Cc1cc(C#N)c(cc1C#N)C#N,Oc1c2C3CC(c4cc5cc6ccccc6cc5cc34)c2c(O)c2C3CC(c4cc5cc6ccccc6cc5cc34)c12,1
CCN(CC)C(=O)c1cc(cc(c1)C(=O)N(CC)CC)C(=O)N(CC)CC,Oc1ccc(O)cc1,1
CN(C)C(=O)c1cc(cc(c1)C(=O)N(C)C)C(=O)N(C)C,Oc1ccc(O)cc1,1
Cc1ccc(cc1)S(O)(=O)=O,NC1=NN=C(S1)S(N)(=O)=O,1
c1ccc(cc1)N=Nc1ccccc1,Fc1c(F)c(F)c2c(F)c(F)c(F)c(F)c2c1F,1
COc1ccc2N(C(=C(CC(=O)OCC(O)=O)c2c1)C)C(=O)c1ccc(Cl)cc1,O=C1NC=CC=C1,1
COc1ccc2N(C(=C(CC(=O)OCC(O)=O)c2c1)C)C(=O)c1ccc(Cl)cc1,NC(=O)c1cccnc1,1
COc1ccc2N(C(=C(CC(=O)OCC(O)=O)c2c1)C)C(=O)c1ccc(Cl)cc1,O=C1CCCCN1,1
Cc1cc(C)c(C)cc1C,N#Cc1cc(C#N)c(cc1C#N)C#N,1
O=C1c2cc(ccc2c2ccc(cc12)N(=O)=O)N(=O)=O,S1C=CSC1=C1SC=CS1,1
c1ccc2nc3ccccc3cc2c1,N#Cc1cc(C#N)c(cc1C#N)C#N,1
CC=C(c1ccc(Cl)cc1)C(C(=C)P(=O)(c1ccccc1)c1ccccc1)=C(c1ccccc1)c1ccccc1,CCCC,1
[C]c1[c][c][c][c][c]1,CC1(C)OC(C)(C)c2cc3c(cc12)C1=C2c4cc5c(cc4C2=C2c4cc6c(cc4C2=C31)C(C)(C)OC6(C)C)C(C)(C)OC5(C)C,1
C1CN2CCN1CC2,Oc1ccc(CC=C)cc1c1cc(CC=C)ccc1O,1
c1cc(ccn1)c1ccncc1,OC(=O)c1cccc(C(O)=O)c1C(O)=O,1
C(Cc1ccncc1)Cc1ccncc1,OC(=O)c1ccc(cc1)C(O)=O,1
c1cc(ccn1)C=Cc1ccncc1,OC(=O)CSCC(O)=O,1
c1cc(ccn1)C=Cc1ccncc1,OC(=O)CC=CC(O)=O,1
c1cc(ccn1)C=Cc1ccncc1,OC(=O)C=CC=CC(O)=O,1
c1cc(ccn1)C=Cc1ccncc1,OC(=O)C=Cc1ccc(C=CC(O)=O)cc1,1
COc1ccc2cccc(CCNC(C)=O)c2c1,NC(N)=O,1
COc1ccc2cccc(CCNC(C)=O)c2c1,OCC(O)=O,1
COc1ccc2cccc(CCNC(C)=O)c2c1,NC(=O)c1ccncc1,1
COC(=O)c1ccc(O)cc1,COc1ccc2cccc(CCNC(C)=O)c2c1,1
C1COCCOCCNCCOCCOCCN1,Oc1ccccc1C(=O)c1ccccc1O,1
C1COCCOCCNCCOCCOCCN1,Oc1ccc(c(O)c1)C(=O)c1ccccc1,1
C1COCCOCCNCCOCCOCCN1,Oc1ccc(cc1)C(=O)c1ccc(O)cc1,1
O=C(Nc1ccccn1)c1ccncc1,OC(=O)CCCC(O)=O,1
O=C(Nc1ccccn1)c1ccncc1,OC(=O)CCCCCC(O)=O,1
O=C(Nc1ccccn1)c1ccncc1,OC(=O)CCCCCCCCC(O)=O,1
O=C(Nc1ccccn1)c1ccncc1,OC(=O)CCCCC(O)=O,1
O=C(Nc1ccccn1)c1ccncc1,OC(=O)CCCCCCC(O)=O,1
O=C(Nc1ccccn1)c1ccncc1,OC(=O)CCCCCCCC(O)=O,1
O=C(Nc1ccccn1)c1cccnc1,OC(=O)CCCCC(O)=O,1
O=C(Nc1ccccn1)c1cccnc1,OC(=O)CCCCCCCCC(O)=O,1
O=C(Nc1ccccn1)c1cccnc1,OC(=O)CC(O)=O,1
O=C(Nc1ccccn1)c1cccnc1,OC(=O)CCCCCC(O)=O,1
O=C(Nc1ccccn1)c1cccnc1,OC(=O)CCCCCCCC(O)=O,1
Cc1ccc(cc1)C(C1=C(O)CC(C)(C)CC1=O)C1=C(O)CC(C)(C)CC1=O,CCNCC,1
c1ccc(nc1)c1ccccn1,CC1=C(Sc2ccccc2C(O)=O)C(=O)c2ccccc2C1=O,1
Nc1ccc(N=Nc2ccccc2)c(N)n1,O=C1NC(=O)c2ccccc12,1
c1cc(ccn1)c1ccncc1,OC(=O)c1ccc(N2C(=O)c3cccc4cccc(C2=O)c34)c(O)c1,1
BrN1C(=O)c2ccccc2S1(=O)=O,Cc1ccncc1,1
O=C(NN=Cc1cccnc1)c1ccccn1,OC(=O)CCCCCCCC(O)=O,1
O=C(NN=Cc1cccnc1)c1ccccn1,OC(=O)CC(O)=O,1
O=C(NN=Cc1cccnc1)c1ccccn1,OC(=O)CCCC(O)=O,1
O=C(NN=Cc1cccnc1)c1ccccn1,OC(=O)CCCCCC(O)=O,1
CC1=CC(=N[N+](=N1)[NH-])C,CC1=N[N+](=NC(=C1)C)[NH-],1
O=C(NN=Cc1cccnc1)c1ccccn1,OC(=O)CCCCC(O)=O,1
CCCCCCCCN1C=C(C)C(=O)NC1=O,CCCCCCCCN1C=Nc2c(N)ncnc12,1
CC(=O)Nc1ccccn1,OC(=O)C=CC(O)=O,1
CC(=O)Nc1ccccn1,OC(=O)CCCC(O)=O,1
CC(=O)Nc1ccccn1,OC(=O)CCCCCC(O)=O,1
CC(=O)Nc1ccccn1,OC(=O)CCCCCCC(O)=O,1
CC(=O)Nc1ccccn1,OC(=O)CCCCCCCC(O)=O,1
CC(=O)Nc1ccccn1,OC(=O)CCCCCCCCC(O)=O,1
O=C([O-])C1[NH2+]CCC1,OC(CCC1C(N(C1=O)c1ccc(F)cc1)c1ccc(O)cc1)c1ccc(F)cc1,1
N1C=CN=C1,OC(CCC1C(N(C1=O)c1ccc(F)cc1)c1ccc(O)cc1)c1ccc(F)cc1,1
c1cc(ccn1)C=Cc1ccncc1,OC(=O)c1ccc(Oc2ccc(cc2)C(O)=O)cc1,1
Nc1ncccn1,OC(=O)CN1C(=O)c2ccccc2C1=O,1
Nc1ncccn1,OC(=O)CN1C(=O)c2cc3C(=O)N(CC(O)=O)C(=O)c3cc2C1=O,1
O1C(=NN=C1c1cccnc1)c1cccnc1,OC(=O)c1cccc(O)c1,1
N#CC(C#N)=C1C=CC(C=C1)=C(C#N)C#N,S1C=Cc2c1c1SC=Cc1c1nc3ccccc3nc21,1
CC(C)C(=O)OC1CC(=CCCC(=CC2OC(=O)C(=C)C12)C)C,CCC(C)C(=O)OC1CC(=CCCC(=CC2OC(=O)C(=C)C12)C)C,1
N#CC(C#N)=C1C=CC(C=C1)=C(C#N)C#N,S1C=CC2=C1c1cc3SC4=C(SC=C4)c3cc1S2,1
FC1=C(F)C(C(=C(F)C1=C(C#N)C#N)F)=C(C#N)C#N,S1C=CC2=C1c1cc3SC4=C(SC=C4)c3cc1S2,1
CN1CCCC1c1cccnc1,OC(C#CC#CC(O)(c1ccccc1)c1ccccc1)(c1ccccc1)c1ccccc1,1
Fc1c(F)c(F)c(I)c(F)c1F,O1C=CC=C1C1=CC=C(S1)c1ccncc1,1
Fc1c(F)c(F)c(I)c(F)c1F,S1C=CC=C1C1=CC=C(S1)c1ccncc1,1
Ic1cc(cc(c1)N(=O)=O)N(=O)=O,O1C=CC=C1C1=CC=C(S1)c1ccncc1,1
Ic1cc(cc(c1)N(=O)=O)N(=O)=O,S1C=CC=C1C1=CC=C(S1)c1ccncc1,1
FC(F)(F)c1cc(cc(c1)C(F)(F)F)C#CI,O1C=CC=C1C1=CC=C(S1)c1ccncc1,1
Fc1c(F)c(F)c(C#CI)c(F)c1F,O1C=CC=C1C1=CC=C(S1)c1ccncc1,1
CCN(CC)C(=O)NC1CC2C(CC3=CN(CC=C)c4cccc2c34)N(C)C1,CN(C)c1cccc2c1cccc2S(=O)(=O)[NH2+]C(CC1=CNc2ccccc12)C(=O)[O-],1
Cc1cc(C)nc(N)n1,OC(=O)CC1=CNc2ccccc12,1
Cc1cc(C)nc(N)n1,OC(=O)CCCC1=CNc2ccccc12,1
O=C1CCCCCN1,Oc1ccc(cc1)c1ccc(O)cc1,1
Nc1ccccn1,Oc1ccc(cc1)c1ccc(O)cc1,1
O=C1N2c3ccccc3N=C2c2cccc3cccc1c23,Oc1cccc(O)c1,1
O=C1N2c3ccccc3N=C2c2cccc3cccc1c23,Oc1ccc(O)cc1,1
O=C1N2c3cccnc3N=C2c2cccc3cccc1c23,Oc1cccc(O)c1,1
Nc1ccc(N)cc1,OCCCCCCCCO,1
Nc1ccc(N)cc1,OCCCCCCCCCCO,1
Nc1ccc(N)cc1,OCCCCCCCCCCCCO,1
CCC1=CC=C(O1)C1N(CC2=C1Nc1ccccc1C2=O)c1ncccn1,COC,1
C1COCCOCCOCCOCCOCCO1,CS(=O)(=O)N(Cl)S(C)(=O)=O,1
C1COCCOCCOCCOCCOCCO1,CN(S(C)(=O)=O)S(C)(=O)=O,1
C1COCCOCCOc2ccccc2OCCOCCO1,CS(=O)(=O)NS(C)(=O)=O,1
CC1=CC(=O)C=C(C)O1,Oc1ccc(c2c1c1c(O)ccc(c21)N(=O)=O)N(=O)=O,1
Cc1ccc2c3ccc(C)c(O)c3c2c1O,CN1C(=CC(=O)C=C1C)C,1
Nc1c(F)c(F)c(F)c(F)c1F,Oc1c(F)c(F)c(F)c(F)c1F,1
Cc1cccc(N)c1,OC(C(O)C(O)(c1ccccc1)c1ccccc1)C(O)(c1ccccc1)c1ccccc1,1
CCc1nc(N)nc(N)c1c1ccc(Cl)cc1,CN1C(=O)N(C)C2=C(NC=N2)C1=O,1
Cc1cc(CN2C=CN=C2)c(O)c(CN2C=CN=C2)c1,OC(=O)c1ccc(cc1)C(O)=O,1
CNC(=O)NC,OC(=O)C(O)=O,1
CN(C)P(=O)(N(C)C)N(C)C,OC(=O)c1cc(cc2Oc3cc(ccc3c12)N(=O)=O)N(=O)=O,1
CN1C=NC2=C1C(=O)N(C)C(=O)N2C,OC(=O)CC(O)(CC(O)=O)C(O)=O,1
CN1C=NC2=C1C(=O)N(C)C(=O)N2C,OC(=O)c1ccc2ccccc2c1O,1
CN1C=NC2=C1C(=O)N(C)C(=O)N2C,OC(=O)c1cc2ccccc2cc1O,1
CN1C(=O)N(C)C2=C(NC=N2)C1=O,OC(=O)c1ccccc1O,1
CN1C(=O)N(C)C2=C(NC=N2)C1=O,OC(=O)c1ccc2ccccc2c1O,1
CN1C(=O)N(C)C2=C(NC=N2)C1=O,OC(=O)c1ccc(O)cc1,1
CC(=O)Nc1ccc(O)cc1,CN1C(=O)N(C)C2=C(NC=N2)C1=O,1
c1cc(ccn1)c1ccncc1,Nc1ccc(cc1)S(=O)(=O)c1ccc(N)cc1,1
Nc1ccc(cc1)S(=O)(=O)c1ccc(N)cc1,O=C1CCCCCN1,1
Cc1nc(C)c(C)nc1C,Ic1ccc(I)cc1,1
c1ccc(nc1)c1ccccn1,Fc1c(I)c(F)c(I)c(F)c1I,1
Fc1c(F)c(I)c(F)c(F)c1I,N#CC12CC3CC(CC(C3)C1)C2,1
c1ccc(cc1)c1ccncc1,Oc1cccc(c1)C#N,1
C(Cc1ccncc1)c1ccncc1,Oc1cccc(c1)C#N,1
c1cc(ccn1)C=Cc1ccncc1,Oc1cccc(c1)C#N,1
N#Cc1c(nc(c2ccncc2)c(C#N)c1c1ccc(c2ccccc12)c1c(C#N)c(nc(c2ccncc2)c1C#N)c1ccncc1)c1ccncc1,OC(=O)c1cc(cc(c1)c1c2ccccc2c(c2cc(cc(c2)C(O)=O)C(O)=O)c2ccccc12)C(O)=O,1
c1ccc(cc1)c1ccncc1,Oc1ccc(cc1)C#N,1
c1cc(ccn1)c1ccncc1,Oc1ccc(cc1)C#N,1
C(Cc1ccncc1)c1ccncc1,Oc1ccc(cc1)C#N,1
c1cc(ccn1)C=Cc1ccncc1,Oc1ccc(cc1)C#N,1
N#Cc1cccnc1,Oc1ccc(cc1)c1ccc(O)cc1,1
N#Cc1ccncc1,Oc1cccc(O)c1,1
N#Cc1ccncc1,Oc1cc(O)cc(O)c1,1
c1cc(ccn1)C=Cc1ccncc1,CC(O)(CS(=O)(=O)c1ccc(F)cc1)C(=O)Nc1ccc(C#N)c(c1)C(F)(F)F,1
c1cc(ccn1)c1ccncc1,CC(O)(CS(=O)(=O)c1ccc(F)cc1)C(=O)Nc1ccc(C#N)c(c1)C(F)(F)F,1
CN1C(=C([O-])C2=C(C=CS2)S1(=O)=O)C(=O)Nc1[nH+]cccc1,OC(=O)c1ccccc1O,1
CN1C(=C([O-])C2=C(C=CS2)S1(=O)=O)C(=O)Nc1[nH+]cccc1,Oc1cccc(O)c1,1
CN1C(=C([O-])C2=C(C=CS2)S1(=O)=O)C(=O)Nc1[nH+]cccc1,Oc1cccc(O)c1O,1
c1ccc2c(c1)cc1ccccc1c2c1c2ccccc2cc2ccccc12,ClC=CCl,1
CN1C(=C([O-])C2=C(C=CS2)S1(=O)=O)C(=O)Nc1[nH+]cccc1,Oc1ccccc1O,1
CN1C(=C([O-])C2=C(C=CS2)S1(=O)=O)C(=O)Nc1[nH+]cccc1,OC(=O)c1ccccc1,1
CN1N=NC2=C(N=CN2C1=O)C(N)=O,NC(=O)c1cnccn1,1
CN1N=NC2=C(N=CN2C1=O)C(N)=O,NC(=O)c1ccc(O)cc1,1
CN1N=NC2=C(N=CN2C1=O)C(N)=O,NC(=O)c1cccnc1,1
CN1N=NC2=C(N=CN2C1=O)C(N)=O,NC(=O)c1ccncc1,1
CN1C=NC2=C1C(=O)N(C)C(=O)N2C,CN1N=NC2=C(N=CN2C1=O)C(N)=O,1
COc1cc(C=Cc2ccncc2)c(OC)cc1C=Cc1ccncc1,Fc1c(F)c(I)c(F)c(F)c1I,1
Cc1cc(C)nc(N)n1,Oc1ccc(cc1)N(=O)=O,1
COc1ccc(C=CC(=O)Nc2ccccc2C(O)=O)cc1OC,NC(=O)c1cccnc1,1
COc1ccc(C=CC(=O)Nc2ccccc2C(O)=O)cc1OC,NC(N)=O,1
c1ccc(cc1)P(c1ccccc1)c1ccccc1,Fc1c(I)c(F)c(I)c(F)c1I,1
Cc1cc(O)c2C(=O)c3c(O)cc(O)cc3C(=O)c2c1,NC(=O)c1ccccc1,1
Cc1cc(O)c2C(=O)c3c(O)cc(O)cc3C(=O)c2c1,NC(=O)c1ccccn1,1
Cc1cc(O)c2C(=O)c3c(O)cc(O)cc3C(=O)c2c1,NC(=O)c1cccnc1,1
Cc1cc(O)c2C(=O)c3c(O)cc(O)cc3C(=O)c2c1,CCc1nc(N)nc(N)c1c1ccc(Cl)cc1,1
c1cc(ccn1)c1ccncc1,Cc1cc(O)c2C(=O)c3c(O)cc(O)cc3C(=O)c2c1,1
NC(N)=S,O=C1CC(=O)NC(=O)N1,1
NC(N)=S,O=C1CC(=O)NC(=S)N1,1
CN(C)c1ccc(CN2CCN3CCN(Cc4ccc(cc4)N(C)C)c4cncc2c34)cc1,CN(C)c1ccc(CO)cc1,1
c1ccc2c(c1)c1ccccc1c1ccccc21,O=C1OC(=O)c2c1c1C(=O)OC(=O)c1c1C(=O)OC(=O)c21,1
Cc1c2ccccc2c(C)c2ccccc12,O=C1OC(=O)c2c1c1C(=O)OC(=O)c1c1C(=O)OC(=O)c21,1
OC(C[N+]1=CN(CC([O-])(C(F)(F)F)C(F)(F)F)N=C1)(C(F)(F)F)C(F)(F)F,OC(CN1C=[N+](CC([O-])(C(F)(F)F)C(F)(F)F)C=N1)(C(F)(F)F)C(F)(F)F,1
CC=C1C2CC3=C(C=CC(=O)N3)C1(N)CC(=C2)C,COC(C)(C)C,1
C1COCCOCCOCCOCCOCCO1,NC(=O)Nc1cccc(Br)c1,1
CC(C)N1C=C2Sc3ccc(Cl)cc3C2=C1,O=N(=O)c1cc(cc(c1)N(=O)=O)N(=O)=O,1
CC1(C)C(CCC1(C)C(O)=O)C(O)=O,Nc1ncccn1,1
CC(=O)Nc1ccccn1,Nc1ccc(cc1)C(O)=O,1
CC(=O)Nc1ccccn1,OC(=O)c1ccccc1,1
CC(=O)Nc1cccc(C)n1,Nc1ccc(cc1)C(O)=O,1
c1cc(ccn1)c1ccncc1,COc1ccc(cc1)C(O)=O,1
CN(C)c1ccncc1,OC(=O)c1cc(cc(c1)N(=O)=O)N(=O)=O,1
Cc1cccc(C)n1,OC(c1ccccc1)(c1ccccc1)C(O)(c1ccccc1)c1ccccc1,1
Cc1cncc(C)c1,OC(c1ccccc1)(c1ccccc1)C(O)(c1ccccc1)c1ccccc1,1
Cc1ccncc1C,OC(c1ccccc1)(c1ccccc1)C(O)(c1ccccc1)c1ccccc1,1
COc1ccc(OC)c(C=CC(O)=O)c1,OC(=O)C=Cc1cc(cc(c1)N(=O)=O)N(=O)=O,1
CCCC(O)=O,NC(=O)C1c2ccccc2C=Cc2ccccc12,1
CC1(C)OC(C(O1)C(O)(c1ccccc1)c1ccccc1)C(O)(c1ccccc1)c1ccccc1,CC12CCCCC1=CC(=O)CC2,1
CC1(C)OC(C(O1)C(O)(c1ccccc1)c1ccccc1)C(O)(c1ccccc1)c1ccccc1,CC12CCC(=O)C=C1CCCC2=O,1
NC1=CC=CC2=NSN=C12,O=N(=O)C1=CC=CC2=NSN=C12,1
CC1=NN(C(=C1)C)c1ccc(Cl)c(n1)C(O)=O,O=P(c1ccccc1)(c1ccccc1)c1ccccc1,1
C1CCC2OCCOCCOC3CCCCC3OCCOCCOC2C1,Nc1c(Cl)cc(cc1Cl)S(N)(=O)=O,1
O=C1OC(=O)c2cc3C(=O)OC(=O)c3cc12,S1C(Sc2ccccc12)=C1Sc2ccccc2S1,1
O=C(C=Cc1ccncc1)C=Cc1ccncc1,Oc1cccc(O)c1,1
CC1(C)OC(C(O1)C(O)(c1ccccc1)c1ccccc1)C(O)(c1ccccc1)c1ccccc1,COC12CCC(C1)C=CC2=O,1
OC(=CC(=O)c1ccc(cc1)c1ccccc1)c1ccccc1,OC(=CC(=O)c1ccccc1)c1ccc(cc1)c1ccccc1,1
c1cc(ccn1)c1ccncc1,OC(=O)c1ccccc1O,1
c1cc(ccn1)c1ccncc1,NC(N)=O,1
C1COCCOCCOCCOCCOCCO1,FCC#N,1
N#CC(C#N)=C1C=CC(C=C1)=C(C#N)C#N,S1c2ccccc2c2c1ccc1Sc3ccccc3c21,1
Clc1ccc(cc1)C=NCCC1=CN=CN1,Clc1ccc(cc1)C=NCCC1=CNC=N1,1
COc1ccc(cc1)C1=C2N(N=N1)C(=Cc1ccccc21)c1ccccc1,COc1ccc(cc1)C1=Cc2ccccc2C2=C(N=NN12)c1ccccc1,1
NC(=O)c1cnccn1,OC(=O)CCCCC(O)=O,1
NC(=O)c1cnccn1,OC(=O)CCCCCCCCC(O)=O,1
NC(=O)c1cnccn1,OC(=O)CC(=CC(O)=O)C(O)=O,1
NC(=O)c1cnccn1,OC(=O)CC(O)(CC(O)=O)C(O)=O,1
CCOC(=O)C(C)NC(C)=O,O=C(NC(c1ccccc1)(c1ccccc1)c1ccccc1)NC(c1ccccc1)(c1ccccc1)c1ccccc1,1
Nc1cc(cc(N)c1N(=O)=O)N1CCOCC1,OC(c1ccccc1)(c1ccccc1)c1ccccc1,1
CCOC(=O)CCN(C(=O)c1ccc2N(C)C(=Nc2c1)CNc1ccc(cc1)C#N)c1ccccn1,OC(=O)C=CC(O)=O,1
Cc1ccc2cc(C)ccc2c1,N#CC(C#N)=C1C2=NSN=C2C(=C(C#N)C#N)C2=NSN=C12,1
Cc1ccc2ccc(C)cc2c1,N#CC(C#N)=C1C2=NSN=C2C(=C(C#N)C#N)C2=NSN=C12,1
COc1ccccc1C,N#CC(C#N)=C1C2=NSN=C2C(=C(C#N)C#N)C2=NSN=C12,1
O=P(c1ccccc1)(c1ccccc1)c1ccccc1,OC(=O)c1cc(cc(c1)C(O)=O)C(O)=O,1
O=P(c1ccccc1)(c1ccccc1)c1ccccc1,OC(=O)COc1cc(Cl)c(Cl)cc1Cl,1
Cc1ccccc1O,Nc1ccccc1F,1
CC(O)C(O)(c1ccccc1)c1ccccc1,CC1CCCC(=O)C1,1
Cc1cccc(O)c1,Nc1ccc(F)cc1,1
CCC1(CC)C(=O)NC(=O)NC1=O,COC(=O)c1ccc(NC2=NC(=NC(=N2)N)Nc2ccc(cc2)C(=O)OC)cc1,1
NC(=O)c1ccc(N)cc1,Nc1ccc(cc1)S(=O)(=O)N=C1NC=CS1,1
CC12CCC(O)CC1CCC1C2CCC2(C)C(CC3OC123)C1=CC(=O)OC1,CC12CCC(O)CC1CCC1C2CCC2(C)C(CCC12O)C1=CC(=O)OC1,1
C(P(c1ccccc1)c1ccccc1)C1=CC=CN1,O=P(CC1=CC=CN1)(c1ccccc1)c1ccccc1,1
Nc1ccc(Cl)cn1,OC(=O)C=CC(O)=O,1
C1CN2CCN1CC2,FC(F)(Br)C(F)(F)Br,1
CN(C)c1ccncc1,IN1C(=O)CCC1=O,1
Cc1ccncc1,IN1C(=O)c2ccccc2S1(=O)=O,1
Cc1nc(C)c(C)nc1C,IC#Cc1cc(cc(c1)N(=O)=O)N(=O)=O,1
Cc1[n+]([O-])c(C)c(C)[n+]([O-])c1C,IC#Cc1cc(cc(c1)N(=O)=O)N(=O)=O,1
BrC#Cc1cccc(c1)N(=O)=O,c1cc(ccn1)N=Nc1ccncc1,1
Fc1c(F)c(I)c(F)c(F)c1I,NC(=S)c1ccccc1,1
Cc1ccccc1C(N)=S,Fc1c(F)c(I)c(F)c(F)c1I,1
Cc1cccc(c1)C(N)=S,Fc1c(F)c(I)c(F)c(F)c1I,1
Cc1ccc(cc1)C(N)=S,Fc1c(F)c(I)c(F)c(F)c1I,1
COc1ccccc1C(N)=S,Fc1c(F)c(I)c(F)c(F)c1I,1
COc1cccc(c1)C(N)=S,Fc1c(F)c(I)c(F)c(F)c1I,1
COc1ccc(cc1)C(N)=S,Fc1c(F)c(I)c(F)c(F)c1I,1
Fc1c(F)c(I)c(F)c(F)c1I,NC(=S)c1cccc(c1)N(=O)=O,1
Fc1c(F)c(I)c(F)c(F)c1I,NC(=S)c1ccccc1F,1
Fc1c(F)c(I)c(F)c(F)c1I,NC(=S)c1ccccc1Cl,1
Fc1c(F)c(I)c(F)c(F)c1I,NC(=S)c1ccc(Cl)cc1,1
OC(=O)c1cc2C(=O)c3cc(cc(c3c2c(c1)N(=O)=O)N(=O)=O)N(=O)=O,S1C=CSC1=C1SC=CS1,1
COC(=O)c1cc2C(=O)c3cc(cc(c3c2c(c1)N(=O)=O)N(=O)=O)N(=O)=O,S1C=CSC1=C1SC=CS1,1
Brc1ccc(cc1)C(c1ccc(Br)cc1)=C(c1ccc(Br)cc1)c1ccc(Br)cc1,ICI,1
C(Cc1ccncc1)c1ccncc1,IC#Cc1ccc(cc1)N(=O)=O,1
c1ccc(cc1)N=Nc1ccncc1,IC#Cc1ccc(cc1)N(=O)=O,1
c1cc(ccn1)C=Cc1ccncc1,IC#Cc1cccc(c1)N(=O)=O,1
c1ccc(cc1)c1ccncc1,IC#Cc1cccc(c1)N(=O)=O,1
Cc1cccc(NC(=O)C=Cc2ccccc2)n1,OC(=O)C=Cc1ccccc1,1
C1CN2CCN1CC2,COc1ccc2ccc(O)c(c2c1)C(=Nc1ccccc1)c1ccc(Cl)cc1,1
O=P(c1ccccc1)(c1ccccc1)c1ccccc1,Oc1ccccc1N1C(=O)c2ccccc2N=C1Nc1ccccc1,1
O=C(NCc1cccnc1)C(=O)NCc1cccnc1,OC(=O)c1ccccc1SSc1ccccc1C(O)=O,1
OC(=O)c1ccccc1SSc1ccccc1C(O)=O,S=C(NCc1ccncc1)C(=S)NCc1ccncc1,1
c1cc(ccn1)C=NN=Cc1ccncc1,OC(=O)Cc1ccccc1,1
COc1cc(OC)nc(N)n1,OC(=O)CC1=CNc2ccccc12,1
O=P(c1ccccc1)(c1ccccc1)c1ccccc1,OC(=O)COc1ccc(Cl)c(Cl)c1,1
Cc1cc(ccc1N)N(=O)=O,COC(=O)C(C)Nc1ccc(cc1N(=O)=O)N(=O)=O,1
C1CCC2OCCOCCOC3CCCCC3OCCOCCOC2C1,Cc1ccccc1S(N)(=O)=O,1
C1COCCOCCOCCOCCOCCO1,COc1ccc(cc1N(=O)=O)N(=O)=O,1
c1cnccn1,Nc1ccc(C(O)=O)c(O)c1,1
c1cncnc1,Nc1ccc(C(O)=O)c(O)c1,1
c1ccnnc1,Nc1ccc(C(O)=O)c(O)c1,1
c1ccc2nc3ccccc3nc2c1,Nc1ccc(C(O)=O)c(O)c1,1
Nc1ccc(C(O)=O)c(O)c1,S(Sc1ccncc1)c1ccncc1,1
C(Cc1ccncc1)Cc1ccncc1,Nc1ccc(C(O)=O)c(O)c1,1
N#Cc1ccncc1,Nc1ccc(C(O)=O)c(O)c1,1
Brc1ccc(cc1)C(c1ccc(Br)cc1)=C(c1ccc(Br)cc1)c1ccc(Br)cc1,C1CCNCC1,1
CCC(=O)Nc1ccc(Br)cn1,OC(=O)c1ccc(Cl)c(Cl)c1,1
CCC(=O)Nc1ccc(Br)cn1,OC(=O)CCCCCCC(O)=O,1
CCC(=O)Nc1ccc(Br)cn1,OC(=O)C=CC(O)=O,1
CCC(=O)Nc1ccc(Br)cn1,OC(=O)CCCCCCCCC(O)=O,1
Nc1ncc(Br)cc1Br,OC(=O)c1cc(cc(c1)N(=O)=O)N(=O)=O,1
Nc1ncc(Br)cc1Br,OC(=O)C=CC(O)=O,1
CC(CCC(O)=O)C1CCC2C3C(O)CC4CC(O)CCC4(C)C3CC(O)C12C,O=N(=O)c1ccccc1,1
Cc1c(C)c(C)c(C)c(C)c1C,N#Cc1cc(cc(c1)C#N)C#N,1
NC(=O)c1ccncc1,OC(=O)c1cccc(O)c1O,1
NC(=O)c1ccncc1,OC(=O)c1cc(O)ccc1O,1
CN1C=NC2=C1C(=O)N(C)C(=O)N2C,OC(=O)c1c(O)ccc2ccccc12,1
Nc1ccc(cc1)S(=O)(=O)c1ccc(N)cc1,OC(=O)c1cc(cc(c1)N(=O)=O)N(=O)=O,1
C(Cc1ccncc1)c1ccncc1,Oc1ccc(cc1)C1(c2ccc(O)cc2)c2ccccc2c2ccccc12,1
c1cc(ccn1)C=Cc1ccncc1,Oc1ccc(cc1)C1(c2ccc(O)cc2)c2ccccc2c2ccccc12,1
c1cc(ccn1)c1ccncc1,Oc1ccc(cc1)C1(CCCCC1)c1ccc(O)cc1,1
c1cc(ccn1)c1ccncc1,Oc1ccc(cc1)C1(c2ccc(O)cc2)c2ccccc2c2ccccc12,1
Fc1c(F)c(F)c(C=Nc2ccccc2)c(F)c1F,Fc1c(F)c(F)c(N=Cc2ccccc2)c(F)c1F,1
c1ccc(cc1)C=Nc1ccccc1,Fc1c(F)c(F)c(C=Nc2c(F)c(F)c(F)c(F)c2F)c(F)c1F,1
C(Cc1ccncc1)c1ccncc1,Cc1c(cc(cc1N(=O)=O)C(O)=O)N(=O)=O,1
c1cc(ccn1)C=Cc1ccncc1,Cc1c(cc(cc1N(=O)=O)C(O)=O)N(=O)=O,1
[NH3+]C(CC1=CNc2ccccc12)C(=O)[O-],Oc1ccc(cc1)N(=O)=O,1
C1COCCOCCOCCOCCOCCO1,N#CC1=C(N=CN1)C#N,1
Cc1ccc2ncccc2c1,OC(=O)C=CC(O)=O,1
C1CCCCCOc2ccc(COCc3cccc(COCc4ccc(OCCCC1)cc4)n3)cc2,O=C1NCc2ccc(OCCCCCCCCCCOc3ccc(CNC(=O)c4cccc1n4)cc3)cc2,1
CN1CC(=O)N2C(CC3=C(Nc4ccccc34)C2c2ccc3OCOc3c2)C1=O,COC(=O)c1ccc(O)cc1,1
CCCOC(=O)c1ccc(O)cc1,CN1CC(=O)N2C(CC3=C(Nc4ccccc34)C2c2ccc3OCOc3c2)C1=O,1
CN1CC(=O)N2C(CC3=C(Nc4ccccc34)C2c2ccc3OCOc3c2)C1=O,OC(=O)CCc1ccccc1,1
CC(N)c1ccccc1,CC1(C)OC(C(O1)C(O)(c1ccccc1)c1ccccc1)C(O)(c1ccccc1)c1ccccc1,1
CC1CCCCN1,OC(C1OC2(CCCC2)OC1C(O)(c1ccccc1)c1ccccc1)(c1ccccc1)c1ccccc1,1
CN1C=NC2=C1C(=O)N(C)C(=O)N2C,Nc1ccc(cc1I)N(=O)=O,1
CN1C=NC2=C1C(=O)N(C)C(=O)N2C,Nc1ccc(I)c(c1)N(=O)=O,1
CN1C=NC2=C1C(=O)N(C)C(=O)N2C,Nc1ccc(Cl)c(c1)N(=O)=O,1
CN1C=NC2=C1C(=O)N(C)C(=O)N2C,Nc1ccc(F)c(c1)N(=O)=O,1
CN1C=NC2=C1C(=O)N(C)C(=O)N2C,Nc1cc(ccc1Cl)N(=O)=O,1
CN1C=NC2=C1C(=O)N(C)C(=O)N2C,Nc1ccc(cc1)N(=O)=O,1
CN1C=NC2=C1C(=O)N(C)C(=O)N2C,OC(=O)c1ccc(cc1N(=O)=O)N(=O)=O,1
CN1C=NC2=C1C(=O)N(C)C(=O)N2C,Nc1cc(ccc1F)N(=O)=O,1
CN1C=NC2=C1C(=O)N(C)C(=O)N2C,OC(=O)c1cc(ccc1F)N(=O)=O,1
CN1N(C(=O)C=C1C)c1ccccc1,Nc1ccc(cc1)C(O)=O,1
c1ccc2nc3ccccc3nc2c1,Nc1ccc(cc1)C(O)=O,1
CC(C)=NNC(=O)c1ccncc1,OC(=O)c1ccc(O)cc1,1
C(N1C=CN=C1)c1ccc(CN2C=CN=C2)cc1,OC(=O)CC=CCC(O)=O,1
NNC(=O)c1ccncc1,OC(=O)c1ccccc1O,1
C(N1C=CN=C1)c1ccc(CN2C=CN=C2)cc1,OC(=O)C=CC(O)=O,1
CC(C)=NNC(=O)c1ccncc1,OC(=O)c1ccccc1O,1
NNC(=O)c1ccncc1,OC(=O)c1ccc(cc1Cl)N(=O)=O,1
C(N1C=CN=C1)c1ccc(CN2C=CN=C2)cc1,OC(=O)c1cccc(c1)C(O)=O,1
C(N1C=Nc2ccccc12)c1ccc(CN2C=Nc3ccccc23)cc1,OC(=O)C=CC(O)=O,1
CC1=Nc2ccccc2N1Cc1ccc(CN2C(=Nc3ccccc23)C)cc1,OC(=O)CC=CCC(O)=O,1
Cc1ccnc2N(C3CC3)c3ncccc3C(=O)Nc12,OC(=O)CCCC(O)=O,1
Cc1ccnc2N(C3CC3)c3ncccc3C(=O)Nc12,OC(=O)C=CC(O)=O,1
Cc1ccnc2N(C3CC3)c3ncccc3C(=O)Nc12,O=C1NS(=O)(=O)c2ccccc12,1
Cc1ccnc2N(C3CC3)c3ncccc3C(=O)Nc12,OC(C(O)C(O)=O)C(O)=O,1
O=C1CCCN1,OC(=O)c1ccc(cc1)N(=O)=O,1
O=C1CCCN1,OC(=O)c1cc(cc(c1)N(=O)=O)N(=O)=O,1
O=C1CCCCN1,OC(=O)c1ccc(cc1)N(=O)=O,1
O=C1CCCCN1,OC(=O)c1cc(cc(c1)N(=O)=O)N(=O)=O,1
O=C1CCC(=O)N1,OC(=O)c1ccc(O)cc1O,1
NNC(=O)c1ccncc1,OC(=O)C=CC(O)=O,1
NC(=O)c1cnccn1,OC(=O)C=CC(O)=O,1
CN1C=NC2=C1C(=O)N(C)C(=O)N2C,COc1ccc(cc1O)C1CC(=O)c2c(O)cc(O)cc2O1,1
COc1ccc(cc1O)C1CC(=O)c2c(O)cc(O)cc2O1,NC(=O)c1cccnc1,1
COc1ccc(cc1O)C1CC(=O)c2c(O)cc(O)cc2O1,O=C([O-])c1[nH+]cccc1,1
Cc1ccncc1,OC(=O)c1cccc(c1)C(O)=O,1
[NH3+]C(CS)C(=O)[O-],OC(C(O)=O)c1ccccc1,1
Oc1ccc(cc1)C1(CCC(=O)CC1)c1ccc(O)cc1,Oc1cccc(F)c1,1
Oc1ccc(cc1)C1(CCC(=O)CC1)c1ccc(O)cc1,Oc1ccccc1F,1
Oc1ccc(cc1)C1(CCC(=O)CC1)c1ccc(O)cc1,Oc1ccccc1,1
CC1CCC(O)C23OC(C)(C)C(C(=CC2=O)O)C13C,CC1CCC(O)C23OC(C)(C)C(C(=O)C=C2O)C13C,1
COc1ccc(C=O)cc1OC,Nc1ccc(cc1N(=O)=O)N(=O)=O,1
NC(=O)c1ccncc1,Oc1ccc(cc1)C1CC(=O)c2c(O)cc(O)cc2O1,1
CN1CCCC1c1cccnc1,Fc1c(F)c(I)c(F)c(F)c1I,1
CN1CCCC1c1cccnc1,OC(c1ccccc1)(c1ccccc1)c1ccc(cc1)C(O)(c1ccccc1)c1ccccc1,1
CN1CCCC1c1cccnc1,Fc1c(F)c(c(F)c(F)c1I)c1c(F)c(F)c(I)c(F)c1F,1
Cc1cnccn1,OC(=O)c1ccc(O)c(c1)C(O)=O,1
Cc1nccnc1C,OC(=O)c1ccc(O)c(c1)C(O)=O,1
Cc1nc(C)c(C)nc1C,OC(=O)c1ccc(O)c(c1)C(O)=O,1
Cc1cc(O)cc(O)c1,S1C(=CC=C1C#Cc1ccncc1)C#Cc1ccncc1,1
c1ccc2c(c1)c(C#Cc1ccncc1)c1ccccc1c2C#Cc1ccncc1,Oc1cc(O)cc(I)c1,1
c1cc(ccn1)c1ccncc1,NC1=NC(=CS1)C1=CSC(=N1)N,1
CN1C(=O)N(C)c2nc3N(C)C(=O)N(C)C(=O)c3nc2C1=O,CSc1ccccc1C=NC1=C(N)N(C)C(=O)N(C)C1=O,1
C1CN2CCN1CC2,OC(=O)C=CC=CC(O)=O,1
COc1ccccc1C=NNC(=O)c1ccncc1,OC(=O)CN1C(=O)c2ccccc2C1=O,1
Brc1ccc(cc1)C(c1ccc(Br)cc1)=C(c1ccc(Br)cc1)c1ccc(Br)cc1,Brc1ccccn1,1
c1cc(ccn1)c1ccncc1,Nc1cccc(c1)C(O)=O,1
CC1=CN=CN1,Oc1cccc2cccnc12,1
CC(=O)NC1=Nc2c(Oc3cc(ncn3)c3ccc(cc3)C(F)(F)F)cccc2S1,OCC(O)=O,1
CC(=O)NC1=Nc2c(Oc3cc(ncn3)c3ccc(cc3)C(F)(F)F)cccc2S1,CC(O)C(O)=O,1
[O-]c1c[nH+]ccc1,OC(=[OH+])c1nccnc1C(=O)[O-],1
N#CCCCCCCCCC#N,NC(N)=O,1
N#CC(C#N)=C(C#N)C#N,N1c2ccccc2Sc2ccccc12,1
N1C=CC(=N1)c1c2ccccc2cc2ccccc12,N1N=CC=C1c1c2ccccc2cc2ccccc12,1
C[N+](C)(C)CC(=O)[O-],CC(=Cc1ccccc1)C=C1SC(=S)N(CC(O)=O)C1=O,1
NC1CCCCC1,OC1(C#C)c2cccc(Cl)c2C(O)(C#C)c2cccc(Cl)c12,1
NC1CCCCC1N,OC1(C#C)c2cccc(Cl)c2C(O)(C#C)c2cccc(Cl)c12,1
NC1CCCC1,OC1(C#C)c2cccc(Cl)c2C(O)(C#C)c2cccc(Cl)c12,1
C1CCC(CC1)NC1CCCCC1,OC1(C#C)c2cccc(Cl)c2C(O)(C#C)c2cccc(Cl)c12,1
CC(C)NC(C)C,OC1(C#C)c2cccc(Cl)c2C(O)(C#C)c2cccc(Cl)c12,1
CCCNCCC,OC1(C#C)c2cccc(Cl)c2C(O)(C#C)c2cccc(Cl)c12,1
CN(C)C1CCCCC1,OC1(C#C)c2cccc(Cl)c2C(O)(C#C)c2cccc(Cl)c12,1
CC(C)(C)CC(C)(C)N,OC1(C#C)c2cccc(Cl)c2C(O)(C#C)c2cccc(Cl)c12,1
CC(=O)Nc1ccc2c(C)cc(nc2n1)C(Br)Br,O=C1CCC(=O)N1,1
N#CC(C#N)=C1C=CC(C=C1)=C(C#N)C#N,Nc1cccc2C(=O)c3ccccc3C(=O)c12,1
c1ccc2nc3ccccc3cc2c1,OC(=O)c1ccc(F)cc1,1
c1cc(ccn1)C=Cc1ccncc1,NC1=NC(=CS1)C1=CSC(=N1)N,1
C(Cc1ccncc1)Cc1ccncc1,NC1=NC(=CS1)C1=CSC(=N1)N,1
Nc1ccc(cc1)C(O)=O,Nc1ncccn1,1
Nc1ncccn1,OC(=O)COc1ccccc1,1
Nc1ncccn1,OC(=O)COc1ccc(Cl)cc1Cl,1
Nc1ncccn1,OC(=O)COc1ccc(Cl)c(Cl)c1,1
COc1cc(C=O)ccc1O,O=C1CN(N=CC2=CC=C(O2)N(=O)=O)C(=O)N1,1
O=C1CN(N=CC2=CC=C(O2)N(=O)=O)C(=O)N1,OC(=O)CC(O)(CC(O)=O)C(O)=O,1
NC(=O)N1c2ccccc2C=Cc2ccccc12,OC(=O)c1c2ccccc2cc2ccccc12,1
NC(=O)N1c2ccccc2C=Cc2ccccc12,OC(=O)c1cccc(O)c1O,1
Cc1ccc2N=C(N)Sc2c1,OC(=O)CCCCC(O)=O,1
Cc1ccc2N=C(N)Sc2c1,OC(=O)CCCCCCCC(O)=O,1
NC1=Nc2ccccc2S1,OC(=O)CCCCCCCC(O)=O,1
COc1ccc2N(C(=C(CC(O)=O)c2c1)C)C(=O)c1ccc(Cl)cc1,NC(=O)N1c2ccccc2C=Cc2ccccc12,1
Cc1cccc(C)n1,Fc1c(F)c(F)c(I)c(F)c1F,1
Cc1cncc(C)c1,Fc1c(F)c(F)c(I)c(F)c1F,1
Cc1ccncc1,Fc1c(F)c(F)c(I)c(F)c1F,1
N1N=Nc2ccccc12,OC(=O)c1ccccc1O,1
C1CCC(CC1)NC1CCCCC1,OC(=O)c1c2ccccc2c(C(O)=O)c2ccccc12,1
CP(=O)(c1ccccc1)c1ccccc1,Fc1c(F)c(Br)c(F)c(F)c1Br,1
CP(=O)(c1ccccc1)c1ccccc1,Fc1c(F)c(I)c(F)c(F)c1I,1
[O-][n+]1ccc(cc1)c1cc[n+]([O-])cc1,OC(=O)c1cc2ccccc2cc1O,1
COc1ccc(cc1)C(N)=O,OC(=O)c1cc(cc(c1)N(=O)=O)N(=O)=O,1
NC(=O)c1ccc(O)cc1,OC(=O)c1cc(cc(c1)N(=O)=O)N(=O)=O,1
Cc1ccc(cc1)C(N)=O,OC(=O)c1cc(cc(c1)N(=O)=O)N(=O)=O,1
COc1ccc(cc1)C(N)=O,OC(=O)c1cccc(c1)N(=O)=O,1
NC(=O)c1ccc(O)cc1,OC(=O)c1cccc(c1)N(=O)=O,1
Cc1ccc(cc1)C(N)=O,OC(=O)c1cccc(c1)N(=O)=O,1
NC(=O)c1ccc(O)cc1,OC(=O)c1cccc(c1)C#N,1
NC(=O)c1ccc(Cl)cc1,OC(=O)c1cccc(c1)C#N,1
COc1ccc(cc1)C(N)=O,OC(=O)c1ccc(O)cc1,1
NC(=O)c1ccc(O)cc1,Nc1ccc(cc1)C(O)=O,1
NC(=O)c1ccc(Cl)cc1,OC(=O)c1cccc(O)c1,1
NC(=O)c1ccc(cc1)N(=O)=O,OC(=O)c1cccc(O)c1,1
NC(=O)c1cc(cc(c1)N(=O)=O)N(=O)=O,OC(=O)c1cccc(O)c1,1
NC(=O)c1ccc(Cl)cc1,OC(=O)c1ccc(O)cc1,1
NC(=O)c1ccc(cc1)N(=O)=O,OC(=O)c1ccc(O)cc1,1
NC(=O)c1cc(cc(c1)N(=O)=O)N(=O)=O,OC(=O)c1ccc(O)cc1,1
c1cc(ccn1)c1ccncc1,Cc1ccc(cc1)S(=O)(=O)NCC(O)=O,1
CCP(=O)(c1ccccc1)c1ccccc1C,OC(C1OC2(CCCCC2)OC1C(O)(c1ccccc1)c1ccccc1)(c1ccccc1)c1ccccc1,1
CCCNP1(=N[P]2(OCCCN2Cc2ccc(F)cc2)N=P(NCCC)(NCCC)N1)NCCC,OC(=O)c1cc(O)ccc1O,1
Cc1ccc(cc1)C(O)=O,NC1=Nc2ccccc2S1,1
NC1=Nc2ccccc2S1,OC(=O)CCCCC(O)=O,1
NC1=Nc2ccccc2S1,OC(=O)c1ccccc1,1
NC1=Nc2ccccc2S1,OC(=O)C=CC(O)=O,1
CC(C)(C)C(O)=O,NC1=Nc2ccccc2S1,1
O=C1CN(N=CC2=CC=C(O2)N(=O)=O)C(=O)N1,OC(=O)c1ccc(O)cc1,1
CN(C)c1ccc(C=CC(O)=O)cc1,OC(=O)c1ccc(cc1)N(=O)=O,1
CC1CC(=O)C(CC2=C1C1C3C(=O)C(=C4CC(=C(C)C)C(=O)CC(C)C34C2(C)C1=O)C)=C(C)C,CC1CC2(O)OOC(C)(C)C2=CC2=C1C1C3C(=O)C(=C4CC(=C(C)C)C(=O)CC(C)C34C2(C)C1=O)C,1
Cc1cc(cc(C)c1Oc1nc(Nc2ccc(cc2)C#N)nc(N)c1Br)C#N,OC(=O)CCCCC(O)=O,1
Cc1c(C)n([O])c(C)c(C)n1[O],Fc1c(F)c(F)c(I)c(I)c1F,1
Cc1c(C)n([O])c(C)c(C)n1[O],Fc1c(I)c(F)c(I)c(F)c1I,1
COc1cc2c(cc1OC)c1cc(OC)c(OC)cc1c1cc(OC)c(OC)cc1c1cc(OC)c(OC)cc21,COc1cc2c(cc1OC)c1cc(OC)c(OC)cc21,1
C=CCN(C(=O)C1=CC=CO1)c1ccccc1,OC(C1OC2(CCCC2)OC1C(O)(c1ccccc1)c1ccccc1)(c1ccccc1)c1ccccc1,1
CN(C)c1ccc(C=CC(O)=O)cc1,OC(=O)C=Cc1c(F)c(F)c(F)c(F)c1F,1
CC(C)(C)N1CN2Cc3cccc(CN4CN(CN(Cc5cccc(CN(C1)C2=O)n5)C4=O)C(C)(C)C)n3,Fc1c(F)c(F)c(I)c(F)c1F,1
CC(C)(C)N1CN2Cc3cccc(CN4CN(CN(Cc5cccc(CN(C1)C2=O)n5)C4=O)C(C)(C)C)n3,FC(F)(I)C(F)(F)I,1
CN(CC(=O)NCC(=O)OCC(c1ccccc1)c1ccccc1)C(=O)C(c1ccccc1)c1ccccc1,O=C1NCc2ccc(CNC(=O)c3cccc(n3)C(=O)NCc3ccc(CNC(=O)c4cccc1n4)cc3)cc2,1
c1cnccn1,Oc1ccc(cc1)S(=O)(=O)c1ccc(O)cc1,1
c1cc(ccn1)c1ccncc1,Oc1ccc(cc1)S(=O)(=O)c1ccc(O)cc1,1
C(Cc1ccncc1)c1ccncc1,Oc1ccc(cc1)S(=O)(=O)c1ccc(O)cc1,1
C(Cc1ccncc1)Cc1ccncc1,Oc1ccc(cc1)S(=O)(=O)c1ccc(O)cc1,1
c1cnc2c(c1)ccc1cccnc21,Oc1ccc(cc1)c1ccc(O)cc1,1
c1cnc2c(c1)ccc1cccnc21,Oc1ccc(Sc2ccc(O)cc2)cc1,1
c1cnc2c(c1)ccc1cccnc21,Oc1ccc(cc1)S(=O)(=O)c1ccc(O)cc1,1
Cc1cc(C)nc(N)n1,CC=CC=CC(O)=O,1
Cc1ccc(cc1)C1=CC(=NN1c1ccc(cc1)S(N)(=O)=O)C(F)(F)F,O=C1CCCN1,1
Cc1ccc(cc1)C1=CC(=NN1c1ccc(cc1)S(N)(=O)=O)C(F)(F)F,O=C1CCCCCCN1,1
Cc1ccc(cc1)C1=CC(=NN1c1ccc(cc1)S(N)(=O)=O)C(F)(F)F,O=C1CCCCCN1,1
Cc1ccc(cc1)C1=CC(=NN1c1ccc(cc1)S(N)(=O)=O)C(F)(F)F,O=C1CCCCN1,1
c1cnccn1,OC(=O)c1cccc(C(O)=O)c1C(O)=O,1
c1cnccn1,OC(=O)c1cc(C(O)=O)c(cc1C(O)=O)C(O)=O,1
c1cc(ccn1)c1ccncc1,Cc1cc(O)cc(O)c1,1
Cc1cc(C)cc(OCC2CNC(=O)O2)c1,NC(=O)c1ccccc1O,1
O=C(Cc1cccc[n+]1[O-])N(c1ccccc1)c1ccccc1,OC(C(=O)N(c1ccccc1)c1ccccc1)c1cccc[n+]1[O-],1
COc1cc(ccc1OCCCN1CCC(CC1)C1=NOc2cc(F)ccc12)C(C)=O,OC(=O)c1cncc(c1)C(O)=O,1
[O]N(N([O])c1ccccc1)c1ccccc1,Cc1cc(C)c(c(C)c1)c1cccc(c1N([O])c1ccccc1)c1c(C)cc(C)cc1C,1
CC1(C)COC(=O)C1O,COc1cc2N3C4C5C(CC3=O)OCC=C3CN6CCC4(C6CC53)c2cc1OC,1
CN(C)c1ccccc1,N#Cc1cc(C#N)c(cc1C#N)C#N,1
CC1=CC(C(=CC1=C(C#N)C#N)C)=C(C#N)C#N,CN1c2ccccc2N(C)c2ccccc12,1
CCOC(=O)C(=O)Nc1cccc(NC(=O)C(=O)OCC)c1,Oc1cccc(O)c1,1
CN1C(=S)c2ccccc2N(C)C(=S)c2ccccc12,Oc1c(F)c(F)c(F)c(F)c1F,1
NNC(=O)c1ccncc1,OC(=O)c1cc(O)c(O)c(O)c1,1
CC(=O)N1N=C(CC1c1c2ccccc2cc2ccccc12)c1ccccc1,CC(C)(c1ccc(O)cc1)c1ccc(O)cc1,1
CC(=O)N1N=C(CC1c1c2ccccc2cc2ccccc12)c1ccccc1,Oc1ccccc1,1
C1CCC2OCCOCCOC3CCCCC3OCCOCCOC2C1,O=C1NC(=S)NC=C1,1
NC1CCCCC1N,OCc1ccc(CO)cc1,1
NC1CCCC(N)C1,OCC1CCC(CO)CC1,1
NC(=O)c1ccncc1,NC(=O)N1c2ccccc2C=Cc2ccccc12,1
Nc1ccc(cc1)C(O)=O,NS(=O)(=O)c1cc(C(O)=O)c(NCC2=CC=CO2)cc1Cl,1
NC(=O)c1ccncc1,NS(=O)(=O)c1cc(C(O)=O)c(NCC2=CC=CO2)cc1Cl,1
NC(=S)N1N=C(CC1c1ccc(Cl)cc1Cl)c1ccccn1,NC(=S)NN=Cc1ccc(Cl)cc1Cl,1
O=C(C=Cc1ccc(cc1)N(=O)=O)[N+]1=NN([O-])c2ccccc12,OC(=O)C(F)(F)F,1
[C],Fc1c(F)c(F)c(F)c(F)c1F,1
C1CNCCN1,Oc1ccc2cc(Br)ccc2c1,1
CN(C)C1CC(C)(C)N([O])C(C)(C)C1,OC1=C(C#N)C(=O)C(=C(Cl)C1=O)Cl,1
COc1cc2N3C4C5C(CC3=O)OCC=C3CN6CCC4(C6CC53)c2cc1OC,OC(=O)C1CCC=CC1,1
C1CN2CCN1CC2,NC(N)=S,1
c1cc(ccn1)c1ccncc1,OC(=O)CNS(=O)(=O)c1ccc(cc1)C(O)=O,1
NC1=Nc2cc(Cl)ccc2O1,OC(=O)C1=Cc2ccccc2N1,1
CN1C=CC=C1C(O)=O,NC1=Nc2cc(Cl)ccc2O1,1
c1cc(ccn1)c1ccncc1,FC(F)(I)C(F)(F)C(F)(F)C(F)(F)C(F)(F)C(F)(F)C(F)(F)C(F)(F)I,1
CC1(C)CC(=O)C(C(=O)C1)=C1C=C(C=Cc2ccc3ccccc3c2)N(CCc2ccccc2)C(=C1)C=Cc1ccc2ccccc2c1,OC(=O)C(F)(F)F,1
CCCOc1ccc(cc1)N=Nc1ccncc1,Oc1cc(O)cc(O)c1,1
CC1=CN(C2CC(O)C(COC(c3ccccc3)(c3ccccc3)c3ccccc3)O2)C(=O)NC1=O,Cc1ccc(C)c(C)c1,1
COc1c(OC)c2cccc3c(OC)c(OC)c4cccc1c4c23,FC1=C(F)C(C(=C(F)C1=C(C#N)C#N)F)=C(C#N)C#N,1
Cc1[n+]([O-])c(C)c(C)[n+]([O-])c1C,FC(F)(I)C(F)(F)I,1
[O-][n+]1ccncc1,FC(F)(I)C(F)(F)C(F)(F)C(F)(F)I,1
Cc1[n+]([O-])c(C)c(C)[n+]([O-])c1C,FC(F)(I)C(F)(F)C(F)(F)C(F)(F)I,1
c1cc(ccn1)c1ccncc1,OC(=O)c1cccc(c1)C(O)=O,1
OCC[N+]([O-])(CCO)CCO,OCCN(CCO)CCO,1
c1ccc2nc3ccccc3nc2c1,OC(=O)c1cc(cc(c1O)N(=O)=O)N(=O)=O,1
COc1cc(OC)nc(N)n1,O=N(=O)c1ccc(cc1)N1CCNCC1,1
FC1=C(F)C(C(=C(F)C1=C(C#N)C#N)F)=C(C#N)C#N,N#CSC1=C(SC#N)SC(S1)=C1SC2=C(OCCO2)S1,1
O=C1C(=O)c2cccnc2c2ncccc12,Oc1cc2Cc3cc(O)c(O)cc3Cc3cc(O)c(O)cc3Cc2cc1O,1
Cc1ccc2ccc3ccc(C)nc3c2n1,Oc1ccc2ccccc2c1c1c(O)ccc2ccccc12,1
Cc1ccnc(c1)c1cc(C)ccn1,Oc1ccc2ccccc2c1c1c(O)ccc2ccccc12,1
O=C1c2cccnc2c2ncccc12,Oc1ccc2ccccc2c1c1c(O)ccc2ccccc12,1
c1ccc2ccccc2c1,CC(=O)Nc1ccc(O)cc1,1
c1ccc2nc3ccccc3nc2c1,CC(=O)Nc1ccc(O)cc1,1
CC(=O)Nc1ccc(O)cc1,OC(=O)C(O)=O,1
c1ccc(nc1)c1cccc(n1)c1ccccn1,Fc1c(F)c(I)c(F)c(F)c1I,1
CN1C(=O)N(C)C2=C(NC=N2)C1=O,OC(=O)c1ccccc1C(O)=O,1
CC1(C)CCCC(C)(C)N1[O],FC(F)(I)C(F)(F)C(F)(F)C(F)(F)I,1
CCC12CCCN3CCC4=C(C13)N(C(=C2)C(=O)OC)c1ccccc41,OC(=O)c1ccc(cc1)C(O)=O,1
CN1c2cc(C)c(C)cc2N=C2C(=O)NC(=O)N=C12,Oc1cc2ccccc2cc1O,1
CC(C)(O)C#Cc1cccc(n1)C#CC(C)(C)O,O=P(c1ccccc1)(c1ccccc1)c1ccccc1,1
CC(C)(O)C#Cc1cccc(Br)n1,O=P(c1ccccc1)(c1ccccc1)c1ccccc1,1
NC(=O)c1ccncc1,OC(=O)C=Cc1ccccc1,1
NC(=O)c1ccncc1,OC(=O)c1cccc(O)c1,1
CN(C)c1cccc(c1)C(O)=O,NC(=O)c1ccncc1,1
NC(=O)c1ccncc1,OC(=O)c1cc(cc(c1)C(F)(F)F)C(F)(F)F,1
NC(=O)c1ccncc1,OC(=O)CCCCCCCCCCCBr,1
NC(=O)c1ccncc1,OC(=O)CCl,1
CCOC(=O)C=CC(O)=O,NC(=O)c1ccncc1,1
NC(=O)c1ccncc1,OC(=O)CCC(=O)CCC(O)=O,1
NC(=O)c1ccncc1,OC(=O)C=CC(O)=O,1
NC(=O)c1ccncc1,OC(C(O)=O)c1ccccc1,1
NC(=O)c1ccncc1,OC(=O)CSCC(O)=O,1
CC(NC(=O)c1ccccc1Br)c1ccccc1,CC(NC(=O)c1ccccc1Cl)c1ccccc1,1
CC(Nc1cc(Cl)c(Cl)cc1Cl)C(O)=O,CC(Oc1cc(Cl)c(Cl)cc1Cl)C(O)=O,1
c1cnccn1,CCCC(O)=O,1
c1cnccn1,CCCCC(O)=O,1
c1cnccn1,CCCCCC(O)=O,1
c1cnccn1,CCCCCCC(O)=O,1
c1cnccn1,CCCCCCCC(O)=O,1
c1cnccn1,CCCCCCCCC(O)=O,1
c1cnccn1,CCCCCCCCCC(O)=O,1
Cc1cccnc1C,OC1(C#Cc2c3ccccc3c(C#CC3(O)c4ccccc4c4ccccc34)c3ccccc23)c2ccccc2c2ccccc12,1
Cc1ccncc1C,OC1(C#Cc2c3ccccc3c(C#CC3(O)c4ccccc4c4ccccc34)c3ccccc23)c2ccccc2c2ccccc12,1
Cc1cccnc1C,OC1(C#Cc2ccc(cc2)C#CC2(O)c3ccccc3c3ccccc23)c2ccccc2c2ccccc12,1
Cc1ccncc1C,OC1(C#Cc2ccc(cc2)C#CC2(O)c3ccccc3c3ccccc23)c2ccccc2c2ccccc12,1
FC(F)(F)c1cccc(c1)N1C(=O)c2ccc3C(=O)N(c4cccc(c4)C(F)(F)F)C(=O)c4ccc(C1=O)c2c34,O=C(Oc1ccc2ccc3cccc4ccc1c2c34)c1ccccc1Nc1ccccc1C(=O)Oc1ccc2ccc3cccc4ccc1c2c34,1
c1cc2cccc3c4cccc5cccc(c(c1)c23)c45,N#CC(C#N)=C1C=CC(C=C1)=C(C#N)C#N,1
c1cc2cncc3ccc4cncc1c4c23,OC(=O)c1ccc(C(O)=O)c(c1)c1cc(ccc1C(O)=O)C(O)=O,1
[NH3+]CC(CC(=O)[O-])c1ccc(Cl)cc1,OC(=O)c1ccccc1,1
[NH3+]CC(CC(=O)[O-])c1ccc(Cl)cc1,Cc1ccc(cc1)C(O)=O,1
Cc1cccc(C)n1,NC(N)=O,1
c1cc2ccc3ccc4ccc5ccc6ccc1c1c2c3c4c5c61,FC1=C(F)C(C(=C(F)C1=C(C#N)C#N)F)=C(C#N)C#N,1
c1cc(ccn1)c1ccncc1,CCCOc1ccc(cc1)C(O)=O,1
c1cc(ccn1)c1ccncc1,CCCCOc1ccc(cc1)C(O)=O,1
Cc1cc(C=O)c([O-])c(C=[NH+]CCN(CC[NH+]=Cc2cc(C)cc(C=O)c2[O-])CC[NH+]=Cc2cc(C)cc(C=O)c2[O-])c1,Cc1cc(C=O)c(O)c(C=NCCN(CCN=Cc2cc(C)cc(C=O)c2O)CCN=Cc2cc(C)cc(C=O)c2O)c1,1
CC(=O)Oc1ccccc1C(=O)NC1=NC=C(S1)N(=O)=O,Nc1ccc(C(O)=O)c(O)c1,1
CC(=O)Oc1ccccc1C(=O)NC1=NC=C(S1)N(=O)=O,Nc1ccc(cc1)C(O)=O,1
O=P(c1ccccc1)(c1ccccc1)c1ccccc1,OC(=O)c1cccc(Cl)c1,1
CC(=O)NC1=NN=C(S1)S(N)(=O)=O,O=C1CCCCN1,1
CC(=O)NC1=NN=C(S1)S(N)(=O)=O,O=C1NC=CC=C1,1
CC(=O)NC1=NN=C(S1)S(N)(=O)=O,CC1=CC=CC(=O)N1,1
CC(=O)NC1=NN=C(S1)S(N)(=O)=O,NC(=O)c1cccnc1,1
c1ccc(nc1)c1ccccn1,Clc1c(Cl)c2c(Cl)c(Cl)c(Cl)c3c(Cl)c(Cl)c(c1Cl)c23,1
c1ccc2nc3ccccc3nc2c1,COc1cc(C=O)ccc1O,1
N#Cc1cccnc1,OC(=O)c1ccc(cc1Cl)N(=O)=O,1
CC(N)c1ccccc1,Cc1ccc(cc1)C(O)(C1OC(C)(C)OC1C(O)(c1ccc(C)cc1)c1ccc(C)cc1)c1ccc(C)cc1,1
Cc1ccc(cc1)C(=O)OC(C(OC(=O)c1ccc(C)cc1)C(O)=O)C(O)=O,CCN(C)C(=O)Oc1cccc(c1)C(C)N(C)C,1
CC(C)(C(O)=O)C(O)=O,O=P(c1ccccc1)(c1ccccc1)c1ccccc1,1
c1ccc2nc3ccccc3nc2c1,OC1=C(Cl)C(=O)C(=C(Cl)C1=O)O,1
CN(C(=O)C(=O)N(C)N(=O)=O)N(=O)=O,O=N(=O)N1C2C3N(C1C1N(C(C(N3N(=O)=O)N1N(=O)=O)N2N(=O)=O)N(=O)=O)N(=O)=O,1
BrC1=CC(=O)c2ccccc2C1=O,Oc1cccc2C(=O)c3cccc(O)c3C(=O)c12,1
c1cc(ccn1)c1ccncc1,Oc1cccc2c3cccc(O)c3c3c(O)cccc3c3cccc(O)c3c12,1
c1ncc(cn1)c1cncnc1,Oc1cccc2c3cccc(O)c3c3c(O)cccc3c3cccc(O)c3c12,1
c1cnccn1,Oc1cccc2c3cccc(O)c3c3c(O)cccc3c3cccc(O)c3c12,1
c1cnccn1,IC#CI,1
C1CN2CCN1CC2,IC#CI,1
Cc1ccc(cc1)C(O)=O,O=N(=O)c1ccc2SC(=Nc3ccncc3)c3cc(ccc3SC(=Nc3ccncc3)c2c1)N(=O)=O,1
N1C=CN=C1C1=NC=CN1,OC(=O)c1ccccc1O,1
[NH3+]C(C(=O)NC(C(=O)[O-])c1ccccc1)c1cccc2ccccc12,COC(=O)C(C)O,1
[NH3+]C(C(=O)NC(C(=O)[O-])c1ccccc1)c1cccc2ccccc12,CCOC(=O)C(C)O,1
[NH3+]C(C(=O)NC(C(=O)[O-])c1ccccc1)c1cccc2ccccc12,COC(=O)C(O)C(C)C,1
Nc1ccc(cc1)c1ccc(cc1)N(=O)=O,O=P(c1ccccc1)(c1ccccc1)c1ccccc1,1
CC(=O)Nc1cccc(NC(=O)C=C)n1,CCN1C=CC(=O)NC1=O,1
OC1=CC(=O)C(C1)Cc1ccc(Br)cc1,OC1=CC(=O)CC1Cc1ccc(Br)cc1,1
O1C(=NN=C1c1ccncc1)c1ccncc1,OC(=O)c1ccc(cc1)c1ccc(cc1)C(O)=O,1
CN1C=C(Br)C(=O)NC1=O,CN1C=Nc2c(N)ncnc12,1
ClC1=C(Cl)C(=O)C(=C(Cl)C1=O)Cl,CN(C)c1ccc(cc1)c1ccc(cc1)N(C)C,1
Cc1c(C)c(C)c(C)c(C)c1C,Fc1c(F)c(F)c(F)c(F)c1F,1
Cc1c(C)c(C)c(C)c(C)c1C,N#CC(C#N)=C(C#N)C#N,1
CC1=C(C)SC(S1)=C1SC(=C(C)S1)C,N#CC(C#N)=C1C=CC(C=C1)=C(C#N)C#N,1
Cl[C](Cl)Cl,COc1cc(C2C(O)N(C)C(=O)C32CCCN3)c(Br)cc1Br,1
NC1=NC(=O)NC=C1F,OCC(F)(F)F,1
O1C(=NN=C1c1ccncc1)c1ccncc1,OC(=O)C1CCC(CC1)C(O)=O,1
O1C(=NN=C1c1ccncc1)c1ccncc1,Oc1ccc(O)cc1,1
O1C(=NN=C1c1ccncc1)c1ccncc1,O=C1CC(=O)NC(=O)N1,1
O1C(=NN=C1c1ccncc1)c1ccncc1,OC(=O)CC(O)(CC(O)=O)C(O)=O,1
NC(=O)c1ccccc1,OC(=O)Cc1ccccc1,1
NC1=NC(=O)NC=C1F,Nc1ncccn1,1
CN1CC(=O)NC1=NC(C)=O,NC1=NC(=O)NC=C1F,1
NC1=CC(=O)NC(=O)N1,NC1=NC(=O)NC=C1F,1
NC1=NC(=O)NC=C1F,NC1=NC2=C(N=CN2COCCO)C(=O)N1,1
CC1=CC(=O)NC(=N1)N,NC1=NC(=O)NC=C1F,1
c1ccc2nc3ccccc3nc2c1,Oc1ccccc1c1ccccc1O,1
c1cnccn1,Oc1ccccc1C(c1cc(O)c(O)c(O)c1)c1ccccc1O,1
[O-][n+]1ccc(cc1)c1cc[n+]([O-])cc1,CCC1(C(=O)NC(=O)NC1=O)c1ccccc1,1
O1C(=NN=C1c1ccncc1)c1ccncc1,OC(=O)c1cccnc1C(O)=O,1
O=C1N(CCCN2C=CN=C2)C(=O)c2ccc3C(=O)N(CCCN4C=CN=C4)C(=O)c4ccc1c2c34,Oc1cccc(O)c1,1
O=C1N(CCCN2C=CN=C2)C(=O)c2ccc3C(=O)N(CCCN4C=CN=C4)C(=O)c4ccc1c2c34,ON=Cc1cccc(O)c1O,1
C(Cc1ccncc1)c1ccncc1,Fc1c(F)c(I)c(F)c(F)c1I,1
C(Cc1ccncc1)c1ccncc1,Oc1ccc(O)cc1,1
c1ccc2nc3ccccc3nc2c1,N1c2ccccc2Nc2ccccc12,1
Cc1cccc2ccccc12,O=C1NC(=O)C2CCCC1C2,1
O=C1NC=CC=C1,Oc1ccc(cc1)C1(CCCCC1)c1ccc(O)cc1,1
CC1=CC(=O)NC=C1,Oc1ccc(cc1)C1(CCCCC1)c1ccc(O)cc1,1
CC(=O)c1ccc2ccccc2c1,O=N(=O)c1cc(cc(c1)N(=O)=O)N(=O)=O,1
Brc1c2ccccc2cc2ccccc12,O=N(=O)c1cc(cc(c1)N(=O)=O)N(=O)=O,1
CN(C)c1ccc(cc1)N=Nc1ccccc1C(O)=O,O=N(=O)c1cc(cc(c1)N(=O)=O)N(=O)=O,1
c1cc(ccn1)C#Cc1ccncc1,Oc1cccc(O)c1,1
O=C1C=Cc2ccccc2C1=CNc1ccccn1,Oc1ccc2ccccc2c1C=Nc1ccccn1,1
c1cc(ccn1)c1ccncc1,COC(=S)Nc1ccccc1,1
c1cc(ccn1)c1ccncc1,CCOC(=S)Nc1ccccc1,1
c1cc(ccn1)c1ccncc1,CC(C)OC(=S)Nc1ccccc1,1
OC(=O)CC(O)=O,OC(CN1C=NC=N1)(CN1C=NC=N1)c1ccc(F)cc1F,1
c1cc(ccn1)C#CC#Cc1ccncc1,FC(F)(I)C(F)(F)C(F)(F)C(F)(F)C(F)(F)C(F)(F)C(F)(F)C(F)(F)I,1
O=N(=O)Nc1ccc(cc1)N(=O)=O,O=S1(=O)CCCC1,1
CC1CCC2C(C)C(=O)NC3OC4(C)CCC1C23OO4,OC(=O)C=Cc1ccccc1,1
CC1CCC2C(C)C(=O)NC3OC4(C)CCC1C23OO4,OC(=O)C=CC(O)=O,1
CCCCCCCCNCC(O)C(O)C(O)C(O)CO,COc1ccc2cc(ccc2c1)C(C)C(O)=O,1
Cc1nc(N)nc(N)n1,COc1cc(cc(OC)c1OC)C(O)=O,1
CN1CCN(CC1)C1=Nc2ccccc2NC2=C1C=C(C)S2,OCC(F)(F)F,1
c1cc2ccc3cccc4ccc(c1)c2c34,FC1=C(F)C(C(=C(F)C1=C(C#N)C#N)F)=C(C#N)C#N,1
O=C1c2cc3OCc4ccc(COc5ccc6c7ccc(OCc8ccc(COc9ccc(c2cc3)c1c9)cc8)cc7C(=O)c6c5)cc4,O=N(=O)c1ccccc1,1
CC12CCC3C(CCc4cc(O)ccc34)C1CCC2(O)C#C,CCCC(C)O,1
O=N(=O)c1cc(cc(c1)N(=O)=O)N(=O)=O,Oc1ccc(cc1)c1cc(cc(c1)c1ccc(O)cc1)c1ccc(O)cc1,1
N1c2ccccc2Sc2ccccc12,Oc1c(cc(cc1N(=O)=O)N(=O)=O)N(=O)=O,1
Clc1ccc2OC(=Nc2c1)N=C1Nc2ccccc2O1,Nc1ccccc1O,1
CC1=CC(=O)CC2CC3CCC12C1OC(C)(C)OC31,CC1CC(=O)C=C2CC3CCC12C1OC(C)(C)OC31,1
CCC(Cc1ccccc1)C(=O)c1ccccc1,OC(C1OC2(CCCCC2)OC1C(O)(c1ccccc1)c1ccccc1)(c1ccccc1)c1ccccc1,1
O=S1(=O)N=C2c3cccnc3c3ncccc3C2=N1,Oc1ccc(O)cc1,1
c1cc(ccn1)N=Cc1ccc(cc1)C=Nc1ccncc1,Nc1ccncc1,1
C1N2CN3CN1CN(C2)C3,OC(=O)c1cccc(c1)C(O)=O,1
CCNCC,OC1(C#C)c2cc(Br)ccc2c2ccc(Br)cc12,1
CC(=C)C(O)=O,OC1(c2ccccc2c2ccccc12)c1ccccc1c1ccccc1C1(O)c2ccccc2c2ccccc12,1
O=C1CCC=C1,OC1(c2ccccc2c2ccccc12)c1ccccc1c1ccccc1C1(O)c2ccccc2c2ccccc12,1
Nc1cccc[n+]1[O-],OC(=O)c1cc(cc(c1)N(=O)=O)N(=O)=O,1
C1CNCCNCCNCCN1,Oc1cccc(O)c1,1
c1cc(ccn1)C1C(C(C1c1ccncc1)c1ccncc1)c1ccncc1,N1c2ccccc2c2ccc3c(Nc4ccccc34)c12,1
c1ccc2ccccc2c1,CC12CCC3C4(C)CCCC(C)(C4CCC3(CC1=O)C2)C(O)=O,1
C1CN2CCN1CC2,OC1(CCCCC1)C#CC#CC1(O)CCCCC1,1
NC1=NC=C(S1)N(=O)=O,Nc1ccc(cc1)C(O)=O,1
CN1C(=O)N(C)C2=C(N(CC3OCCO3)C=N2)C1=O,OC(=O)C(Cl)(Cl)Cl,1
CC(=O)CCCCCCCCCC(C)=O,NC(N)=O,1
CCN1C=Nc2c(N)nc(N)nc12,CN1C=C(I)C(=O)NC1=O,1
c1ccc(cc1)C=CC=Cc1ccccc1,Fc1c(F)c(F)c(F)c(F)c1F,1
c1ccc2c(c1)c1ccccc1c1ccccc21,Fc1c(F)c(F)c(F)c(F)c1F,1
CC(=O)Nc1cc(Cl)ccc1O,OC(=O)c1cc(cc(c1)N(=O)=O)N(=O)=O,1
Brc1cc(Br)c(Br)cc1Br,c1cc(ccn1)C=Cc1ccncc1,1
c1cc(ccn1)c1ccncc1,Fc1c(F)c(F)c(I)c(I)c1F,1
O=C([O-])c1[nH+]cccc1,Oc1ccc(cc1)N(=O)=O,1
N1C=Nc2ccccc12,OC(=O)CC(O)=O,1
O=C1CCCCC1Cc1ccccc1,OC(C1OC2(CCCCC2)OC1C(O)(c1ccccc1)c1ccccc1)(c1ccccc1)c1ccccc1,1
c1ccc2c(c1)nnc1ccccc21,Fc1c(F)c(I)c(F)c(F)c1I,1
Cc1c(C)c(C)c(C)c(C)c1C,Clc1c(Cl)c(Cl)c(C#N)c(C#N)c1Cl,1
c1ccc(cc1)C(=Cc1ccc(cc1)c1ccc(cc1)C=C(c1ccccc1)c1ccccc1)c1ccccc1,Fc1c(F)c(I)c(F)c(F)c1I,1
c1ccc(cc1)C(c1ccccc1)=C1c2ccccc2c2ccccc12,Fc1c(F)c(I)c(F)c(F)c1I,1
Fc1c(F)c(I)c(F)c(F)c1I,Nc1ccc(cc1)C1(c2ccc(N)cc2)c2ccccc2c2ccccc12,1
Cc1ccc2ccccc2c1c1[n+]([O-])ccc2ccccc12,Oc1ccc2ccccc2c1c1c(O)ccc2ccccc12,1
C(CNC1(c2ccccc2)c2ccccc2Sc2ccccc12)NC1(c2ccccc2)c2ccccc2Sc2ccccc12,C1CCNCC1,1
CCC1(CC)C(=O)NC(=O)NC1=O,Nc1nc(N)nc(N)n1,1
NC1=Nc2ccccc2S1,OC(=O)C1C2CCC(O2)C1C(O)=O,1
Cc1cc(C)c(N2[C]N(C=C2)c2c(C)cc(C)cc2C)c(C)c1,N(c1ccccc1)c1ccccc1,1
CN(C)c1ccc(cc1)N(C)C,Fc1c(F)c(I)c(F)c(F)c1I,1
CN(C)c1ccc(Cc2ccc(cc2)N(C)C)cc1,Fc1c(F)c(I)c(F)c(F)c1I,1
O=C1C(=O)c2cccnc2c2ncccc12,Oc1ccc2ccccc2c1c1c(O)ccc2ccccc12,1
c1ccc2nc3ccccc3cc2c1,Oc1ccc2ccccc2c1c1c(O)ccc2ccccc12,1
c1ccc(cc1)c1c2ccccc2c(c2ccccc2)c2ccccc12,Fc1c(F)c(F)c(F)c(F)c1F,1
Cc1ccncc1,OC(=O)C=CC(O)=O,1
Cc1ccncc1,OC(=O)CCCCC(O)=O,1
BrC(Br)(Br)Br,Cc1cc(C)c(C)cc1C,1
c1ccc(C=Cc2ccccn2)nc1,OC(=O)CC(C(O)=O)c1ccccc1,1
c1cc(ccn1)C=Cc1ccncc1,Oc1ccccc1O,1
Clc1ccc(cc1)S(=O)(=O)NS(=O)(=O)c1ccc(Cl)cc1,CN(C)C(=O)N(C)C,1
Brc1ccc(cc1)S(=O)(=O)NS(=O)(=O)c1ccc(Br)cc1,CN(C)C(=O)N(C)C,1
CN(C)C(=O)N(C)C,Ic1ccc(cc1)S(=O)(=O)NS(=O)(=O)c1ccc(I)cc1,1
c1ccc2nc3ccccc3nc2c1,Oc1cc(O)cc(O)c1,1
c1ccc2nc3ccccc3cc2c1,Oc1cc(O)cc(O)c1,1
O=C(CCC(=O)N(Cc1ccccc1)Cc1ccccc1)N(Cc1ccccc1)Cc1ccccc1,O=C1NCc2ccc(CNC(=O)c3cccc(c3)C(=O)NCc3ccc(CNC(=O)c4cccc1c4)cc3)cc2,1
c1ccc2c(c1)c1ccccc1c1ccccc21,FC1=C(F)C(=O)C(=C(F)C1=O)F,1
O=C(NCc1ccccc1)c1cc(cc(c1)C(=O)NCc1ccccc1)C(=O)NCc1ccccc1,OC(=O)c1cc(cc(c1)C(O)=O)C(O)=O,1
Cc1cccc(O)c1,Oc1ccc(cc1)C1(CCC(CC1)(c1ccc(O)cc1)c1ccc(O)cc1)c1ccc(O)cc1,1
Cc1ccccc1O,Oc1ccc(cc1)C1(CCC(CC1)(c1ccc(O)cc1)c1ccc(O)cc1)c1ccc(O)cc1,1
Oc1ccc(cc1)C1(CCC(CC1)(c1ccc(O)cc1)c1ccc(O)cc1)c1ccc(O)cc1,Oc1ccccc1,1
Cc1ccc(O)cc1,Oc1ccc(cc1)C1(CCC(CC1)(c1ccc(O)cc1)c1ccc(O)cc1)c1ccc(O)cc1,1
c1cc(ccn1)c1ccncc1,OC(=O)c1cc2ccccc2c(Cc2c(O)c(cc3ccccc23)C(O)=O)c1O,1
CC(=O)NC1=Nc2c(Oc3cc(ncn3)c3ccc(cc3)C(F)(F)F)cccc2S1,OC(=O)CCCCC(O)=O,1
CC(=O)NC1=Nc2c(Oc3cc(ncn3)c3ccc(cc3)C(F)(F)F)cccc2S1,CCCCCC(N)=O,1
CC(=O)NC1=Nc2c(Oc3cc(ncn3)c3ccc(cc3)C(F)(F)F)cccc2S1,CCC(N)=O,1
CC=CC=CC(O)=O,CCC(=O)NC1=Nc2c(Oc3cc(ncn3)c3ccc(cc3)C(F)(F)F)cccc2S1,1
CC(=O)NC1=Nc2c(Oc3cc(ncn3)c3ccc(cc3)C(F)(F)F)cccc2S1,OC(=O)CC(O)=O,1
CC=CC=CC(O)=O,NC1=Nc2c(Oc3cc(ncn3)c3ccc(cc3)C(F)(F)F)cccc2S1,1
NC(=O)N1c2ccccc2C=Cc2ccccc12,OC(=O)c1ccccc1,1
NC(=O)N1c2ccccc2C=Cc2ccccc12,OC(=O)CCCCC(O)=O,1
NC(=O)N1c2ccccc2C=Cc2ccccc12,OC(=O)c1ccc(O)cc1,1
NC(=O)N1c2ccccc2C=Cc2ccccc12,OC(=O)CCCC(O)=O,1
NC(=O)N1c2ccccc2C=Cc2ccccc12,OC(=O)c1ccccc1O,1
NC(=O)N1c2ccccc2C=Cc2ccccc12,OC(=O)c1ccc2ccccc2c1O,1
CC1(C)C(CCC1(C)C(O)=O)C(O)=O,NC(=O)N1c2ccccc2C=Cc2ccccc12,1
Nc1ncccn1,OC(=O)c1ccccc1F,1
Nc1ccc(C(O)=O)c(O)c1,Nc1ncccn1,1
Nc1ncccn1,OC(=O)c1ccc(Cl)cc1,1
Nc1ncccn1,OC(=O)c1ccccc1Br,1
Nc1ncccn1,OC(=O)c1cccc(Br)c1,1
CN1C=NC2=C1C(=O)N(C)C(=O)N2C,OC(=O)c1cccc(O)c1,1
CN1C=NC2=C1C(=O)N(C)C(=O)N2C,OC(=O)c1ccc(O)cc1,1
CN1C=NC2=C1C(=O)N(C)C(=O)N2C,OC(=O)c1cc(O)ccc1O,1
CN(C)c1ccc(cc1)N(C)C,Fc1c(F)c(F)c(F)c(F)c1F,1
CC(Oc1cccc(Br)c1)C(O)=O,COc1cccc(OC(C)C(O)=O)c1,1
CN(C)C(=S)N=C1Nc2ccccc2S1,CN(C)C1=NC(SS1)=Nc1ccccc1,1
CN1c2ccccc2P(=O)(c2ccccc2)c2ccccc12,Oc1ccccc1,1
CSc1nc(NC(=O)c2ccccc2)c2NC=Nc2n1,Oc1ccc(cc1)N(=O)=O,1
CN1C=C(C)C(=O)NC1=O,CN1C=Nc2c(N)ncnc12,1
CN(C)N=NC1=C(N=CN1)C(N)=O,CN(C)N=NC1=C(NC=N1)C(N)=O,1
Nc1ncnc2NC=Nc12,OC(=O)c1ccccc1O,1
c1ccc2nc3ccccc3cc2c1,CCC1(CC)C(=O)NC(=O)NC1=O,1
c1cnc2c(c1)ccc1cccnc21,CCC1(CC)C(=O)NC(=O)NC1=O,1
C1N2CN3CN1CN(C2)C3,CCC1(CC)C(=O)NC(=O)NC1=O,1
NC(=O)c1cnccn1,OC(=O)c1ccc(cc1)N(=O)=O,1
c1cc(ccn1)c1ccncc1,OC(=O)c1ccccc1SSc1ccccc1C(O)=O,1
O=C1N(SSN2C(=O)c3ccccc3C2=O)C(=O)c2ccccc12,O=N(=O)c1ccccc1,1
C1COCCOCCOCCOCCOCCO1,NNC(=O)C1=C(N)N(Cc2ccccc2)N=N1,1
OC1(CCN(CCCC(=O)c2ccc(F)cc2)CC1)c1ccc(Cl)cc1,OC1=C(Cl)C(=O)C(=C(Cl)C1=O)O,1
CN1CCN(CC1)C1=Nc2cc(Cl)ccc2Nc2ccccc12,OC1=C(Cl)C(=O)C(=C(Cl)C1=O)O,1
CC(C)C1NC(=O)C(Cc2ccc(CC3NC(=O)C(NC3=O)C(C)C)cc2)NC1=O,OC(C(F)(F)F)C(F)(F)F,1
CC(C)C1NC(=O)C(Cc2ccc(CC3NC(=O)C(NC3=O)C(C)C)cc2)NC1=O,OC(=O)C(F)(F)F,1
Cc1cccnc1N,N#Cc1ccccc1C#N,1
CCN1c2ccccc2c2ccccc12,Fc1c(F)c(I)c(F)c(F)c1I,1
CC(=O)Nc1ccc(O)cc1,CN1CCN(C)CC1,1
C1CNCCN1,CC(=O)Nc1ccc(O)cc1,1
c1cc(ccn1)c1ccncc1,CC(=O)Nc1ccc(O)cc1,1
CC1=C(C)SC(S1)=C1SC=CS1,N#Cc1cc(C#N)c(cc1C#N)C#N,1
CNC(N)=O,OC(=O)C(O)=O,1
c1cc2ccc3cccc4ccc(c1)c2c34,CN1C(=O)N(C)C2=C(N(C)C(=O)N2C)C1=O,1
O1C(=NN=C1c1ccncc1)c1ccncc1,OC(=O)Cc1cccc(CC(O)=O)c1,1
O=C1NS(=O)c2ccccc12,O=C1NSc2ccccc12,1
c1cc(ccn1)c1ccncc1,Fc1cc(F)c(F)c(c1F)c1c(F)c(F)cc(F)c1F,1
c1cc(ccn1)C#Cc1ccncc1,Fc1cc(F)c(F)c(c1F)c1c(F)c(F)cc(F)c1F,1
c1cc(ccn1)C=Cc1ccncc1,Fc1cc(F)c(F)c(c1F)c1c(F)c(F)cc(F)c1F,1
ON=C1C(=O)NC(=O)NC1=O,ON=Cc1cccnc1,1
[NH3+]C(CC1=CNc2ccc(O)cc12)C(=O)[O-],O=C1CC(=O)NC(=O)N1,1
c1cc(ccn1)C=Cc1ccncc1,Oc1cc(O)c(Br)cc1Br,1
c1cc(ccn1)C=Cc1ccncc1,Oc1cc(O)c(I)cc1I,1
COc1cc2Sc3cc(OC)c(OC)cc3Sc2cc1OC,N#CC(C#N)=C1C=CC(C=C1)=C(C#N)C#N,1
C1CC2=C(C1)SC(S2)=C1SC=CS1,N#CC(C#N)=C1C=CC(C=C1)=C(C#N)C#N,1
CC(=NO)C(C)=NO,OC(=O)c1ccccc1,1
CC(=NO)C(C)=NO,OC(=O)C=Cc1ccccc1,1
C1CN2CCN1CC2,NC1=C(SC(=CC(=O)c2ccc(F)cc2)N1c1ccccc1)C#N,1
NC(=O)c1cccnc1,Oc1cc(O)c2C(=O)C(=C(Oc2c1)c1ccc(O)c(O)c1)O,1
OC(=O)c1ccccn1,Oc1cc(O)c2C(=O)C(=C(Oc2c1)c1ccc(O)c(O)c1)O,1
CC(C)C(C)C=CC(C)C1CCC2C(CCCC12C)=CC=C1CC(O)CCC1=C,CC(C)CCCC(C)C1CCC2C(CCCC12C)=CC=C1CC(O)CCC1=C,1
c1cc(ccn1)c1ccncc1,Ic1c(c(I)c(c(I)c1N(=O)=O)N(=O)=O)N(=O)=O,1
CN(C)c1ccncc1,Ic1c(c(I)c(c(I)c1N(=O)=O)N(=O)=O)N(=O)=O,1
Cc1cc[n+]([O-])cc1,Ic1c(c(I)c(c(I)c1N(=O)=O)N(=O)=O)N(=O)=O,1
[O-][n+]1ccccc1,Ic1c(c(I)c(c(I)c1N(=O)=O)N(=O)=O)N(=O)=O,1
Ic1c(c(I)c(c(I)c1N(=O)=O)N(=O)=O)N(=O)=O,NC(N)=S,1
C1CSCCS1,Ic1c(c(I)c(c(I)c1N(=O)=O)N(=O)=O)N(=O)=O,1
CC(C)(C)P1(=O)Cc2ccccc2C1C1c2ccccc2CP1(=O)C(C)(C)C,OC(=O)C(OC(=O)c1ccccc1)C(OC(=O)c1ccccc1)C(O)=O,1
CC(NC1CCCCC1NC(C)=C1C(=O)c2ccccc2C1=O)=C1C(=O)c2ccccc2C1=O,O=C1c2cc(ccc2c2c1cc(cc2N(=O)=O)N(=O)=O)N(=O)=O,1
CCc1cc(ccn1)C(N)=S,OC(=O)CCCCC(O)=O,1
CCc1cc(ccn1)C(N)=S,OC(=O)C=CC(O)=O,1
CCc1cc(ccn1)C(N)=S,OC(=O)CCCCCCC(O)=O,1
BrC1=CC(C(=CC1=C(C#N)C#N)Br)=C(C#N)C#N,S1c2ccccc2SC2=C1c1cccc3cccc2c13,1
CC(C)=NNC(=O)c1ccncc1,OC(=O)c1cc(O)ccc1O,1
CC(C)=NNC(=O)c1ccncc1,Nc1cccc(c1)C(O)=O,1
CCCC[N+](CCCC)=C1C=CC2=C(c3ccccc3C(=O)[O-])c3cc(Nc4ccccc4)c(C)cc3OC2=C1,Oc1ccc(cc1CC=C)S(=O)(=O)c1ccc(O)c(CC=C)c1,1
CC(C)C1=C(O)C(=O)C(=CNc2ccccc2)c2c(O)c(c(C)cc12)c1c(C)cc2C(=C(O)C(=O)C(=CNc3ccccc3)c2c1O)C(C)C,CCCCOC(C)=O,1
Nc1ccc(cc1)N(=O)=O,OC1=C(Cl)C(=O)C(=C(Cl)C1=O)O,1
C[NH+](C)c1cccc2cccc(C(=O)[O-])c12,CN(C)c1cccc2cccc(C(O)=O)c12,1
O1C(=NN=C1c1ccncc1)c1ccncc1,OC(=O)c1ccccc1C(O)=O,1
O1C(=NN=C1c1cccnc1)c1cccnc1,OC(=O)c1cccc(c1)C(O)=O,1
O1C(=NN=C1c1ccncc1)c1ccncc1,OC(=O)c1cccc(c1)C(O)=O,1
O1C(=NN=C1c1cccnc1)c1cccnc1,OC(=O)c1ccc(cc1)C(O)=O,1
c1ccc2cc(ccc2c1)c1ccc2C#Cc3cc(ccc3C#Cc3cc(ccc3C#Cc2c1)c1ccc2ccccc2c1)c1ccc2ccccc2c1,Clc1cccc2cc3c(Cl)cccc3cc12,1
ClC1=CNC(=O)C=C1,Oc1ccc(cc1)C1(CCCCC1)c1ccc(O)cc1,1
ClC1=CNC(=O)C=C1,OC(C#CC#CC(O)(c1ccccc1)c1ccccc1)(c1ccccc1)c1ccccc1,1
O=C1NC=C(C=C1)N(=O)=O,OC(C#CC#CC(O)(c1ccccc1)c1ccccc1)(c1ccccc1)c1ccccc1,1
c1ccc2ccccc2c1,N#Cc1cc(C#N)c(cc1C#N)C#N,1
O=C1NC=C(C=C1)N(=O)=O,Oc1ccc(cc1)C1(c2ccc(O)cc2)c2ccccc2c2ccccc12,1
O=C1NC=C(C=C1)N(=O)=O,OC(=O)c1cc(C(O)=O)c(cc1C(O)=O)C(O)=O,1
O=C1NC=C(C=C1)N(=O)=O,Oc1cccc(O)c1,1
c1ccc2ccccc2c1,O=C1OC(=O)c2cc3C(=O)OC(=O)c3cc12,1
NC1=Nc2ccc(OC(F)(F)F)cc2S1,OC(=O)CCCC(O)=O,1
NC1=Nc2ccc(OC(F)(F)F)cc2S1,OC(=O)CCCCC(O)=O,1
NC1=Nc2ccc(OC(F)(F)F)cc2S1,OC(=O)CCCCCCC(O)=O,1
NC1=Nc2ccc(OC(F)(F)F)cc2S1,OC(=O)CCCCCCCCC(O)=O,1
NC1=Nc2ccc(OC(F)(F)F)cc2S1,OC(=O)CCCCCCCC(O)=O,1
NC1=Nc2ccc(OC(F)(F)F)cc2S1,O=C([O-])c1c[nH+]ccc1,1
CN(C)c1ccncc1,NC1=Nc2ccc(OC(F)(F)F)cc2S1,1
CC1(C)C2=C(Cl)C=CC3=CC=CC3=C12,O=N(=O)c1cc(cc(c1)N(=O)=O)N(=O)=O,1
O=C1c2cc(ccc2c2c1cc(cc2N(=O)=O)N(=O)=O)N(=O)=O,S1C=CSC1=C1SC=CS1,1
NS(=O)(=O)c1cnccc1N1C=CC=CC1=O,O=C1NC=CC=C1,1
CCCC1Cc2c3OC4=CC(=O)c5c(O)c6C(=O)OC(CCC)Cc6c6OC7=CC(=O)c(c(O)c2C(=O)O1)c3C7=C4c56,Oc1ccccc1,1
Cc1cccc(c1)C(OC(=O)c1ccc(cc1)C(F)(F)F)C1COC(=O)N1,CCNCC,1
Brc1cc(Br)c(Br)cc1Br,c1cc(ccn1)N=Nc1ccncc1,1
Ic1ccc(I)cc1,O=N(=O)c1ccc(cc1)C(c1ccc(cc1)N(=O)=O)(c1ccc(cc1)N(=O)=O)c1ccc(cc1)N(=O)=O,1
CC1=NON=C1NC(=O)NC1=NON=C1C,O=C(NCc1ccccc1)NCc1ccccc1,1
C1CN2CCN1CC2,IC#CC(c1ccccc1)(c1ccccc1)c1ccccc1,1
O=C(NCc1ccncc1)C(=O)NCc1ccncc1,OC(=O)Cc1ccc(cc1)N(=O)=O,1
BrC#CC(c1ccccc1)(c1ccccc1)c1ccccc1,C1CN2CCN1CC2,1
OC(=O)Cc1ccc(cc1)N(=O)=O,S=C(NCc1ccncc1)C(=S)NCc1ccncc1,1
Nc1ncccn1,OC(=O)C1CCC(CC1)C(O)=O,1
c1ccc2ccccc2c1,OC(=O)c1cc(Cl)c(C#N)c(Cl)c1,1
BrC1=C(c2ccccc2)C2(c3ccccc3)c3ccccc3C(=C2C1=O)c1ccccc1,ClC=CCl,1
COc1ccc2cc(OC)ccc2c1,O=C1NC(=O)c2cc3C(=O)NC(=O)c3cc12,1
O=C1NC(=O)c2cc3C(=O)NC(=O)c3cc12,OCCOCCOc1cccc2c(OCCOCCO)cccc12,1
CCc1ccc(Cc2cccc(c2)C2OC(CO)C(O)C(O)C2O)cc1,O=C([O-])C1[NH2+]CCC1,1
CCOC(=O)CC(N1C=Nc2ccccc12)C(=O)OCC,Oc1c(cc(cc1N(=O)=O)N(=O)=O)N(=O)=O,1
COc1cc(OC)nc(N)n1,OC(=O)c1ccccc1Cl,1
Cc1cc(C)nc(N)n1,OC(=O)CCCC(O)=O,1
Cc1cc(C)nc(N)n1,OC(=O)CCCCC(O)=O,1
Cc1cccc(c1)C(O)=O,COc1cc(OC)nc(N)n1,1
COc1cc(OC)nc(N)n1,OC(=O)C=Cc1ccccc1,1
COc1cc(OC)nc(N)n1,OC(=O)c1ccc(cc1)N(=O)=O,1
COc1cc(OC)nc(N)n1,COc1ccc(cc1)C(O)=O,1
COc1cc(OC)nc(N)n1,OC(=O)c1cccc(c1)C(O)=O,1
COc1cc(OC)nc(N)n1,OC(=O)CCl,1
CC(=O)c1ccc2ccccc2c1,CC(CCC(O)=O)C1CCC2C3C(O)CC4CC(O)CCC4(C)C3CCC12C,1
NC(=O)c1cnccn1,OC(=O)c1ccc(O)cc1O,1
NC(=O)c1cccnc1,OC(=O)c1cccc(O)c1O,1
NC(=O)c1cnccn1,OC(=O)c1c(O)cccc1O,1
NC(=O)c1cnccn1,OC(=O)c1cccc(O)c1O,1
Clc1ncnc2N(C=Nc12)C1C(COC(=O)c2ccccc2)CC1=O,OC1(O)CC(COC(=O)c2ccccc2)C1N1C=Nc2c(Cl)ncnc12,1
c1ccc2c(c1)c1cccc3cccc2c13,Fc1c(F)c(F)c(I)c(I)c1F,1
c1ccc2c(c1)c1cccc3cccc2c13,Fc1c(F)c(F)c(Br)c(Br)c1F,1
c1ccc2c(c1)c1cccc3cccc2c13,Fc1c(F)c(I)c(F)c(F)c1I,1
c1ccc2c(c1)c1cccc3cccc2c13,Fc1c(F)c(F)c(I)c(F)c1F,1
c1ccc2c(c1)c1cccc3cccc2c13,Fc1c(F)c(Br)c(F)c(Br)c1F,1
c1ccc2c(c1)c1cccc3cccc2c13,Fc1c(F)c(F)c(Br)c(F)c1F,1
c1ccc2c(c1)c1cccc3cccc2c13,Fc1c(F)c(F)c(Cl)c(F)c1F,1
c1ccc2c(c1)c1cccc3cccc2c13,Fc1c(F)c(Br)c(F)c(F)c1Br,1
CN1C(=O)N(C)C2=C(NC=N2)C1=O,CN1C=NC2=C1C(=O)N(C)C(=O)N2C,1
c1cc(ccn1)C(c1ccncc1)=C1C(=C(c2ccncc2)c2ccncc2)C1=C(c1ccncc1)c1ccncc1,Oc1cccc(O)c1,1
NC(N)=O,OC(C(O)C(O)=O)C(O)=O,1
Fc1c(F)c(I)c(F)c(F)c1I,O=C(NCCCCNC(=O)Nc1cccnc1)Nc1cccnc1,1
Fc1c(F)c(F)c(C(=O)OCC#CC#CCOC(=O)c2c(F)c(F)c(F)c(F)c2F)c(F)c1F,O=C(OCC#CC#CCOC(=O)c1ccccc1)c1ccccc1,1
CN(C)c1ccc(cc1)N=[NH+]c1ccccc1C(=O)[O-],OC(=O)c1cc(O)ccc1O,1
CN(C)c1ccc(cc1)N=Nc1ccccc1C(O)=O,OC(=O)c1ccccc1C(O)=O,1
CCOP(=O)(CC(N1C(=N)Sc2ccccc12)=C(C)C)OCC,NC1=Nc2ccccc2S1,1
COc1cc[n+]([O-])cc1,Oc1ccc(cc1N(=O)=O)N(=O)=O,1
CC(O)c1ccccc1,CC1(C)OC(C(O1)C(O)(c1ccccc1)c1ccccc1)C(O)(c1ccccc1)c1ccccc1,1
c1ccc(cc1)N=S=Nc1ccccc1,Fc1c(F)c(F)c2c3N=S=Nc3c(F)c(F)c2c1F,1
Cc1cccc(C)c1N=S=Nc1c(F)c(F)c2c(F)c(F)c(F)c(F)c2c1F,Fc1c(F)c(F)c2c(F)c(F)c(F)c(F)c2c1F,1
NC(=O)Nc1ccccc1,OC(=O)c1cc(cc(c1)N(=O)=O)N(=O)=O,1
NC(=O)Nc1ccccc1,OC(=O)c1cc(ccc1O)N(=O)=O,1
NC(=O)Nc1ccccc1,OC(=O)c1ccccc1N(=O)=O,1
NC(=O)Nc1ccccc1,OC(=O)c1c(cc(cc1N(=O)=O)N(=O)=O)N(=O)=O,1
CCN=C(C)N,CCNC(C)=N,1
N1N=NN=C1Nc1nnc(NC2=NN=NN2)nn1,O=C1NC=CC=C1,1
c1cnccn1,N1N=NN=C1Nc1nnc(NC2=NN=NN2)nn1,1
CC(=O)C=C(C)Nc1c(Cl)cccc1Cl,Nc1c(Cl)cccc1Cl,1
[NH3+]CC(=O)[O-],OC(=O)c1ccccc1C(O)=O,1
CN1N(C(=O)C=C1C)c1ccccc1,CN1N(c2ccccc2)C(=O)C(=C1C)C(C)(C)C1=C(C)N(C)N(c2ccccc2)C1=O,1
CC(=O)NC1=NC=CS1,OC(=O)c1cccc(O)c1,1
CC(=O)NC1=NC=C(C)S1,OC(=O)c1ccc(O)cc1,1
CCC(=O)NC1=NC=C(C)S1,OC(=O)c1cccc(c1)N(=O)=O,1
CC1=CN=C(NC(=O)c2ccccc2)S1,OC(=O)CCCCCCC(O)=O,1
CC1=CN=C(NC(=O)c2ccccc2)S1,OC(=O)CCCCCCCCC(O)=O,1
CC1=CN=C(NC(=O)c2ccccc2)S1,OC(=O)CCCCCCCC(O)=O,1
N1C=NC=N1,Oc1ccc2ccc(O)cc2c1,1
Cc1ccncc1,O=C1CN(N=CC2=CC=C(O2)N(=O)=O)C(=O)N1,1
CC1=CNC(=S)NC1=O,Nc1ccnc(N)n1,1
Cc1ccc(cc1)S(N)(=O)=O,COC(=O)[C-](C[P+](C(C)C)(C(C)C)C(C)C)C#N,1
Nc1ccccc1N(=O)=O,Oc1c(cc(cc1N(=O)=O)N(=O)=O)N(=O)=O,1
Clc1ccc(OC2=NC3=C(SC(=S)N3c3ccccc3)C(=O)N2c2ccccc2)cc1,Oc1ccc(Cl)cc1,1
C1COCCOCCOCCOCCOCCO1,NC(=S)c1cccnc1,1
C1COCCOCCOc2ccccc2OCCOCCO1,NC(=S)c1cccnc1,1
CC(=O)Nc1cccnc1,OC(=O)C=CC(O)=O,1
CC(=O)NCc1ccncc1,OC(=O)C=CC(O)=O,1
CC(=O)Nc1ccncc1,OC(=O)CCCCCCCCC(O)=O,1
Nc1ncccn1,OC(=O)C1=Cc2ccccc2N1,1
c1ccc(C=Cc2ccc(cc2)c2ccncc2)nc1,Oc1cc(O)c(Cl)cc1Cl,1
Oc1ccc(cc1)C1(CCCCC1)c1ccc(O)cc1,Oc1ccccc1O,1
Cc1ccc(O)cc1,COC(=O)C=C(N=P(Oc1ccc(C)cc1)(N(C(C)C)C(C)C)N(C(C)C)C(C)C)C(=O)OC,1
c1cc(ccn1)c1ccncc1,OC(=O)c1ccc(cc1)N=Cc1ccccc1O,1
O=N(=O)N1CN(CN(C1)N(=O)=O)N(=O)=O,O=S1(=O)CCCC1,1
C1CCCCc2ccc(COCC3=CN(N=N3)c3cccc(OCc4ccc(CCCC1)cc4)c3)cc2,C1CCCOc2ccc(CCCc3cccc(n3)c3cccc(n3)c3ccc(OCCC1)cc3)cc2,1
C1CCCCc2ccc(CN3C=C(N=N3)c3cccc(n3)C3=CN(Cc4ccc(CCCC1)cc4)N=N3)cc2,C1CCOc2ccc(COCc3cccc(n3)c3cccc(COCc4ccc(OC1)cc4)n3)cc2,1
C1CCOc2ccc(COCc3cccc(n3)c3cccc(COCc4ccc(OC1)cc4)n3)cc2,C1COc2cccc(c2)N2C=C(CCCOc3cccc(c3)N3C=C(CCCOc4cccc(c4)N4C=C(C1)N=N4)N=N3)N=N2,1
c1ccc(cc1)c1ccccc1,Fc1c(F)c(I)c(F)c(F)c1I,1
c1ccc2ccccc2c1,Fc1c(F)c(I)c(F)c(F)c1I,1
Cc1cc(C)nc(N)n1,OC(=O)c1ccccc1C(O)=O,1
CN1C(=C([O-])c2ccccc2S1(=O)=O)C(=O)Nc1[nH+]cccc1,OC(=O)c1ccc(O)cc1,1
[N]1Sc2cc3ccccc3cc2S1,S1N(Sc2cc3ccccc3cc12)N1Sc2cc3ccccc3cc2S1,1
Cc1nc(C)nc(N)n1,NC(N)=N,1
COC(=O)COc1ccc2C(=C(Cl)C(=O)Oc2c1)C,Nc1ccccc1C1=Nc2ccccc2S1,1
CC(C)COc1ccncc1NC(=O)c1cc(C(=O)Nc2cnccc2OCC(C)C)c(OCC(C)C)cc1OCC(C)C,FC(F)(I)C(F)(F)I,1
CC(N)c1ccccc1,CC12C3CC4CC(C3)C(C1C4)C2(O)c1ccc(cc1)C(O)=O,1
CC(C)(C)OC(=O)C12CCCCC1(O)Oc1cc(Cl)c(O)c(Cl)c21,ClC1=CC(=O)C=C(Cl)C1=O,1
CC[N-]C(=O)N(CCC[NH+](C)C)C(=O)C1CC2C(CC3=CNc4cccc2c34)N(CC=C)C1,COC(C)(C)C,1
Cc1ccc(C)c(C)c1,CCNC(=O)N(CCCN(C)C)C(=O)C1CC2C(CC3=CNc4cccc2c34)N(CC=C)C1,1
Nc1nc(N)nc(n1)c1ccccc1,OC(=O)C(O)=O,1
Nc1nc(N)nc(n1)c1ccccc1,OC(=O)C=CC(O)=O,1
Nc1nc(N)nc(n1)c1ccccc1,OC(=O)CCCCC(O)=O,1
N#CC(=Cc1c2ccccc2cc2ccccc12)c1ccccc1,N#Cc1cc(C#N)c(cc1C#N)C#N,1
Cc1ccc(cc1)C(=Cc1ccc2ccccc2c1)C#N,N#Cc1cc(C#N)c(cc1C#N)C#N,1
COc1ccc(cc1)C(=Cc1ccc2ccc3cccc4ccc1c2c34)C#N,N#Cc1cc(C#N)c(cc1C#N)C#N,1
c1cc(ccn1)c1ccncc1,Fc1c(F)c(F)c(I)c(F)c1F,1
c1cc(ccn1)c1ccncc1,Oc1ccc(cc1)C1=C(O)C(=O)c2c(O)cc(O)cc2O1,1
[O-][n+]1ccccc1,Oc1ccc(cc1)N(=O)=O,1
C1CN(CCN1c1ccncc1)c1ccncc1,CCCCCCCCOc1ccc(cc1)C(O)=O,1
COc1cccc(C=Nc2cccnc2)c1O,FC(F)(I)C(F)(F)C(F)(F)C(F)(F)I,1
COc1cccc(C=Nc2cccnc2)c1O,Fc1c(F)c(F)c(I)c(I)c1F,1
COc1cccc(C=Nc2cccnc2)c1O,Fc1c(I)c(F)c(I)c(F)c1I,1
COc1cccc(C=Nc2cccnc2)c1O,Fc1c(F)c(I)c(F)c(I)c1F,1
COc1cccc(C=Nc2ccncc2)c1O,Fc1c(I)c(F)c(I)c(F)c1I,1
COc1cccc(C=Nc2ccncc2)c1O,Fc1c(F)c(I)c(F)c(F)c1I,1
COc1cccc(C=Nc2ccncc2)c1O,Fc1c(F)c(F)c(I)c(I)c1F,1
O=S1CCCC1,OC1C(O)C(C(O)C(O)C1N(=O)=O)N(=O)=O,1
CN1C=NC2=C1C(=O)N(C)C(=O)N2C,OC(=O)c1cc(C(O)=O)c(cc1C(O)=O)C(O)=O,1
c1cc(ccn1)c1ccncc1,Nc1ccccc1C(O)=O,1
N#Cc1cc(C#N)c(cc1C#N)C#N,N#Cc1ccc(C=Cc2ccc(cc2)C=Cc2ccc(cc2)C#N)cc1,1
O=C(Nc1ccccc1)C(=O)Nc1ccccc1,Oc1c(F)c(F)c(F)c(F)c1F,1
Cc1cc(C)c(NC(=O)C(=O)Nc2c(C)cc(C)cc2C)c(C)c1,Oc1c(F)c(F)c(F)c(F)c1F,1
Cc1cccc(C)c1NC(=O)C(=O)Nc1c(C)cccc1C,Oc1c(F)c(F)c(F)c(F)c1F,1
Cc1cc(C)cc(NC(=O)C(=O)Nc2cc(C)cc(C)c2)c1,Oc1c(F)c(F)c(F)c(F)c1F,1
Cc1cc(C)cc(NC(=O)C(=O)Nc2cc(C)cc(C)c2)c1,OC(=O)c1c(F)c(F)c(F)c(F)c1F,1
CC(=O)N1N=C(CC1c1ccc2ccc3cccc4ccc1c2c34)c1ccccc1,ClC1=C(Cl)C(=O)C(=C(Cl)C1=O)Cl,1
ClC1=C(Cl)C(=O)C(=C(Cl)C1=O)Cl,COc1ccc(cc1)C1=NN(C(C1)c1c2ccccc2cc2ccccc12)C(C)=O,1
ClC1=C(Cl)C(=O)C(=C(Cl)C1=O)Cl,O=C(C=Cc1ccccc1)c1ccc2ccc3cccc4ccc1c2c34,1
Cc1cc(C)nc(N)n1,OC(=O)c1ccc(cc1)C(O)=O,1
CC(C)C(NC(=O)OCc1ccccc1)C(=O)NC(C)(C)C(=O)NC(C)(C)C(=O)NC(CCC(N)=O)C(=O)OC(C)(C)C,CC(O)CC(C)(C)O,1
C1CN2CCN1CC2,Oc1ccc(cc1)c1ccc(O)cc1,1
O=C([O-])C1[NH2+]CCC1,Oc1ccc2ccccc2c1c1c(O)ccc2ccccc12,1
O=C1NC=CC=C1,OC(=O)CCCCCCC(O)=O,1
O=C1NC=CC=C1,OC(=O)CCCCCCCCC(O)=O,1
Cc1[n+]([O-])c(C)c(C)[n+]([O-])c1C,N#CC(C#N)=C(C#N)C#N,1
COc1ccc(C=Cc2ccc(O)cc2)cc1OC,N#CC(C#N)=C1C=CC(C=C1)=C(C#N)C#N,1
OC(C(O)C(O)=O)C(O)=O,OC(CC(O)=O)C(O)=O,1
c1ccc2nc3ccccc3cc2c1,N1c2ccccc2Sc2ccccc12,1
CCc1c(C)c(CC)c(C)c(CC)c1C,ClC1=C(Cl)C(=O)C(=C(Cl)C1=O)Cl,1
ClC1=C(Cl)C(=O)C(=C(Cl)C1=O)Cl,COc1c2C3CCC(C3)c2c(OCCCc2c(C)c(C)c(C)c(C)c2C)c2C3CCC(C3)c12,1
C(Oc1ccncc1)C1=CSC=C1,Fc1c(F)c(OCC2=CSC=C2)c(F)c(F)c1I,1
N#Cc1cc(C#N)c(cc1C#N)C#N,O=Cc1cc2ccccc2c2ccccc12,1
CC(=O)c1cc2ccccc2c2ccccc12,N#Cc1cc(C#N)c(cc1C#N)C#N,1
O=C1C(CCCC1=Cc1ccccc1)=Cc1ccccc1,O=N(=O)c1cc(cc(c1)N(=O)=O)N(=O)=O,1
O=C1C(CCC1=Cc1ccccc1)=Cc1ccccc1,Oc1c(cc(cc1N(=O)=O)N(=O)=O)N(=O)=O,1
O=C(C=Cc1ccccc1)C=Cc1ccccc1,Oc1c(cc(cc1N(=O)=O)N(=O)=O)N(=O)=O,1
CCOC(=O)C1=C2C=CC(=CC=C2C(=C1)C(=O)OCC)N=Nc1ccc(C)cc1,CCOC(=O)C1=CC(=C2C=CC(=CC=C12)N=Nc1ccc(C)cc1)C(=O)OCC,1
Cc1cc(O)c(C)c(C)c1c1c(C)cc(O)c(C)c1C,CS(=O)c1ccccc1,1
OC(C#CC#CC(O)(c1ccccc1)c1ccccc1Br)(c1ccccc1)c1ccccc1Br,OC(C#CC#CC(O)(c1ccccc1)c1ccccc1Cl)(c1ccccc1)c1ccccc1Cl,1
N1C=CC=N1,OC(=O)C(Cl)(Cl)Cl,1
OC1CSc2ccccc2SCC(O)CS(=O)c2ccccc2SC1,OC1CSc2ccccc2SCC(O)CSc2ccccc2SC1,1
c1ccc2cnncc2c1,OC(=O)C=CC(O)=O,1
CCC(c1ccc(O)cc1)=C(CC)c1ccc(O)cc1,NC(=O)c1ccncc1,1
CCC(c1ccc(O)cc1)=C(CC)c1ccc(O)cc1,NC(=O)c1ccccn1,1
CCC(c1ccc(O)cc1)=C(CC)c1ccc(O)cc1,NC(=O)c1cccnc1,1
CCC(c1ccc(O)cc1)=C(CC)c1ccc(O)cc1,NC(N)=O,1
CCCCN1C(=O)c2c(C#Cc3ccccc3)c3C(=O)N(CCCC)C(=O)c3c(C#Cc3ccccc3)c2C1=O,N1C=Cc2ccccc12,1
Cc1ccc(cc1)C(O)(C1OC(C)(C)OC1C(O)(c1ccc(C)cc1)c1ccc(C)cc1)c1ccc(C)cc1,Cc1ccncc1,1
CC1(C)OC(C(O1)C(O)(c1ccc(F)cc1)c1ccc(F)cc1)C(O)(c1ccc(F)cc1)c1ccc(F)cc1,Cc1ccncc1,1
CC(C)(C)C(OC([O-])(C(F)(F)F)C(F)(F)F)C1[NH2+]CCCC1,OC(O)(C(F)(F)F)C(F)(F)F,1
NC1CCCCC1N,Oc1c2ccccc2cc(c2ccccc2)c1c1c(O)c2ccccc2cc1c1ccccc1,1
CN(C)c1ccncc1,Fc1cc(F)cc(c1)C#CI,1
CN(C)c1ccncc1,Fc1ccc(cc1)C#CI,1
CN(C)c1ccncc1,IC#Cc1ccccc1C#CI,1
CN1SC(=CC1=O)Cl,Oc1ccc(cc1)C(C(c1ccc(O)cc1)c1ccc(O)cc1)c1ccc(O)cc1,1
c1ccc2c(c1)cnc1ccccc21,OC(=O)CCC1=CNc2ccccc12,1
Cc1ccc(cc1)C1=CC(=NN1c1ccc(cc1)S(N)(=O)=O)C(F)(F)F,O=C1NC=CC=C1,1
CC1=CC=CC(=O)N1,Cc1ccc(cc1)C1=CC(=NN1c1ccc(cc1)S(N)(=O)=O)C(F)(F)F,1
CC1=CC(=CC(=O)N1)C(F)(F)F,Cc1ccc(cc1)C1=CC(=NN1c1ccc(cc1)S(N)(=O)=O)C(F)(F)F,1
Cc1ccc(cc1)C1=CC(=NN1c1ccc(cc1)S(N)(=O)=O)C(F)(F)F,COC1=CC=CNC1=O,1
NS(=O)(=O)c1cc(C(O)=O)c(NCC2=CC=CO2)cc1Cl,O=C1CCCCCN1,1
NS(=O)(=O)c1cc2c(NCNS2(=O)=O)cc1Cl,O=C1NC=CC=C1,1
NS(=O)(=O)c1cc2c(NCNS2(=O)=O)cc1Cl,O=C1CCCCN1,1
NS(=O)(=O)c1cc2c(NCNS2(=O)=O)cc1Cl,O=C1CCCCCN1,1
CC(C)CCCC(C)C1CCC2C(CCCC12C)=CC=C1CC(O)CCC1=C,CC(C)CCCC(C)C1CCC2C3CC=C4CC(O)CCC4(C)C3CCC12C,1
CC(C)C(C)C=CC(C)C1CCC2C(CCCC12C)=CC=C1CC(O)CCC1=C,CC(C)CCCC(C)C1CCC2C3CC=C4CC(O)CCC4(C)C3CCC12C,1
Cc1ccncc1,Oc1ccc(cc1)C1(CCCCC1)c1ccc(O)cc1,1
C1=CC=C2C(=CC(=C2C2=C3C=CC=CC=C3C=C2c2ccncc2)c2ccncc2)C=C1,C1=CC=C2C=C(c3ccncc3)C(=C2C=C1)C1=C(C=C2C=CC=CC=C12)c1ccncc1,1
CCOC(=O)C1=Cc2c(OC1=O)ccc1ccccc21,NC1=Nc2ccccc2S1,1
CN1C=CC(=C2C=CN(C)C3=NSN=C23)C2=NSN=C12,OC1=C(Cl)C(=O)C(=C(Cl)C1=O)O,1
c1ccc2nc3ccccc3cc2c1,CC(C(O)=O)c1ccccc1,1
CC(C)c1cc(C(C)C)c(c(c1)C(C)C)S(=O)(=O)N1C(COC1(C)C)C=[N+]([O-])c1ccccc1,O=Nc1ccccc1,1
[NH3+]C(C(=O)NC(C(=O)[O-])c1ccccc1)c1ccccc1,CCS(=O)c1ccccc1,1
[NH3+]C(C(=O)NC(C(=O)[O-])c1ccccc1)c1ccccc1,CS(=O)c1ccccc1COCc1ccccc1S(C)=O,1
c1ccc2nc3ccccc3cc2c1,OC(=O)Cc1cccc2ccccc12,1
c1ccc2nc3ccccc3cc2c1,OC(=O)CC1=CNc2ccccc12,1
c1ccc2nc3ccccc3cc2c1,OC(=O)C1c2ccccc2c2ccccc12,1
c1ccc2nc3ccccc3cc2c1,OC(=O)CC1c2ccccc2c2ccccc12,1
c1ccc2c(c1)cnc1ccccc21,OC(=O)C1c2ccccc2c2ccccc12,1
C1COCCOCCOCCO1,O=S(=O)(NS(=O)(=O)c1ccccc1)c1ccccc1,1
O=P(C1C2CC(C=C2)C1P(=O)(c1ccccc1)c1ccccc1)(c1ccccc1)c1ccccc1,OC(=O)C(OC(=O)c1ccccc1)C(OC(=O)c1ccccc1)C(O)=O,1
Nc1cccc(O)c1,O=N(=O)c1cc[n+]([O-])cc1,1
c1ccc2ccccc2c1,Fc1c(F)c(F)c2c(F)c(F)c(F)c(F)c2c1F,1
O=C1C=CC(=O)c2ccccc12,Oc1ccc(O)cc1,1
O=C1C=CC(=O)c2ccccc12,Oc1ccc(O)c2ccccc12,1
c1cnc2c(c1)ccc1cccnc21,Oc1ccc2ccccc2c1c1c(O)ccc2ccccc12,1
[NH3+]CC(=O)[O-],NC(N)=O,1
CC(OC(C)c1c2ccccc2cc2ccccc12)c1c2ccccc2cc2ccccc12,CC1OC(C)C23c4ccccc4C(C4c5ccccc5C12c1ccccc41)c1ccccc31,1
c1cnc2c(c1)ccc1cccnc21,CC1=C(N2C(=O)c3ccc4C(=O)N(C(=O)c5ccc(C2=O)c3c45)C2=C(C)NN=C2C)C(=NN1)C,1
CC1=CC=CN2C(=O)N(c3ccccc3)C(=Nc3ccccc3)N=C12,O=P(c1ccccc1)(c1ccccc1)c1ccccc1,1
c1ccc2nc3ccccc3nc2c1,OC(=O)c1ccc(cc1)C(c1ccc(cc1)C(O)=O)(c1ccc(cc1)C(O)=O)c1ccc(cc1)C(O)=O,1
c1cc(ccn1)c1ccncc1,OC(=O)c1ccc(cc1)C(c1ccc(cc1)C(O)=O)(c1ccc(cc1)C(O)=O)c1ccc(cc1)C(O)=O,1
Cc1ccc(cc1)C1=Cc2cc(cc(NS(=O)(=O)c3ccc(C)cc3)c2N1)N(=O)=O,CCNCC,1
C1COCCOc2cccc3c(OCCOCCOCCOCCOc4cccc5c(OCCOCCO1)cccc45)cccc23,O=C1N(CC#C)C(=O)c2ccc3C(=O)N(CC#C)C(=O)c4ccc1c2c34,1
CC[NH+](CC)Cc1cc(ccc1[O-])N(=O)=O,Oc1ccc(cc1)N(=O)=O,1
O=P(c1ccccc1)(c1ccccc1)c1ccccc1,OC(=O)c1ccccc1C(O)=O,1
Cc1ccc(cc1)C#Cc1cc(C)cc(C)c1,ClC1=CC(=O)C=C(Cl)C1=O,1
Cc1cc(C)cc(c1)C#Cc1cc(C)cc(C)c1,ClC1=CC(=O)C=C(Cl)C1=O,1
c1ccc(cc1)C#Cc1ccnc(c1)c1cc(ccn1)C#Cc1ccccc1,Fc1c(F)c(F)c(F)c(F)c1F,1
c1ccc(C=Cc2ccccn2)nc1,OC(=O)C=CC(O)=O,1
N#Cc1cc(C#N)c(cc1C#N)C#N,Oc1ccc2cc(Br)ccc2c1c1c(O)ccc2cc(Br)ccc12,1
Cc1ccc2c(ccc(O)c2c2c(O)ccc3cc(C)ccc23)c1,N#Cc1cc(C#N)c(cc1C#N)C#N,1
NN1C(=NN=C1c1ccncc1)c1ccncc1,OC(=O)c1cccc(c1)C(O)=O,1
Nc1cc(cc(c1)C(O)=O)C(O)=O,NN1C(=NN=C1c1ccncc1)c1ccncc1,1
CCOC1CC(c2ccccc2)C2=C(O1)C(CC1C2C(=O)N(C1=O)c1ccccc1)OCC,O=C1C=CC(=O)N1c1ccccc1,1
Nc1cccc(n1)C#Cc1cccc(c1)C#Cc1cccc(N)n1,OC(=O)c1cccc(c1)C(O)=O,1
NC(N)=O,OC(=O)c1cc(ccc1O)N(=O)=O,1
NC(N)=O,Nc1ccc(cc1)C(O)=O,1
NC(N)=O,OC(=O)c1ccccc1C(O)=O,1
NC(N)=O,OC(=O)c1nccnc1C(O)=O,1
NC(N)=O,OC(=O)c1cccc(n1)C(O)=O,1
CN1C(=O)N(C)C2=C(NC=N2)C1=O,OC(C(O)C(O)=O)C(O)=O,1
C(CN=Cc1ccccc1)N=Cc1ccccc1,Oc1ccc(O)cc1,1
c1cc(ccn1)c1ccncc1,OC(=O)Cc1ccccc1C(O)=O,1
COc1ccc(c(OC)c1)C12CC3(CC(C1)(CC(C2)(C3)c1ccc(OC)cc1OC)c1ccc(OC)cc1OC)c1ccc(OC)cc1OC,O=N(=O)c1ccccc1,1
CCC(C)(C)O,COc1ccc(c(OC)c1)C12CC3(CC(C1)(CC(C2)(C3)c1ccc(OC)cc1OC)c1ccc(OC)cc1OC)c1ccc(OC)cc1OC,1
COc1ccc(c(OC)c1)C12CC3(CC(C1)(CC(C2)(C3)c1ccc(OC)cc1OC)c1ccc(OC)cc1OC)c1ccc(OC)cc1OC,Fc1cc(F)cc(F)c1,1
COc1cncc(Br)c1,ON=C(C#N)c1ccc(Br)cc1,1
CC1=Nc2ccccc2N1Cc1ccc(Br)cc1,ON=C(C#N)c1ccc(Br)cc1,1
Brc1ccc(CN2C=Nc3ccccc23)cc1,ON=C(C#N)c1ccc(Br)cc1,1
Cc1cc2N=CN(Cc3cccc(c3)C#N)c2cc1C,ON=C(C#N)c1ccc(Br)cc1,1
C(N1C=Nc2ccccc12)c1ccc(CN2C=Nc3ccccc23)cc1,ON=C(C#N)c1cccc(Cl)c1,1
Cc1cc2N=CN(Cc3ccncc3)c2cc1C,ON=C(C#N)c1ccc(F)cc1,1
CC1(C)OC2OC(C3CC3NC(=O)C(Cl)(Cl)Cl)C(OCc3ccccc3)C2O1,NC(=O)C(Cl)(Cl)Cl,1
Nc1ncccn1,OC(=O)c1ccccc1,1
c1ccc2nc3ccccc3nc2c1,OC(=O)c1ccccc1O,1
CC(=O)N1CCN(CC1)C(C)=O,OC(=O)c1ccccc1O,1
NC(=O)c1cccnc1,OC(=O)CC(O)=O,1
NC(=O)c1cccnc1,OC(=O)CCCC(O)=O,1
NC(=O)c1cccnc1,OC(=O)CCCCC(O)=O,1
NC(=O)c1cccnc1,OC(=O)CCCCCC(O)=O,1
NC(=O)c1cccnc1,OC(=O)CCCCCCC(O)=O,1
NC(=O)c1cccnc1,OC(=O)CCCCCCCC(O)=O,1
NC(=O)c1cccnc1,OC(=O)CCCCCCCCC(O)=O,1
CCC(C)(C)C,COc1c(F)c(c(OC)c(F)c1P(=O)(C(C)C)C(C)C)P(=O)(C(C)C)C(C)C,1
Nc1ccccc1S(N)(=O)=O,O=C1CCCCCN1,1
NS(=O)(=O)c1ccccc1,O=C1CCCCCCN1,1
NS(=O)(=O)c1ccc(Cl)cc1,O=C1CCCCCN1,1
Nc1ccc(cc1)S(N)(=O)=O,O=C1CCCCCN1,1
NS(=O)(=O)c1ccc(Br)cc1,O=C1CCCCCN1,1
Cc1ccccc1S(N)(=O)=O,O=C1CCCCN1,1
COc1ccc(CN2CCOCCOCCN(CCOCCOCC2)Cc2ccc(OC)cc2)cc1,NC(=S)C(N)=S,1
NS(=O)(=O)c1ccccc1Cl,O=C1CCCCCN1,1
NS(=O)(=O)c1ccccc1,O=C1CCCCCN1,1
NS(=O)(=O)c1ccc(Cl)cc1,O=C1CCCCN1,1
NS(=O)(=O)c1ccc(Br)cc1,O=C1CCCCN1,1
Cc1ccc(cc1)S(N)(=O)=O,O=C1CCCCN1,1
NS(=O)(=O)c1ccccc1Cl,O=C1CCCCN1,1
NS(=O)(=O)c1ccccc1,O=C1CCCCN1,1
Cc1c(O)cccc1O,Cc1nc(C)c(C)nc1C,1
c1cc(ccn1)C=Cc1ccncc1,Cc1c(O)cccc1O,1
c1cc(ccn1)N=Nc1ccncc1,Cc1c(O)cccc1O,1
c1ccc2nc3ccccc3nc2c1,Cc1c(O)cccc1O,1
c1ccc2nc3ccccc3cc2c1,Cc1c(O)cccc1O,1
c1ccc(nc1)c1ccccn1,Cc1c(O)cccc1O,1
C(Cc1ccncc1)c1ccncc1,Nc1cccc(c1)C(O)=O,1
c1ccc(cc1)c1ccncc1,Cc1c(O)cccc1O,1
c1cnc2c(c1)ccc1cccnc21,Cc1c(O)cccc1O,1
c1ccc2c(c1)ccc1cccnc21,Cc1c(O)cccc1O,1
Cc1c(O)cccc1O,Nc1ccncc1,1
Cc1c(O)cccc1O,CN(C)c1ccncc1,1
c1ccc2nccnc2c1,Cc1c(O)cccc1O,1
Cc1c(O)cccc1O,Cc1nc2ccccc2nc1C,1
c1cc(ccn1)c1ccncc1,OC(=O)Cc1ccc(CC(O)=O)cc1,1
Fc1c(F)c(I)c(F)c(F)c1I,NC(N)=S,1
Fc1c(F)c(F)c(I)c(I)c1F,S=C1Nc2ccccc2N1,1
IC(I)=C(I)I,S=C1NCCN1,1
O=C1NC(=O)c2nc(C#N)c(nc2N1)C#N,S1C=CSC1=C1SC=CS1,1
Cc1c(C)c(N)c(C)c(C)c1N,O=C1NC(=O)c2nc(C#N)c(nc2N1)C#N,1
NC(=O)c1cnccn1,OC(=O)c1ccc(O)c(O)c1,1
O=C(Nc1ccccc1)Nc1cccc2ncccc12,OC(=O)C=CC(O)=O,1
Cc1cc(cc(C)c1N)c1cc(C)c(N)c(C)c1,N#CC(C#N)=C1C=CC(C=C1)=C(C#N)C#N,1
NC(=O)c1ccncc1,Oc1cc(O)c2C(=O)C(=C(Oc2c1)c1ccc(O)c(O)c1)O,1
CC12CC3=C(ON=C3)C=C1CCC1C2CCC2(C)C1CCC2(O)C#C,COc1cc(C=O)ccc1O,1
NC(=O)c1cnccn1,OC(=O)c1ccc(O)cc1,1
CC1(C)N(N=O)C(C)(C)c2ccccc12,ClC1=C(Cl)C(=O)C(=C(C#N)C1=O)C#N,1
NC1=NC(=O)N(C=C1)C1CSC(CO)O1,Oc1ccc2ccccc2c1c1c(O)ccc2ccccc12,1
OC1CCc2c1cccc2N(=O)=O,OC1CCc2ccc(cc12)N(=O)=O,1
Oc1cccc2c(O)cccc12,OCCOCCN1C(=O)c2cc3C(=O)N(CCOCCO)C(=O)c3cc2C1=O,1
N#CC(C#N)=C1C=CC(C=C1)=C(C#N)C#N,OCCOCCNc1cccc2c(NCCOCCO)cccc12,1
CC1(C)OC(C(O1)C(O)(c1ccccc1)c1ccccc1)C(O)(c1ccccc1)c1ccccc1,CCS(=O)c1ccccn1,1
c1ccc2c(c1)nnc1ccccc21,OC1=C(Cl)C(=O)C(=C(Cl)C1=O)O,1
NC(=O)c1cccnc1,OC(=O)C=Cc1ccccc1,1
Cc1ccc(cc1)C=CC(O)=O,NC(=O)c1ccncc1,1
c1cc(ccn1)c1ccncc1,COc1ccc(C=CC(O)=O)cc1,1
COc1ccc(C=CC(O)=O)cc1,NC(=O)c1ccncc1,1
COc1ccc(C=CC(O)=O)cc1OC,NC(=O)c1ccncc1,1
C1N2CN3CN1CN(C2)C3,Cc1ccccc1C(O)=O,1
CN(C)c1ccc(cc1)C(O)C(O)c1ccc(cc1)N(C)C,O=N(=O)c1ccc(cc1)C=NCCN=Cc1ccc(cc1)N(=O)=O,1
C(CN=Cc1ccncc1)N=Cc1ccncc1,CN(C)c1ccc(cc1)C(O)C(O)c1ccc(cc1)N(C)C,1
COC(=O)c1ccc(cc1)C=NCCN=Cc1ccc(cc1)C(=O)OC,COc1ccc(cc1)C(O)C(O)c1ccc(OC)cc1,1
Cc1ccnc(C)c1,OC1(c2ccc(cc2)C2(O)c3ccccc3c3ccccc23)c2ccccc2c2ccccc12,1
Cc1cncc(C)c1,OC1(c2ccc(cc2)C2(O)c3ccccc3c3ccccc23)c2ccccc2c2ccccc12,1
Oc1ccc(Cl)cc1C(=O)Nc1ccc(cc1Cl)N(=O)=O,OCCOCCOCCOCCO,1
NC(=O)c1ccncc1,Nc1ccc(C(O)=O)c(O)c1,1
COc1cc(C=O)ccc1O,NC(=O)c1cccnc1,1
c1cnccn1,OC(=O)c1ccc(Cl)cc1N(=O)=O,1
c1ccc2ccccc2c1,N(c1ccc(Nc2ccccn2)cc1)c1ccccn1,1
c1ccc2c(c1)cccc2C=Cc1ccncc1,Fc1c(F)c(I)c(F)c(F)c1I,1
c1ccc(cc1)C=Cc1ccncc1,Fc1c(F)c(I)c(F)c(F)c1I,1
Nc1ccccc1C(O)=O,S(Sc1ccncc1)c1ccncc1,1
Nc1ccc(cc1)C(O)=O,Nc1nccc(n1)c1ccncc1,1
c1ccc(cc1)C#Cc1ccccc1,Fc1c(F)c(F)c2c(F)c(F)c(F)c(F)c2c1F,1
c1cnccn1,OC(=O)c1ccc(cc1Cl)N(=O)=O,1
c1cnccn1,OC(=O)c1cc(ccc1Cl)N(=O)=O,1
NC(=O)c1ccncc1,OC(=O)c1ccc2ccccc2c1,1
N1c2ccccc2N=C1c1ccncc1,OC(=O)CCCC(O)=O,1
O=C1CCc2cc(OCCCCC3=NN=NN3C3CCCCC3)ccc2N1,OC(=O)c1ccc(O)cc1,1
O=C1CCc2cc(OCCCCC3=NN=NN3C3CCCCC3)ccc2N1,OC(=O)c1ccc(O)cc1O,1
O=C1CCc2cc(OCCCCC3=NN=NN3C3CCCCC3)ccc2N1,OC(=O)c1cc(O)ccc1O,1
NC(=O)c1ccc(CN2C=CC=N2)cc1,OC(=O)C(O)=O,1
NC(=O)c1ccc(CN2C=CC=N2)cc1,OC(=O)c1ccccc1,1
[O-][n+]1ccc(cc1)c1cc[n+]([O-])cc1,Fc1c(F)c(I)c(F)c(F)c1I,1
FC1=CN(C2CCCO2)C(=O)NC1=O,NC(=O)c1ccc(O)cc1,1
c1ccc(cc1)C#Cc1cc(cc(c1)C#Cc1ccccc1)C#Cc1ccccc1,Fc1c(F)c(F)c(F)c(F)c1F,1
c1cc2ccc3ccc4ccc5ccc6ccc1c1c2c3c4c5c61,O=C1N(C2CCCCC2)C(=O)c2ccc3c4ccc5C(=O)N(C6CCCCC6)C(=O)c6ccc(c7ccc1c2c37)c4c56,1
c1ccc2c(c1)ccc1ccc3ccc4ccc5ccccc5c4c3c21,Fc1c(F)c(F)c(F)c(F)c1F,1
BrC1C(Br)C2=C(Br)C(Br)C(Br)C2=C1Br,BrC1C(Br)C2=C(C1Br)C(Br)C(Br)C2Br,1
CCCNc1nc(C)nc(NCCC)n1,O=C1NC(=O)c2cc3C(=O)NC(=O)c3cc12,1
CSc1ccc(C=CC(=O)c2ccc(C)cc2)cc1,CSc1ccc(cc1)C(O)C(Br)C(=O)c1ccc(C)cc1,1
CCOc1ccccc1C(N)=O,OC(=O)c1cc(O)cc(O)c1,1
CCOc1ccccc1C(N)=O,COc1cc(C=CC(O)=O)ccc1O,1
O=C1CCCN1,OC1=C(Cl)C(=O)C(=C(Cl)C1=O)O,1
Fc1c(I)c(F)c(I)c(F)c1I,Oc1ccccc1C=Nc1cccnc1,1
Fc1c(F)c(I)c(F)c(I)c1F,Oc1ccccc1C=Nc1cccnc1,1
Fc1c(F)c(I)c(F)c(F)c1I,Oc1ccccc1C=Nc1cccnc1,1
CC1(C)C2Cc3ccccc3CC1Cc1ccccc1C2,N#CC(C#N)=C(C#N)C#N,1
C=C1C2Cc3ccccc3CC1Cc1ccccc1C2,N#CC(C#N)=C(C#N)C#N,1
Cc1nc(C)c(C)nc1C,OC(=O)c1ccc(O)cc1,1
CC1=CC(=NN1)C,OC(=O)c1ccccc1O,1
C1CCNCC1,CCCCN(CCCC)c1ccc2c(OC3=C2C(O)(c2ccccc2)C2=C(C=CC=C2)C3=O)c1,1
C1CCNCC1,CCCCN(CCCC)c1ccc2c(OC3=C2C(=O)C2=C(C=CC=C2)C3(O)c2ccccc2)c1,1
N#CC(=Cc1ccccc1)c1ccc(cc1)C(=Cc1ccccc1)C#N,Oc1c(F)c(F)c(O)c(F)c1F,1
N#CC(=Cc1ccccc1)c1ccc(cc1)C(=Cc1ccccc1)C#N,OC(=O)c1c(F)c(F)c(O)c(F)c1F,1
Cc1cccc(C)c1N,Oc1ccc(cc1)C1(CCCCC1)c1ccc(O)cc1,1
Cc1ccc(N)cc1C,Oc1ccc(cc1)C1(CCCCC1)c1ccc(O)cc1,1
Cc1cc(C)cc(N)c1,Oc1ccc(cc1)C1(CCCCC1)c1ccc(O)cc1,1
c1cc(ccn1)c1ccncc1,OC(C(O)=O)c1ccccc1,1
c1cc(ccn1)c1ccncc1,OC(=O)c1ccc(Br)c2ccccc12,1
c1cc(ccn1)c1ccncc1,Cc1ccc(cc1)C(O)=O,1
O=C1NC=CC=C1,Oc1ccc(cc1)N(=O)=O,1
Nc1ncccn1,Oc1ccc(O)cc1,1
Nc1ncccn1,OCc1ccc(CO)cc1,1
Nc1ncccn1,OC(=O)c1ccc(C(O)=O)c2ccccc12,1
NC(=O)c1cccnc1,Nc1ccc(C(O)=O)c(O)c1,1
C(Cc1ccncc1)Cc1ccncc1,Oc1ccc(O)cc1,1
C(Cc1ccncc1)Cc1ccncc1,Oc1cccc(O)c1O,1
O=S1CCS(=O)CC1,OC(=O)c1cc(ccc1O)N(=O)=O,1
O=S1CCS(=O)CC1,OC(=O)c1cc(cc(c1O)N(=O)=O)N(=O)=O,1
C1SC2=C(S1)SC(S2)=C1SC2=C(SCS2)S1,N#Cc1cc(C#N)c(cc1C#N)C#N,1
CP(O)(O)=O,O=P(c1ccccc1)(c1ccccc1)c1ccccc1,1
Nc1cccc(c1)C(O)=O,OC(=O)c1ccc(cc1)N(=O)=O,1
C(Cc1ccncc1)Cc1ccncc1,OC(=O)c1ccc(C(O)=O)c(O)c1,1
c1cc(ccn1)c1ccncc1,OC(=O)c1ccc(cc1)C(=O)c1ccccc1C(O)=O,1
C1CNCCN1,Oc1nc(Cl)c(Cl)cc1Cl,1
C1CCNCC1,Oc1nc(Cl)c(Cl)cc1Cl,1
c1cc(ccn1)C=Cc1ccncc1,OC(=O)c1ccc(cc1)C(c1ccc(cc1)C(O)=O)(c1ccc(cc1)C(O)=O)c1ccc(cc1)C(O)=O,1
c1cc(ccn1)N=Nc1ccncc1,OC(=O)c1ccc(cc1)C(c1ccc(cc1)C(O)=O)(c1ccc(cc1)C(O)=O)c1ccc(cc1)C(O)=O,1
C[N+]1([O-])CCOCC1,OC(O)C(Cl)(Cl)Cl,1
[O-][n+]1ccccc1,OC(O)C(Cl)(Cl)Cl,1
CC1=CNC(=O)NC1=O,Oc1ccccc1O,1
CC1=CNC(=O)NC1=O,Oc1cccc(O)c1,1
CC1=CNC(=O)NC1=O,Oc1ccc(O)cc1,1
CC1=CNC(=O)NC1=O,Oc1cccc(O)c1O,1
CC1=NNC(S1)=NS(=O)(=O)c1ccc(N)cc1,COc1cc(ccc1O)C(O)=O,1
CC1=NNC(S1)=NS(=O)(=O)c1ccc(N)cc1,OC(=O)CCCCCCC(O)=O,1
CC1=NNC(S1)=NS(=O)(=O)c1ccc(N)cc1,Nc1ccc(cc1)C(O)=O,1
c1cc(ccn1)c1ccncc1,CC1=NNC(S1)=NS(=O)(=O)c1ccc(N)cc1,1
CC1=NNC(S1)=NS(=O)(=O)c1ccc(N)cc1,OC(=O)CCCCC(O)=O,1
CC1=NNC(S1)=NS(=O)(=O)c1ccc(N)cc1,NC(=O)c1ccc(N)cc1,1
CCOC(=O)C12CCC3(C1CC(C)(NC2=O)NC3=O)C(=O)OCC,O=N(=O)c1ccccc1,1
CC(=O)C(C)=O,OC(C1CC=C(C(O)c2ccccc2)C1=O)c1ccccc1,1
COc1cc(OC)c(OC)c(OC)c1,N#Cc1cc(C#N)c(cc1C#N)C#N,1
CC(C)(C)c1ccc(cc1)C1=C2C(=O)NC(=C2C(=O)N1)c1ccc(cc1)C(C)(C)C,O=C1NC(=C2C(=O)NC(=C12)c1ccccc1)c1ccccc1,1
[NH3+]C(Cc1ccccc1)C(=O)[O-],OC(=O)C=CC(O)=O,1
C(N1C=Nc2ccccc12)c1ccncc1,Fc1c(F)c(I)c(F)c(F)c1I,1
C(N1C=Nc2ccccc12)c1ccncc1,Fc1c(F)c(c(F)c(F)c1I)c1c(F)c(F)c(I)c(F)c1F,1
Cc1cc2N=CN(Cc3ccncc3)c2cc1C,Fc1c(F)c(I)c(F)c(F)c1I,1
C(N1C=CN=C1)c1ccncc1,FC(F)(I)C(F)(F)C(F)(F)C(F)(F)C(F)(F)C(F)(F)I,1
C(N1C=CN=C1)c1ccncc1,Fc1c(F)c(I)c(F)c(F)c1I,1
C(N1C=CN=C1)c1ccncc1,Fc1c(F)c(c(F)c(F)c1I)c1c(F)c(F)c(I)c(F)c1F,1
C(N1C=Nc2ccccc12)c1cccnc1,Fc1c(F)c(I)c(F)c(F)c1I,1
C(N1C=Nc2ccccc12)c1cccnc1,Fc1c(I)c(F)c(I)c(F)c1I,1
C(N1C=CN=C1c1ccccc1)c1ccncc1,Fc1c(F)c(I)c(F)c(F)c1I,1
C(N1C=CN=C1c1ccccc1)c1ccncc1,Fc1c(I)c(F)c(I)c(F)c1I,1
Cc1cc2N=CN(Cc3cccnc3)c2cc1C,Fc1c(F)c(F)c(I)c(I)c1F,1
Cc1cc2N=CN(Cc3cccnc3)c2cc1C,Fc1c(F)c(I)c(F)c(F)c1I,1
Cc1cc2N=CN(Cc3cccnc3)c2cc1C,Fc1c(I)c(F)c(I)c(F)c1I,1
C(N1C=CN=C1)c1cccnc1,FC(F)(I)C(F)(F)C(F)(F)C(F)(F)I,1
C(N1C=CN=C1)c1cccnc1,Fc1c(F)c(I)c(F)c(F)c1I,1
CN(C)c1ccncc1,FC(F)(I)C(F)(F)C(F)(F)C(F)(F)I,1
CN(C)c1ccncc1,FC(F)(I)C(F)(F)C(F)(F)C(F)(F)C(F)(F)C(F)(F)I,1
CN(C)c1ccncc1,Fc1c(F)c(F)c(I)c(I)c1F,1
Nc1nc(N)nc(n1)c1ccc(Cl)cc1,OC(=O)CCCC(O)=O,1
C(Cc1ccncc1)c1ccncc1,OC(=O)CCC1=NC(=C(O1)c1ccccc1)c1ccccc1,1
c1cc(ccn1)c1ccncc1,OC(=O)CCC1=NC(=C(O1)c1ccccc1)c1ccccc1,1
CC(C)(O)c1ccccc1SCC(O)c1ccccc1,CC(C)(O)c1ccccc1SSc1ccccc1C(C)(C)O,1
c1ccc2nc3ccccc3cc2c1,OC(=O)C1=C(Cl)C=CS1,1
NC1CCCCC1N,Oc1ccc(O)cc1,1
[NH3+]C(C(C)CC)C(=O)NC(C(=O)[O-])c1ccccc1,CS(=O)c1ccccc1,1
[NH3+]C(CC(C)C)C(=O)NC(C(=O)[O-])c1ccccc1,Cc1ccc(cc1C)S(C)=O,1
[NH3+]C(C(C)CC)C(=O)NC(C(=O)[O-])c1ccccc1,Cc1ccccc1S(C)=O,1
CN1c2cc(ncn2)N(C)c2ncnc(N(C)c3cc(ncn3)N(C)c3ncnc1c3Br)c2Br,O=C1CCC(=O)N1,1
C(N1C=CN=C1)c1cc(CN2C=CN=C2)cc(CN2C=CN=C2)c1,Oc1c(cc(cc1N(=O)=O)N(=O)=O)N(=O)=O,1
O=C=O,O=N(=O)N1C2C3N(C1C1N(C(C(N3N(=O)=O)N1N(=O)=O)N2N(=O)=O)N(=O)=O)N(=O)=O,1
CC1=C(C)SC(S1)=C1SC(=C(C)S1)C,CCN1C(=S)C(SC1=C(C#N)C#N)=C1SC(N(CC)C1=S)=C(C#N)C#N,1
CCOC(=O)C1=Cc2ccccc2OC1=O,NC1=Nc2ccccc2S1,1
CC(CCC(O)=O)C1CCC2C3CCC4CC(O)CCC4(C)C3CC(O)C12C,CCC(C)C(C)O,1
COCCOc1cc2ncnc(Nc3cccc(c3)C#C)c2cc1OCCOC,NC(N)=O,1
CC1=NC(=CC(=O)N1)C,Oc1cc(O)cc(O)c1,1
c1ccc(cc1)c1ccncc1,Oc1cc(O)cc(O)c1,1
O=C1NC=CC=C1,Oc1cc(O)cc(O)c1,1
N1c2ccccc2N=C1c1ccncc1,OC(=O)c1ccc(cc1)C(O)=O,1
C1CN2CCN1CC2,CC(O)c1cc(cc(c1)C(F)(F)F)C(F)(F)F,1
O=C(C=Cc1ccccc1)c1ccccc1,Oc1cc(c(O)cc1c1ccccc1)c1ccccc1,1
COc1ccc(cc1)C(=O)C=Cc1ccccc1,Oc1cc(c(O)cc1c1ccccc1)c1ccccc1,1
C1CCC2=[S]C([S]=C2C1)=C1[S]=C2CCCCC2=[S]1,COC1=CC(C(=CC1=C(C#N)C#N)OC)=C(C#N)C#N,1
C(Cc1ccncc1)c1ccncc1,OC(=O)c1cc(cc(c1)c1cc(cc(c1)C(O)=O)C(O)=O)C(O)=O,1
C(Cc1ccncc1)c1ccncc1,OC(=O)c1ccccc1Cl,1
C(Cc1ccncc1)c1ccncc1,Cc1ccc(cc1)C(O)=O,1
C(Cc1ccncc1)c1ccncc1,OC(=O)c1ccccc1C(O)=O,1
CC(C)C(C(N)=O)c1ccccc1,OC(=O)c1ccccc1O,1
CN1C(=O)N(C)C2=C(NC=N2)C1=O,OC(=O)Cc1ccccc1Nc1c(Cl)cccc1Cl,1
CN1C(=O)N(C)C2=C(NC=N2)C1=O,OC(=O)c1cc(ccc1O)c1ccc(F)cc1F,1
FC1=CNC(=O)NC1=O,Nc1nc(N)nc(N)n1,1
Cc1cc[n+]([O-])cc1,Oc1ccc(cc1N(=O)=O)N(=O)=O,1
COc1cc[n+]([O-])cc1,Oc1ccc(cc1)N(=O)=O,1
CN1C(=O)N(C)C2=C(NC=N2)C1=O,OC(=O)c1cc(F)cc(F)c1F,1
CN1C(=O)N(C)C2=C(NC=N2)C1=O,OC(=O)c1c(F)ccc(F)c1F,1
CN1C(=O)N(C)C2=C(NC=N2)C1=O,OC(=O)c1cc(F)c(F)cc1F,1
CN1C(=O)N(C)C2=C(NC=N2)C1=O,OC(=O)c1c(F)cc(F)cc1F,1
CN1C(=O)N(C)C2=C(NC=N2)C1=O,OC(=O)c1c(F)c(F)c(F)c(F)c1F,1
CN1C(=O)N(C)C2=C(NC=N2)C1=O,OC(=O)c1ccc(F)c(F)c1F,1
CN1C(=O)N(C)C2=C(NC=N2)C1=O,OC(=O)c1cccc(F)c1,1
CN1C(=O)N(C)C2=C(NC=N2)C1=O,OC(=O)c1cc(F)cc(F)c1,1
CN1C(=O)N(C)C2=C(NC=N2)C1=O,OC(=O)c1ccccc1F,1
CN1C(=O)N(C)C2=C(NC=N2)C1=O,OC(=O)c1c(F)cc(F)c(F)c1F,1
CN1C(=O)N(C)C2=C(NC=N2)C1=O,OC(=O)c1ccc(F)c(F)c1,1
CN1C(=O)N(C)C2=C(NC=N2)C1=O,OC(=O)c1c(F)c(F)cc(F)c1F,1
c1cc2ccc3cccc4ccc(c1)c2c34,O=C(NN1C(=O)c2ccc3C(=O)N(NC(=O)c4ccncc4)C(=O)c4ccc(C1=O)c2c34)c1ccncc1,1
NC(=O)c1cccc(c1)N(=O)=O,OC(=O)C=Cc1ccccc1,1
CC1=NOC(=C1C)NS(=O)(=O)c1ccc(N)cc1,OC(=O)c1cc(cc(c1)N(=O)=O)N(=O)=O,1
Nc1nc(N)nc(N)n1,OC(=O)Cc1cccc(Cl)c1,1
Nc1nc(N)nc(N)n1,OC(=O)Cc1ccc(Cl)cc1,1
CC1=CC(=O)c2ccccc2C1=O,Fc1c(F)c(Br)c(F)c(F)c1Br,1
CC1=CC(=O)c2ccccc2C1=O,Fc1c(F)c(I)c(F)c(F)c1I,1
c1cc(ccn1)c1ccncc1,CC(C)(c1ccc(O)cc1)c1ccc(O)cc1,1
c1cc(ccn1)c1ccncc1,OC(=O)c1ccc(Oc2ccc(cc2)C(O)=O)cc1,1
CC1=C(C)SC(S1)=C1SC(=C(C)S1)C,N#Cc1cc(C#N)c(cc1C#N)C#N,1
NNC(=O)c1ccncc1,OC(=O)c1ccc(cc1)C(O)=O,1
Nc1ncnc2N(CCN3C=Nc4c(N)ncnc34)C=Nc12,OC(C(F)(F)F)C(F)(F)F,1
CN1C=Nc2c(N)ncnc12,OC(C(F)(F)F)C(F)(F)F,1
CCOc1ccccc1C(N)=O,OC(=O)c1cc(O)c(O)c(O)c1,1
CCOc1ccccc1C(N)=O,OC(=O)c1ccccc1N(=O)=O,1
CCOc1ccccc1C(N)=O,OC(=O)c1cccc(c1)N(=O)=O,1
CCOc1ccccc1C(N)=O,OC(=O)c1ccc(cc1N(=O)=O)N(=O)=O,1
Cc1cccc(c1)C(O)=O,CCOc1ccccc1C(N)=O,1
Brc1c(c(Br)c(c(Br)c1N(=O)=O)N(=O)=O)N(=O)=O,O=N(=O)c1cc(cc(c1)N(=O)=O)N(=O)=O,1
Ic1c(c(I)c(c(I)c1N(=O)=O)N(=O)=O)N(=O)=O,O=N(=O)c1cc(cc(c1)N(=O)=O)N(=O)=O,1
c1cc(ccn1)c1ccncc1,CC1=C(SCC(O)=O)C(=O)c2ccccc2C1=O,1
O=P(c1ccccc1)(c1ccccc1)c1ccccc1,OC(=O)CSC1=C(SCC(O)=O)C(=O)c2ccccc2C1=O,1
Nc1ccc(cc1)C(O)=O,O=C1CN(N=CC2=CC=C(O2)N(=O)=O)C(=O)N1,1
NC(N)=O,O=C1CN(N=CC2=CC=C(O2)N(=O)=O)C(=O)N1,1
CN1N=NC(=N1)NN(=O)=O,NC(N)=O,1
NC(=O)C1c2ccccc2CCc2ccccc12,O=C1NS(=O)(=O)c2ccccc12,1
NC(=O)N1c2ccccc2CCc2ccccc12,O=C1NS(=O)(=O)c2ccccc12,1
NC(N)=O,OCCCCCCO,1
NC(N)=O,OCCCCCCCCO,1
NC(N)=O,OCCCCCCCCCCO,1
NC(N)=O,OCCCCCCCCCCCCO,1
NC(N)=O,OCCCCCCCCCCCCCCO,1
NC(N)=O,OCCCCCCCCCCCCCCCCO,1
Cc1ccncc1,OC1(c2ccc(cc2)C2(O)c3ccccc3c3ccccc23)c2ccccc2c2ccccc12,1
N#CC(C#N)=C(C#N)C#N,O=C1Cc2cc3CCCc4ccc(CCCc2cc3CC(=O)Cc2cc3CCCc5ccc(CCCc2cc3C1)cc5)cc4,1
C1Cc2ccc(CCCc3cc4CCCc5cc6CCCc7ccc(CCCc5cc6CCCc3cc4C1)cc7)cc2,N#CC(C#N)=C(C#N)C#N,1
NC(=O)c1ccccc1,OC(=O)c1cccc(c1)N(=O)=O,1
NC(=O)c1ccccc1,OC(=O)c1ccc(O)c(c1)N(=O)=O,1
NC(=O)c1ccccc1,OC(=O)c1cc(cc(c1)N(=O)=O)N(=O)=O,1
O=C([O-])C[N+]12CCN(CC1)CC2,OC(=O)c1ccc(O)cc1,1
OC(=O)c1ccccc1S,OC(=O)c1ccccc1SSc1ccccc1C(O)=O,1
O=P(c1ccccc1)(c1ccccc1)c1ccccc1,OC(=O)c1cccc(O)c1,1
c1ccc2nc3ccccc3cc2c1,OC(C(O)=O)c1ccccc1,1
C1CNCCN1,COc1cc(OC)cc(C=Cc2ccc(O)cc2)c1,1
COc1cc(OC)cc(C=Cc2ccc(O)cc2)c1,OC(=O)CCCC(O)=O,1
CC(C)(C)c1ccc(O)c(c1)C(C)(C)C,CC(N1COc2c(C1)cc(cc2C(C)(C)C)C(C)(C)C)c1ccccc1,1
C(Cc1ccncc1)c1ccncc1,CC(C)Cc1ccc(cc1)C(C)C(O)=O,1
C1COCCOCCNCCOCCOCCN1,Oc1ccccc1C(F)=C(F)c1ccccc1,1
[O-][n+]1ccc(cc1)c1cc[n+]([O-])cc1,COc1cc(C=CC(O)=O)ccc1O,1
[O-][n+]1ccc(cc1)c1cc[n+]([O-])cc1,CC(C)c1cccc(C(C)C)c1O,1
[O-][n+]1ccc(cc1)c1cc[n+]([O-])cc1,Nc1ccc(cc1)S(=O)(=O)N=C1NC=CS1,1
c1ccc(C=Cc2ccccn2)nc1,FC1=CNC(=O)NC1=O,1
NC(=O)c1ccncc1,OCC(O)C1OC(=O)C(=C1O)O,1
NC(=O)c1cccnc1,OCC(O)C1OC(=O)C(=C1O)O,1
C1COC(C1)OOC1CCCO1,OC1C=CC23OC(=O)OC2(C1O)C1OC1C(O)C3O,1
CC(C)COc1ccc(cc1C#N)C1=NC(=C(S1)C(O)=O)C,NC(=O)c1ccncc1,1
c1ccc2nc3ccccc3cc2c1,OC(=O)c1ccccc1Nc1ccccc1,1
NC(N)=O,OS(=O)(=O)C(F)(F)F,1
CCCCCCCCCCOc1ccc(cc1)C=Cc1ccncc1,Fc1c(F)c(F)c(I)c(F)c1F,1
Cc1ccnc(N)n1,OC(=O)c1ccccc1N(=O)=O,1
Cc1ccnc(N)n1,OC(=O)c1ccc(O)cc1,1
Cc1ccnc(N)n1,OC(=O)c1ccccc1Cl,1
Cc1ccccc1C(O)=O,ON=Cc1ccnc2ccccc12,1
COc1cc2Cc3cc(OC)c(OC)cc3Cc3cc(OC)c(OC)cc3Cc2cc1OC,N#CC(C#N)=C(C#N)C#N,1
O=C1CC(=O)NC(=S)N1,OC1=CC(=O)NC(=S)N1,1
Cc1cc(O)c2C(=C3C(=O)C4C(O)C5C6C(O)C(C(=C7C(=O)c8c(O)cc(C)c(O)c8C(=O)C467)O)C35C(=O)c2c1O)O,Cc1cc(O)c2C(=C3C(=O)C4C(O)C5C6C(O)C(C(=C7C(=O)c8c(O)cc(C)cc8C(=O)C467)O)C35C(=O)c2c1)O,1
C1Cc2ccc(CCCc3ccc(C1)cc3)cc2,N#CC(C#N)=C(C#N)C#N,1
CCCCOC(=O)c1ccc(O)cc1,NC(=O)c1ccncc1,1
O=C(NCc1cccnc1)C(=O)NCc1cccnc1,OC(=O)c1ccc(cc1)N(=O)=O,1
NC(=O)c1ccc(O)cc1,Nc1ccc(C(O)=O)c(O)c1,1
NC(=O)c1ccc(O)cc1,OC(=O)c1ccccc1O,1
O=C1NC=CC=C1,OC(C(O)=O)C(O)=O,1
c1ccc2c(c1)c(C=Cc1cccnc1)c1ccccc1c2C=Cc1cccnc1,Fc1c(F)c(I)c(F)c(F)c1I,1
C1CN2CCN1CC2,Cc1cc(O)cc(O)c1,1
CCOC(=O)NC(=S)Nc1ccccc1NC(=S)NC(=O)OCC,O=C(c1ccccn1)c1ccccn1,1
CCOC(=O)NC(=S)Nc1ccccc1NC(=S)NC(=O)OCC,O=C(c1ccccc1)c1ccccn1,1
CCOC(=O)NC(=S)Nc1ccccc1NC(=S)NC(=O)OCC,O=C(c1ccccc1)c1cccnc1,1
c1ccc(cc1)c1ccccc1,CCOC(=O)NC(=S)Nc1ccccc1NC(=S)NC(=O)OCC,1
C[n+]1cccc(c1)C(=O)[O-],OC1=C(O)C(=O)C1=O,1
Cc1ccc(cc1)C(O)(C1OC(C)(C)OC1C(O)(c1ccc(C)cc1)c1ccc(C)cc1)c1ccc(C)cc1,COC1CCCCC1O,1
CC(O)C(O)=O,Cc1ccc(cc1)C(O)(C1OC2(CCCCC2)OC1C(O)(c1ccc(C)cc1)c1ccc(C)cc1)c1ccc(C)cc1,1
CC(O)C(O)(c1ccccc1)c1ccccc1,CS(=O)c1ccccc1,1
CCCN1c2ccccc2N=C2C(=O)NC(=O)N=C12,Oc1cc2ccccc2cc1O,1
CC(C)CCOC(C)=O,OC(=O)c1cc(O)cc(c1)C(O)=O,1
CC(C)=CCCC(C)=CC=O,OC(=O)c1cc(O)cc(c1)C(O)=O,1
CC1(C)C2CCC1(C)C(=O)C2,OC(=O)c1cc(O)cc(c1)C(O)=O,1
Fc1c(F)c(I)c(F)c(F)c1I,Nc1cnccn1,1
Fc1c(F)c(I)c(F)c(F)c1I,Nc1cnc(Br)cn1,1
Fc1c(F)c(I)c(F)c(F)c1I,Nc1ncc(Br)nc1Br,1
c1cc(ccn1)c1ccncc1,CCN(C(=O)N(CC)c1ccc(cc1)C(O)=O)c1ccc(cc1)C(O)=O,1
CCCN,OC(c1ccccc1)(c1cccc2ccccc12)c1cccc2ccccc12,1
COc1ccc2cc(ccc2c1)C(C)C(O)=O,NC(=O)c1ccncc1,1
CCCNCCC,OC(c1ccccc1)(c1cccc2ccccc12)c1cccc2ccccc12,1
NC(=O)c1ccncc1,OC(=O)C1=CC(=NN1)C(O)=O,1
c1ccc2c(c1)ccc1ccccc21,ClC1=C(Cl)C(=O)C(=C(C#N)C1=O)C#N,1
c1cc(ccn1)c1ccncc1,NC1=NNC(=S)S1,1
c1cc(ccn1)N=Nc1ccncc1,OC(=O)C12CC3CC(C1)CC(C3)(C2)C(O)=O,1
C(Cc1ccncc1)Cc1ccncc1,OC(=O)C12CC3CC(C1)CC(C3)(C2)C(O)=O,1
c1cnc2c(c1)ccc1ncccc21,OC(=O)C12CC3CC(C1)CC(C3)(C2)C(O)=O,1
[O-][n+]1ccccc1C=Cc1cccc[n+]1[O-],OC(=O)C12CC3CC(C1)CC(C3)(C2)C(O)=O,1
NC(N)=O,O=C1NC(=O)NC(=O)N1,1
Nc1cccc(c1)C(O)=O,O=N(=O)c1cccc2ncccc12,1
Nc1ccc(cc1)C(O)=O,O=N(=O)c1cccc2ncccc12,1
O=C1CCC=C1,OC(c1ccccc1)(c1ccccc1)c1cccc(c1)c1cccc(c1)C(O)(c1ccccc1)c1ccccc1,1
Nc1ccccc1C(O)=O,O=N(=O)c1cccc2cnccc12,1
Nc1ccc(cc1)C(O)=O,O=N(=O)c1cccc2cnccc12,1
NC(=O)c1cccnc1,O=C([O-])c1[nH+]cccc1,1
NC(=O)c1ccncc1,OC(=O)c1ccccn1,1
NC(=O)c1cnccn1,OC1=C(O)C(=O)C1=O,1
Cc1ccc2cc(C)ccc2c1,O=C1c2cc(ccc2c2c1cc(cc2N(=O)=O)N(=O)=O)N(=O)=O,1
Cc1ccc2ccc(C)cc2c1,O=C1c2cc(ccc2c2c1cc(cc2N(=O)=O)N(=O)=O)N(=O)=O,1
CN1C(=O)C(=Nc2ccccc2)c2ccccc12,CN1C(=O)C(=O)c2ccccc12,1
CC(CC(O)=O)C1CCC2C3C(O)CC4CC(O)CCC4(C)C3CC(O)C12C,O=C1CCCc2ccccc12,1
COc1nc(OC)nc(OC)n1,Oc1ccc(cc1)c1cc(cc(c1)c1ccc(O)cc1)c1ccc(O)cc1,1
CN(C)P(=O)(N(C)C)N(C)C,Fc1c(F)c(Br)c(F)c(Br)c1F,1
CN1CCCN(C)C1=O,NC1=Nc2ccccc2S1,1
CCc1cc(O)c(c(CC)c1)c1c(CBr)ccc2ccccc12,O=P(c1ccccc1)(c1ccccc1)c1ccccc1,1
N#Cc1ccncc1,OC(=O)C(O)=O,1
Cc1cc(C)nc(NS(=O)(=O)c2ccc(N)cc2)n1,OC(=O)c1ccc(cc1)N(=O)=O,1
C1CC2=C(Nc3c2ccc2cccnc32)c2nc3c(CCC4=C3Nc3c4ccc4cccnc34)cc12,O=C1NCCN1,1
OC(=O)C=CC(O)=O,OCCOCC[N+]1([O-])CCN(CC1)C1=Nc2ccccc2Sc2ccccc12,1
c1ccc2c(c1)ccc1ccc3ccc4ccc5ccccc5c4c3c21,FC1=C(F)C(C(=C(F)C1=C(C#N)C#N)F)=C(C#N)C#N,1
c1ccc2c(c1)ccc1ccc3ccc4ccc5ccccc5c4c3c21,CC1=CC(C(=CC1=C(C#N)C#N)C)=C(C#N)C#N,1
c1cc(ccn1)C=Cc1ccncc1,OC(=O)CC1NC(=O)C(CC(O)=O)NC1=O,1
c1cc2ccc3cccc4ccc(c1)c2c34,CN1C(=O)c2cc3C(=O)N(C)C(=O)c3cc2C1=O,1
CC(CCC(O)=O)C1CCC2C3C(O)CC4CC(O)CCC4(C)C3CC(O)C12C,S(Sc1ccccc1)c1ccccc1,1
CN1CCN(CCCN2c3ccccc3Sc3ccc(Cl)cc23)CC1,CS(O)(=O)=O,1
CC(=C)C1C2OC(=O)C1C1(O)CC3OC43C(=O)OC2C14C,CC(C)(O)C1C2OC(=O)C1C1(O)CC3OC43C(=O)OC2C14C,1
N#Cc1cc(C#N)c(cc1C#N)C#N,Nc1ccc(N)cc1,1
C1CCC(NC1)C12CC(C=C3CCCNC13)C1CCCCN1C2,C1CCC(NC1)C12CC(CC3CCCNC13)C1CCCCN1C2,1
NC(=O)c1cccnc1,Oc1ccc(cc1)C=Cc1cc(O)cc(O)c1,1
NC(=O)c1ccncc1,Oc1ccc(cc1)C=Cc1cc(O)cc(O)c1,1
O=C([O-])C1[NH2+]CCC1,Oc1ccc(cc1)C=Cc1cc(O)cc(O)c1,1
COc1cc(OC)nc(SC)n1,OC(=O)c1ccc(O)cc1,1
Nc1cc(Cl)nc(N)n1,OC(=O)c1ccccc1,1
c1cc(ccn1)c1ccncc1,OC(=O)c1ccccc1Nc1ccccc1,1
Fc1c(F)c(I)c(F)c(F)c1I,O=S(c1ccccc1)c1ccccc1,1
Cc1ccc(cc1)S(=O)c1ccccc1,Fc1c(F)c(I)c(F)c(F)c1I,1
COc1ccccc1S(=O)c1ccccc1,Fc1c(F)c(I)c(F)c(F)c1I,1
Fc1c(F)c(I)c(F)c(F)c1I,O=S1c2ccccc2Sc2ccccc12,1
Fc1c(F)c(I)c(F)c(F)c1I,O=S(CCc1ccccc1)CCc1ccccc1,1
c1cc(ccn1)c1ccncc1,OC(=O)c1cc(c2ccccc2)c(C(O)=O)c(c1)c1ccccc1,1
CC1(C)C2CCC(C)(C2)C1=O,OC1(c2ccccc2c2ccccc12)c1ccccc1c1ccccc1C1(O)c2ccccc2c2ccccc12,1
C1COCCOCCOCCOCCOCCO1,Nc1nc(F)c(F)c(N)c1F,1
C1COCCOCCOCCOCCOCCO1,Nc1cc(F)nc(N)c1F,1
C1COCCOCCOCCOCCOCCO1,Nc1nc(F)c(Cl)c(N)c1Cl,1
C1COCCOCCOCCOCCOCCO1,Nc1nc(N)c(F)cc1F,1
NNC(=O)c1ccncc1,OC(=O)C=Cc1ccc(O)cc1,1
COC(C(C=C)C(C)C(O)C(C)C)c1ccccc1,Oc1ccccc1,1
CC(CCC(O)=O)C1CCC2C3C(O)CC4CC(O)CCC4(C)C3CC(O)C12C,Cc1cccc(C)c1C,1
CC(CCC(O)=O)C1CCC2C3C(O)CC4CC(O)CCC4(C)C3CC(O)C12C,Cc1cccc(Cl)c1C,1
CC(CCC(O)=O)C1CCC2C3C(O)CC4CC(O)CCC4(C)C3CC(O)C12C,Cc1cccc(Cl)c1Cl,1
CC(CCC(O)=O)C1CCC2C3C(O)CC4CC(O)CCC4(C)C3CC(O)C12C,Cc1cccc(N)c1C,1
CC(CCC(O)=O)C1CCC2C3C(O)CC4CC(O)CCC4(C)C3CC(O)C12C,Cc1ccc(C)c(C)c1,1
CC(CCC(O)=O)C1CCC2C3C(O)CC4CC(O)CCC4(C)C3CC(O)C12C,Cc1ccc(Cl)cc1Cl,1
CC(CCC(O)=O)C1CCC2C3C(O)CC4CC(O)CCC4(C)C3CC(O)C12C,Cc1ccc(Cl)c(Cl)c1,1
CC(CCC(O)=O)C1CCC2C3C(O)CC4CC(O)CCC4(C)C3CC(O)C12C,Cc1ccc(Br)cc1C,1
CC(CCC(O)=O)C1CCC2C3CCC4CC(O)CCC4(C)C3CC(O)C12C,Cc1cccc(C)c1C,1
O=C1NC=CC=C1N(=O)=O,OC(=O)c1cc(O)ccc1O,1
O=C([O-])c1c[nH+]ccc1,OC(=O)c1cc(O)ccc1O,1
NC(=O)c1cccnc1,OC(=O)c1cc(O)ccc1O,1
COC(=O)c1cccnc1,OC(=O)c1cc(O)ccc1O,1
N#Cc1ccncc1,OC(=O)c1cc(O)ccc1O,1
BrC1=CNN=C1,OC(=O)c1cc(cc(c1)N(=O)=O)N(=O)=O,1
IC1=CNN=C1,OC(=O)c1ccc(cc1)[N+]#[C-],1
IC1=CNN=C1,OC(=O)c1cc(cc(c1)N(=O)=O)N(=O)=O,1
CC1=C(Cl)C(=NN1)C,COc1cc(ccc1O)C(O)=O,1
CC1=C(Cl)C(=NN1)C,OC(=O)c1cc(cc(c1)N(=O)=O)N(=O)=O,1
CC1=C(Br)C(=NN1)C,OC(=O)c1cc(cc(c1)N(=O)=O)N(=O)=O,1
COC(=O)C(=O)OC,NC(N)=S,1
CC(CCC(O)=O)C1CCC2C3C(O)CC4CC(O)CCC4(C)C3CC(O)C12C,Cc1c(Cl)cccc1Cl,1
C=CC#N,CC(CCC(O)=O)C1CCC2C3C(O)CC4CC(O)CCC4(C)C3CC(O)C12C,1
c1ccc2c(c1)ccc1ccccc21,O=C1OC(=O)c2cc3C(=O)OC(=O)c3cc12,1
C=CC=CC=C,CC1(C)C2(C)CCC1(OC2=O)C(=O)N1C(=O)C2(CCCC(=O)C2)c2ccccc12,1
CCCCCCCCCCCCCCCCCC(O)=O,NC(=O)c1cccnc1,1
O(c1cccnc1)P1(=NP(=NP2(=N1)Oc1ccccc1c1ccccc1O2)(Oc1cccnc1)Oc1cccnc1)Oc1cccnc1,O(c1cccnc1)P1(=NP2(=NP(=N1)(Oc1cccnc1)Oc1cccnc1)Oc1ccccc1c1ccccc1O2)Oc1cccnc1,1
Cc1cc(nc(N)n1)c1cccnc1,OC(=O)c1ccc(cc1)N(=O)=O,1
Cc1cc(nc(N)n1)c1cccnc1,OC(=O)c1ccc(O)cc1,1
CN(C)c1ccc(cc1)C(O)=O,COc1ccc(cn1)c1cc(C)nc(N)n1,1
Cc1c(C)c(C)c(c(C)c1C)C(O)=O,COc1ccc(cn1)c1cc(C)nc(N)n1,1
COc1cncc(c1)C#Cc1cc(C)nc(N)n1,OC(=O)c1cc(cc(c1)N(=O)=O)N(=O)=O,1
COc1cncc(c1)C#Cc1cc(C)nc(N)n1,OC(=O)c1ccc(cc1)N(=O)=O,1
CN(C)c1cccc(c1)C(O)=O,COc1cncc(c1)C#Cc1cc(C)nc(N)n1,1
c1cc2cccc3c4cccc5cccc(c(c1)c23)c45,FC1=C(F)C(=O)C(=C(F)C1=O)F,1
c1cncc(c1)c1cc(c2cccnc2)c(cc1c1cccnc1)c1cccnc1,Fc1c(F)c(F)c(I)c(I)c1F,1
c1cc2cccc3c4cccc5cccc(c(c1)c23)c45,ClC1=C(Br)C(=O)C(=C(Br)C1=O)Cl,1
c1cc2cccc3c4cccc5cccc(c(c1)c23)c45,O=C1OC(=O)c2cc3C(=O)OC(=O)c3cc12,1
c1cc2cccc3c4cccc5cccc(c(c1)c23)c45,N#CC(C#N)=C(C#N)C#N,1
O=C1CC(N1)OC(=O)c1ccccc1,OC(C1OC2(CCCCC2)OC1C(O)(c1ccccc1)c1ccccc1)(c1ccccc1)c1ccccc1,1
CN(C)c1ccc(cc1)N=Nc1c(F)c(F)c(I)c(F)c1F,COc1ccc(cc1)C=Cc1ccncc1,1
COc1ccc(cc1)C1=NN(C(C1)c1ccc2ccc3cccc4ccc1c2c34)C(C)=O,Oc1ccccc1,1
CC1(C)CC(=O)C2=C(C1)NN=C2,CC1(C)CC(=O)C2=CNN=C2C1,1
N1N=C(NN=C1c1cnccn1)c1cnccn1,OC(=O)c1cccc(c1)C(O)=O,1
O=C1C2CCCN2C(=O)C2CCCN12,Oc1ccc2ccccc2c1c1c(O)ccc2ccccc12,1
C[N+](C)(C)[O-],Cc1cc(C)c(c(C)c1)c1cc(cc(c2c(C)cc(C)cc2C)c1P(O)=O)C(C)(C)C,1
c1cc(ccn1)N=Nc1ccncc1,ON=Cc1c(F)c(F)c(Br)c(F)c1F,1
c1cc(ccn1)N=Nc1ccncc1,ON=Cc1c(F)c(F)c(I)c(F)c1F,1
c1cc(ccn1)N=Nc1ccncc1,Oc1c(F)c(F)c(Br)c(F)c1F,1
c1cc(ccn1)N=Nc1ccncc1,Oc1c(F)c(F)c(I)c(F)c1F,1
c1cncc(c1)N=Nc1cccnc1,ON=Cc1c(F)c(F)c(Br)c(F)c1F,1
c1cncc(c1)N=Nc1cccnc1,ON=Cc1c(F)c(F)c(I)c(F)c1F,1
c1cncc(c1)N=Nc1cccnc1,Oc1c(F)c(F)c(Br)c(F)c1F,1
c1cncc(c1)N=Nc1cccnc1,Oc1c(F)c(F)c(I)c(F)c1F,1
c1cncc(c1)N=Nc1cccnc1,OC(=O)c1c(F)c(F)c(Br)c(F)c1F,1
c1cncc(c1)c1ccc(cc1)C(c1ccc(cc1)c1cccnc1)=C(c1ccc(cc1)c1cccnc1)c1ccc(cc1)c1cccnc1,Fc1c(F)c(I)c(F)c(F)c1I,1
O=C(C=Cc1ccccc1)C=Cc1ccccc1,O=N(=O)c1cc(cc(c1)N(=O)=O)N(=O)=O,1
c1cc(ccn1)C=Cc1ccncc1,Nc1ccc(C(O)=O)c(O)c1,1
c1cc(ccn1)c1ccncc1,Nc1ccc(C(O)=O)c(O)c1,1
CN1[N+](=C(C(=O)[N-]c2ccc(cc2)C(F)(F)F)c2ccccc12)C,FC(F)(F)c1ccc(NC(=O)Nc2ccc(cc2)C(F)(F)F)cc1,1
O=C1NCCN1,OC(=O)c1cc(ccc1O)N(=O)=O,1
Cc1cncc(C)n1,OC1=C(Cl)C(=O)C(=C(Cl)C1=O)O,1
O=C1C=CC(=O)C=C1,Oc1ccccc1,1
O=C1C=CC(=O)C=C1,Oc1cc(O)cc(O)c1,1
N1c2ccccc2Sc2ccccc12,O=N(=O)c1cc(cc(c1)N(=O)=O)N(=O)=O,1
Cc1ccccc1N,Cc1ccccc1NN=Nc1ccccc1C,1
CN(C)c1ccc(cc1)C(O)=O,OC(=O)C=Cc1cc(cc(c1)N(=O)=O)N(=O)=O,1
CN(C)c1ccc(C=CC(O)=O)cc1,OC(=O)C=Cc1cc(cc(c1)N(=O)=O)N(=O)=O,1
CN1C(=O)N(C)C2=C(NC=N2)C1=O,O=C1CCCN1,1
CC1(C)Oc2ccc3C=CC(=O)Oc3c2C=C1,NC(N)=S,1
CCCCCC(O)=O,COC(=O)NC1=Nc2ccc(cc2N1)C(=O)c1ccccc1,1
CCCCC(O)=O,COC(=O)NC1=Nc2ccc(cc2N1)C(=O)c1ccccc1,1
CCCC(O)=O,COC(=O)NC1=Nc2ccc(cc2N1)C(=O)c1ccccc1,1
COc1ccc(C=[NH+]c2ccccc2O)cc1[O-],COc1ccc(C=Nc2ccccc2O)cc1O,1
CCc1ccc2cc(CC)ccc2c1,NC(N)=S,1
C(Oc1ccncc1)C(COc1ccncc1)(COc1ccncc1)COc1ccncc1,FC(F)(I)C(F)(F)C(F)(F)C(F)(F)C(F)(F)C(F)(F)I,1
CSC1=Cc2ccc3SC(=Cc4ccc(S1)c2c34)SC,N#CC(C#N)=C1C=CC2=CC(C=CC2=C1)=C(C#N)C#N,1
CC(O)C(C)(C)C,COc1cc2N3C4C5C(CC3=O)OCC=C3CN6CCC4(C6CC53)c2cc1OC,1
CC(C)C(O)C(C)C,COc1cc2N3C4C5C(CC3=O)OCC=C3CN6CCC4(C6CC53)c2cc1OC,1
CCC(C)(O)CC,COc1cc2N3C4C5C(CC3=O)OCC=C3CN6CCC4(C6CC53)c2cc1OC,1
Brc1cc2cc(c1)C(=O)NCc1ccc(CNC(=O)c3cc(Br)cc(c3)C(=O)NCc3ccc(CNC2=O)cc3)cc1,CC(N1C(=O)C(CC(=O)N(Cc2ccccc2)Cc2ccccc2)C1(C)c1ccccc1)c1ccccc1,1
CCN(CC)c1ccc2c(OC3=CC(C=CC3=C2c2ccccc2C(=O)[O-])=[N+](CC)CC)c1,CCOC(=O)c1cc(O)c(O)c(O)c1,1
CCN(CC)c1ccc2c(OC3=CC(C=CC3=C2c2ccccc2C(=O)[O-])=[N+](CC)CC)c1,CCOC(=O)c1ccc(O)c(O)c1,1
CCN(CC)c1ccc2c(OC3=CC(C=CC3=C2c2ccccc2C(=O)[O-])=[N+](CC)CC)c1,Oc1ccc(cc1)C(=O)c1ccccc1,1
C1N2CN3CN1CN(C2)C3,Oc1ccc2ccc(O)cc2c1,1
COc1ccc(OCCCN(C)CCOc2ccc3OCOc3c2)c(c1)C1Sc2ccccc2N(C)C1=O,OC(C(O)=O)c1ccccc1,1
O=P(c1ccccc1)(c1ccccc1)c1ccccc1,Oc1cc(O)c2C(=O)C(=C(Oc2c1)c1cc(O)c(O)c(O)c1)O,1
OC(=O)c1cc(C(O)=O)c(O)c(c1)C(O)=O,OC(=O)c1ccc(cc1)N1C=CN=C1,1
Ic1ccc(I)cc1,NC(=O)c1cc(cc(c1)N(=O)=O)N(=O)=O,1
NC(=O)c1ccc(cc1)N(=O)=O,OC(=O)c1ccccc1,1
NC(=O)c1ccc(cc1)N(=O)=O,OC(=O)CCCCC(O)=O,1
Ic1ccc(I)cc1,NC(=O)c1ccc(cc1)N(=O)=O,1
CC(C)=NNC(N)=S,CCOC(=O)C1=C(C)C(=C(N1)C=O)C,1
N#CC(C#N)=C1C=CC(C=C1)=C(C#N)C#N,O1c2cccc3ccc4Oc5cccc6ccc1c(c56)c4c23,1
CCOC(=O)N=C=S,CCOC(=O)NC(=S)SC1(NC(=O)OCC)SC(S1)=NC(=O)OCC,1
NC1=NC(=O)NC=C1F,NNC(=O)c1ccncc1,1
c1cc2ccc3cccc4ccc(c1)c2c34,Clc1c(Cl)c(Cl)c(C#N)c(C#N)c1Cl,1
c1cc(ccn1)c1ccncc1,Fc1c(F)c(N=Nc2c(F)c(F)c(I)c(F)c2F)c(F)c(F)c1I,1
CCN(=O)=O,COc1cc(OC)c2C(=O)C3(Oc2c1Cl)C(C)CC(=O)C=C3OC,1
CC=CCC(C=C(C)O)c1ccc(F)cc1,CC=CCC(NC(C)=O)c1ccc(F)cc1,1
Cc1cccc2c1Sc1c(C)cccc21,Oc1c2C(=O)c3c(O)c(cc(c3C(=O)c2c(cc1N(=O)=O)N(=O)=O)N(=O)=O)N(=O)=O,1
Nc1ccc(cc1)C(O)=O,NS(=O)(=O)c1cc2c(NCNS2(=O)=O)cc1Cl,1
NC(=O)c1ccncc1,OC(=O)c1c(F)cc(F)cc1F,1
NC(=O)c1ccncc1,OC(=O)c1ccc(F)c(F)c1F,1
NC(=O)c1ccncc1,OC(=O)c1cc(F)c(F)cc1F,1
NC(=O)c1ccncc1,OC(=O)c1c(F)cccc1F,1
NC(=O)c1ccncc1,OC(=O)c1cc(F)c(F)c(F)c1,1
NC(=O)c1ccncc1,OC(=O)c1cc(F)cc(F)c1,1
NS(=O)(=O)c1cc2c(NCNS2(=O)=O)cc1Cl,O=C([O-])c1c[nH+]ccc1,1
NC(=O)c1cccnc1,NS(=O)(=O)c1cc2c(NCNS2(=O)=O)cc1Cl,1
NC(=O)CCC(N)=O,NS(=O)(=O)c1cc2c(NCNS2(=O)=O)cc1Cl,1
Nc1ccc(N)cc1,Oc1ccc(O)cc1,1
Nc1ccc(cc1)c1ccc(N)cc1,Oc1ccc(O)cc1,1
Nc1ccc(N)cc1,Oc1ccc(cc1)c1ccc(O)cc1,1
Nc1ccc(cc1)c1ccc(N)cc1,Oc1ccc(cc1)c1ccc(O)cc1,1
CC(C)=Nc1ccc(cc1)N=C(C)C,Oc1ccc(O)cc1,1
C(C1=Nc2ccccc2N1)C1=Nc2ccccc2N1,O=C(C1=Nc2ccccc2N1)C1=Nc2ccccc2N1,1
CC(C)(C)OC(=O)C#CC(=O)OC(C)(C)C,CC(C)C1=CC=C(C)C2=C(C(=O)OC(C)(C)C)C(=CC=C(C)C2=C1)C(=O)OC(C)(C)C,1
O=C1C=CC2=C(C=C1)C(=O)C1=C(C=CC(=O)C=C1)C2=O,S1C=CSC1=C1SC=CS1,1
CC(CCC(O)=O)C1CCC2C3C(O)CC4CC(O)CCC4(C)C3CC(O)C12C,CCOC(=O)CC,1
OC1(c2ccccc2c2ccccc2C2(O)c3cc(Cl)ccc3c3ccc(Cl)cc23)c2cc(Cl)ccc2c2ccc(Cl)cc12,OC1CCCC1,1
COc1ccc(cn1)c1cc(cnc1N)c1ccc(cc1)S(C)(=O)=O,OC(=O)CCCCC(O)=O,1
CC(C)(C)Nc1nc(N)nc(NC(C)(C)C)n1,CCC1(CC(F)(F)F)C(=O)NC(=O)NC1=O,1
CC(C)(C)Nc1nc(N)nc(NC(C)(C)C)n1,CC1(C)C(=O)NC(=O)NC1=O,1
CC(C)(C)Nc1nc(N)nc(NC(C)(C)C)n1,O=C1NC(=O)C(C(=O)N1)(c1ccccc1)c1ccccc1,1
c1ccc2cc3ccccc3cc2c1,CN1C(=O)c2cc3C(=O)N(C)C(=O)c3cc2C1=O,1
CC1=CC(=O)N(N1)c1ccccc1,CC1=NN(C(=C1)O)c1ccccc1,1
CCN1C=Nc2c(N)ncnc12,Fc1c(F)c(I)c(F)c(F)c1I,1
COc1cc2OC(=O)C=Cc2cc1OC,O=C1CCC(=O)N1,1
COc1cc2OC(=O)C=Cc2cc1OC,OC(=O)c1cc(F)cc(F)c1,1
CCc1nc(N)nc(N)c1c1ccc(Cl)cc1,COc1cc2OC(=O)C=Cc2cc1OC,1
COc1cc2OC(=O)C=Cc2cc1OC,NC(N)=O,1
Nc1nc(N)nc(n1)c1ccccc1,O=C1CCCC(=O)N1,1
Cc1ccc(cc1)c1nc(N)nc(N)n1,O=C1CCCC(=O)N1,1
Nc1nc(N)nc(n1)N1CCCCC1,O=C1CCCC(=O)N1,1
Cc1cc(C)c(C)cc1C,FC1=C(F)C(=O)C(=C(F)C1=O)F,1
c1ccc2ccccc2c1,FC1=C(F)C(=O)C(=C(F)C1=O)F,1
COc1cc(C=O)ccc1O,Nc1ncncc1c1ccccc1,1
c1cnccn1,CCCCCCCCCCCCOc1cc(cc(c1)C(O)=O)C(O)=O,1
c1cncnc1,CCCCCCCCCCCCCCCCOc1cc(cc(c1)C(O)=O)C(O)=O,1
c1ccc2c(c1)cnc1ccccc21,OC(=O)CC1=CNc2ccccc12,1
C[N+]1(CCCCC1)CC(=O)[O-],OC(C(O)C(O)=O)C(O)=O,1
N1C=Nc2ccccc12,OC(=O)CCN1C(=O)c2ccccc2C1=O,1
CN1C=CC=C1C(O)=O,O=P(c1ccccc1)(c1ccccc1)c1ccccc1,1
NC1=NC2=NC(=NC3=NC(=NC(=N1)N23)N)N,Nc1nc(N)nc(Nc2nc(N)nc(N)n2)n1,1
CC(C)c1cc(C(C)C)c(C(=O)c2ccc(cc2)C(O)=O)c(c1)C(C)C,O=C([O-])C1[NH2+]CCC1,1
O=C1NCc2ccc(Oc3ccc(CNC(=O)NCc4ccc(Oc5ccc(CN1)cc5)cc4)cc3)cc2,OC(=O)C(Cl)Cl,1
O=C1C(CCCC1=Cc1ccncc1)=Cc1ccncc1,Oc1cccc(O)c1,1
O=C1C(CCCC1=Cc1ccncc1)=Cc1ccncc1,Oc1cc(O)cc(O)c1,1
CN1CC(=Cc2ccncc2)C(=O)C(C1)=Cc1ccncc1,Oc1cc(O)cc(O)c1,1
c1cc2cccc3c4cccc5cccc(c(c1)c23)c45,O=C1N(C2CCCCC2)C(=O)c2ccc3c4ccc5C(=O)N(C6CCCCC6)C(=O)c6ccc(c7ccc1c2c37)c4c56,1
C1COCCOCCOCCOCCOCCO1,CS(=O)(=O)NS(C)(=O)=O,1
CCCCCCCCCCCCN1C=C(C)C(=O)NC1=O,CCCCCCCCCCCCN1C=Nc2c(N)ncnc12,1
Cc1ccccc1C(O)(C1OC(C)(C)OC1C(O)(c1ccccc1C)c1ccccc1C)c1ccccc1C,COC1OC(=O)C=C1,1
C1CCNCC1,OC(C1OC(OC1C(O)(c1ccccc1)c1ccccc1)(c1ccccc1)c1ccccc1)(c1ccccc1)c1ccccc1,1
CC(C)(C)CC(C)(C)NC(=O)NC1=NC2=C(C=CN2CC2CCCCC2)C(=O)N1,CCCCCCC(=O)Nc1ccc2ccc(NC(=O)CCCCCC)nc2n1,1
CN1C=NC2=C1C(=O)NC(=O)N2C,OC(=O)c1cccc(O)c1,1
Cc1ccc(nc1)c1ccc(C)cn1,OC1=C(Br)C(=O)C(=C(Br)C1=O)O,1
c1cc(ccn1)c1ccncc1,Cc1ccc(cc1)C1=CC(=NN1c1ccc(cc1)S(N)(=O)=O)C(F)(F)F,1
c1cc(ccn1)C=Cc1ccncc1,Cc1ccc(cc1)C1=CC(=NN1c1ccc(cc1)S(N)(=O)=O)C(F)(F)F,1
C(Cc1ccncc1)c1ccncc1,Cc1ccc(cc1)C1=CC(=NN1c1ccc(cc1)S(N)(=O)=O)C(F)(F)F,1
c1cc(ccn1)c1ccncc1,CC(c1ccc(O)cc1)(c1ccc(O)cc1)c1ccc(O)cc1,1
CN1C=NC2=C1C(=O)N(C)C(=O)N2C,Nc1cc(cc(c1)C(O)=O)C(O)=O,1
[NH3+]C(CC)C(=O)[O-],[NH3+]C(Cc1ccccc1)C(=O)[O-],1
[NH3+]C(Cc1ccccc1)C(=O)[O-],[NH3+]C(CCC)C(=O)[O-],1
[NH3+]C(Cc1ccccc1)C(=O)[O-],[NH3+]C(CCSC)C(=O)[O-],1
[NH3+]C(CC(C)C)C(=O)[O-],[NH3+]C(Cc1ccccc1)C(=O)[O-],1
[NH3+]C(C(C)CC)C(=O)[O-],[NH3+]C(Cc1ccccc1)C(=O)[O-],1
c1cc(ccn1)C=Cc1ccncc1,Fc1cc(F)c(F)c(I)c1F,1
c1cc(ccn1)C#Cc1ccncc1,Fc1cc(F)c(F)c(I)c1F,1
c1cc(ccn1)c1ccncc1,Fc1cc(F)c(F)c(Br)c1F,1
c1cc(ccn1)C=Cc1ccncc1,Fc1cc(F)c(F)c(Br)c1F,1
c1cc(ccn1)C#Cc1ccncc1,Fc1cc(F)c(F)c(Br)c1F,1
Fc1c(F)c(I)c(F)c(F)c1I,O=C(NCc1ccccn1)C(=O)NCc1ccccn1,1
Fc1c(F)c(F)c(I)c(I)c1F,O=C(NCc1cccnc1)C(=O)NCc1cccnc1,1
Fc1c(F)c(I)c(F)c(I)c1F,O=C(NCc1cccnc1)C(=O)NCc1cccnc1,1
Fc1c(F)c(F)c(I)c(I)c1F,O=C(NCc1ccncc1)C(=O)NCc1ccncc1,1
Fc1c(F)c(I)c(F)c(I)c1F,O=C(NCc1ccncc1)C(=O)NCc1ccncc1,1
Fc1c(F)c(I)c(F)c(F)c1I,O=C(NCc1ccncc1)C(=O)NCc1ccncc1,1
Fc1c(F)c(I)c(F)c(I)c1F,O=C(NCc1ccccn1)C(=O)NCc1ccccn1,1
CCN(C(C)C)C(=O)C(=O)c1ccccc1,OC(C1OC2(CCCCC2)OC1C(O)(c1ccccc1)c1ccccc1)(c1ccccc1)c1ccccc1,1
CC(=O)Oc1ccc(cc1)C=Cc1ccncc1,Oc1cc(O)c(I)cc1I,1
CC(=O)Oc1ccc(cc1)C1C(C(C1c1ccc(OC(C)=O)cc1)c1ccncc1)c1ccncc1,Oc1cc(O)c(I)cc1I,1
CC(CCC(O)=O)C1CCC2C3C(O)CC4CC(O)CCC4(C)C3CC(O)C12C,CCC(=O)c1ccccc1,1
CC(CCC(O)=O)C1CCC2C3C(O)CC4CC(O)CCC4(C)C3CC(O)C12C,CCC(=O)c1ccc(F)cc1,1
CC(=O)C1CCC2C3CCC4=CC(=O)CCC4(C)C3CCC12C,Oc1cccc(O)c1,1
N#CC(C#N)=C1C=CC(C=C1)=C(C#N)C#N,N1c2ccccc2Sc2ccccc12,1
c1cc(ccn1)c1ccncc1,OC(=O)c1c(F)c(F)c(F)c(F)c1F,1
c1cc(ccn1)c1ccncc1,OC(=O)c1ccc2C(=O)OC(=O)c3ccc(C(O)=O)c1c23,1
Cc1cncc(C)c1,OC(=O)c1cc(cc(c1)N(=O)=O)N(=O)=O,1
Cc1cc(C)nc(N)n1,Nc1ccccc1C(O)=O,1
c1cc(ccn1)c1ccncc1,OC(=O)c1cccc(c1)N(=O)=O,1
Nc1ccc(Cl)cn1,OC(=O)c1ccccc1,1
c1cnc2c(c1)ccc1cccnc21,NC1=NC(=O)NC=C1,1
Nc1ccc(Br)cn1,OC(=O)c1ccccc1,1
CC(C)N(C=O)C(C)C,Cc1cccc(NC(=O)c2cc(cc(c2)N(=O)=O)N(=O)=O)c1N1C(=O)c2ccccc2C1=O,1
N#Cc1ccncc1,OC(=O)c1ccccc1,1
C#Cc1ccccc1,c1ccc(cc1)c1c(c2ccccc2)c(c2ccccc2)c(c2ccccc2)c(c2ccccc2)c1c1ccccc1,1
c1cc(ccn1)c1ccncc1,CCCCCCc1cc(C(O)=O)c(CCCCCC)cc1C(O)=O,1
[O-]c1cc[nH+]cc1,Oc1ccc(cc1)N(=O)=O,1
N#CC(C#N)=C1SC(c2nccnc12)=C(C#N)C#N,S1C=CSC1=C1SC=CS1,1
C1Cc2cccc3cccc1c23,Cc1c(c(C)c(c(O)c1N(=O)=O)N(=O)=O)N(=O)=O,1
CN1C=NC2=C1C(=O)N(C)C(=O)N2C,OC(=O)c1cccc(c1)C(O)=O,1
OC1(c2ccccc2c2ccccc12)c1ccccc1c1ccccc1C1(O)c2ccccc2c2ccccc12,OC1CCCCC1,1
CC(=O)Oc1ccccc1,OC1(c2ccccc2c2ccccc12)c1ccccc1c1ccccc1C1(O)c2ccccc2c2ccccc12,1
Nc1ccc(cc1)C(O)=O,OC(=O)c1ccc(O)c(c1)N(=O)=O,1
Ic1ccc(I)cc1,OC(=O)c1cc(cc(c1)N(=O)=O)N(=O)=O,1
Fc1c(F)c(I)c(F)c(F)c1I,O=C1N(Cc2ccccn2)C(=O)c2ccc(N3CCCCC3)c3cccc1c23,1
Fc1c(F)c(I)c(F)c(F)c1I,O=C1N(Cc2cccnc2)C(=O)c2ccc(N3CCCCC3)c3cccc1c23,1
Fc1c(F)c(I)c(F)c(F)c1I,O=C1N(Cc2ccncc2)C(=O)c2ccc(N3CCCCC3)c3cccc1c23,1
c1ccc2nc3ccccc3cc2c1,OC(=O)c1cccc(I)c1,1
c1ccc2nc3ccccc3cc2c1,OC(=O)c1ccccc1,1
c1ccc2nc3ccccc3cc2c1,OC(=O)c1ccccc1I,1
c1ccc2nc3ccccc3cc2c1,OC(=O)c1cccc(Cl)c1,1
c1ccc2nc3ccccc3cc2c1,OC(=O)c1cccc(Br)c1,1
C1CN2CCN1CC2,Oc1ccc(cc1)N(=O)=O,1
c1ccc(nc1)c1ccccn1,Oc1cc(O)cc(O)c1,1
c1ccc(nc1)c1ccccn1,Oc1ccc(cc1)S(=O)(=O)c1ccc(O)cc1,1
CCN(CC)C=O,Oc1ccc(O)cc1,1
COc1ccccc1,Fc1c(F)c(F)c2c(F)c3c(F)c(F)c(F)c(F)c3c(F)c2c1F,1
CC(CCC(O)=O)C1CCC2C3C(O)CC4CC(O)CCC4(C)C3CC(O)C12C,CN(N=O)c1ccccc1,1
CC(CCC(O)=O)C1CCC2C3C(O)CC4CC(O)CCC4(C)C3CC(O)C12C,O=NN(Cc1ccccc1)c1ccccc1,1
Brc1ccc(Oc2nc(Oc3ccc(Br)cc3)nc(Oc3ccc(Br)cc3)n2)cc1,Cc1c(C)c(C)c(C)c(C)c1C,1
ClP1(=NP(=NP2(=N1)NC(CO2)c1ccccc1)(Cl)Cl)Cl,ClP1(=NP2(=NP(=N1)(Cl)Cl)NC(CO2)c1ccccc1)Cl,1
BrC(c1ccccc1)=C(Br)c1ccccc1,c1ccc(cc1)C#Cc1ccccc1,1
Cc1cc(C)cc(N)c1,Oc1ccc2ccccc2c1c1c(O)ccc2ccccc12,1
Cc1cccc(C)c1N,Oc1ccc2ccccc2c1c1c(O)ccc2ccccc12,1
Cc1cccc(N)c1C,Oc1ccc2ccccc2c1c1c(O)ccc2ccccc12,1
c1ccc2c(c1)ccc1ccccc21,Oc1c(cc(cc1N(=O)=O)N(=O)=O)N(=O)=O,1
c1ccc2ccccc2c1,Oc1c(cc(cc1N(=O)=O)N(=O)=O)N(=O)=O,1
c1ccc(cc1)C=Cc1ccccc1,O=C1OC(=O)c2cc3C(=O)OC(=O)c3cc12,1
O=C1NC=CC=C1,Oc1cccc(Cl)n1,1
[O-][n+]1ccccc1,OC(=O)C(Cl)(Cl)Cl,1
Brc1c(cc(cc1N(=O)=O)N(=O)=O)N(=O)=O,c1cc2ccc3cccc4ccc(c1)c2c34,1
c1cc2ccc3cccc4ccc(c1)c2c34,O=C1C=CC(=O)C=C1,1
c1cc2ccc3cccc4ccc(c1)c2c34,N#Cc1cc(C#N)c(cc1C#N)C#N,1
c1cc2ccc3cccc4ccc(c1)c2c34,ClC1=C(Cl)C(=O)C(=C(Cl)C1=O)Cl,1
c1cc2ccc3cccc4ccc(c1)c2c34,N#CC(C#N)=C(C#N)C#N,1
c1cc2ccc3cccc4ccc(c1)c2c34,FC1=C(F)C(=O)C(=C(F)C1=O)F,1
c1cc2ccc3cccc4ccc(c1)c2c34,Oc1c(cc(cc1N(=O)=O)N(=O)=O)N(=O)=O,1
c1cc2ccc3cccc4ccc(c1)c2c34,O=C1OC(=O)c2cc3C(=O)OC(=O)c3cc12,1
c1cc2ccc3cccc4ccc(c1)c2c34,Cc1ccc(cc1)S(=O)(=O)N=C1C=C(Cl)C(=O)C(=C1)Cl,1
CN1c2ccccc2N(C)c2ccccc12,N#CC(C#N)=C1C=CC(C=C1)=C(C#N)C#N,1
c1ccc(nc1)c1ccccn1,FC1=CNC(=O)NC1=O,1
c1cc(ccn1)C1C(C(C1c1ccncc1)c1ccncc1)c1ccncc1,Fc1c(F)c(I)c(F)c(F)c1I,1
FC1=CNC(=O)NC1=O,NC(N)=S,1
C(Oc1ccncc1)C(COc1ccncc1)(COc1ccncc1)COc1ccncc1,Fc1c(F)c(C=Cc2c(F)c(F)c(I)c(F)c2F)c(F)c(F)c1I,1
CCN(CC)C1(O)CCC1,CCNCC,1
BrC1=C(Br)C(=O)C(=C(Br)C1=O)Br,Nc1ccc2ccc3c(N)ccc4ccc1c2c34,1
NC(=O)c1ccccc1,OC(=O)c1ccccc1O,1
CN(C)c1ccc(C=O)cc1,OC(=O)c1cc(cc(c1)N(=O)=O)N(=O)=O,1
NC(=O)c1ccncc1,OC(=O)c1ccccc1O,1
c1ccc(C=Cc2ccncc2)nc1,Oc1ccc(Cl)c(O)c1,1
CC1c2cc(C(C)c3cc(C(C)c4cc(C(C)c5cc1c(O)cc5O)c(O)cc4O)c(O)cc3O)c(O)cc2O,Cc1ccc[n+]([O-])c1,1
CC1c2cc(C(C)c3cc(C(C)c4cc(C(C)c5cc1c(O)cc5O)c(O)cc4O)c(O)cc3O)c(O)cc2O,COc1cc[n+]([O-])cc1,1
[O-][n+]1ccc(cc1)c1ccccc1,CC1c2cc(C(C)c3cc(C(C)c4cc(C(C)c5cc1c(O)cc5O)c(O)cc4O)c(O)cc3O)c(O)cc2O,1
CC(=O)c1c2ccccc2cc2ccccc12,OC(=O)c1c(F)c(F)c(Br)c(F)c1F,1
CC(=O)c1c2ccccc2cc2ccccc12,N#Cc1cc(C#N)c(cc1C#N)C#N,1
CC(=O)c1c2ccccc2cc2ccccc12,Oc1c(F)c(F)c(O)c(F)c1F,1
O=C1CCCC=C1,OC(C#Cc1ccc(cc1)C#CC(O)(c1ccccc1)c1ccccc1Cl)(c1ccccc1)c1ccccc1Cl,1
CC(=O)c1c2ccccc2cc2ccccc12,Fc1c(F)c(F)c2c(F)c(F)c(F)c(F)c2c1F,1
O=C1CCCC2C3CCCC(=O)C3C12,OC(C#Cc1ccc(cc1)C#CC(O)(c1ccccc1)c1ccccc1Cl)(c1ccccc1)c1ccccc1Cl,1
ClC1=C(Cl)C(=O)C(=C(Cl)C1=O)Cl,Nc1cc2ccccc2cc1N,1
COC(=O)C1C2OC(C=C2)C1C(O)=O,NC1=Nc2ccccc2S1,1
c1ccc2nc3ccccc3cc2c1,OC(=O)c1cc(cc(c1)C(O)=O)C(O)=O,1
COC(=O)CCl,O=C(c1ccc(cc1)C#N)c1cc(cc(c1)C(=O)c1ccc(cc1)C#N)C(=O)c1ccc(cc1)C#N,1
COc1cc(OC)c(C(O)=O)c(OC)c1,COc1cccc(OC)c1C1=CC(=O)c2ccccc2O1,1
c1cnccn1,Oc1ccc(O)cc1,1
C1CCNCC1,Oc1ccc(O)cc1,1
c1cc(ccn1)c1ccncc1,Oc1ccc(O)cc1,1
CN1CCOCC1,Oc1ccc(O)cc1,1
CN1CCN(C)CC1,Oc1ccc(O)cc1,1
c1cc(ccn1)c1ccncc1,FC(F)(I)C(F)(F)C(F)(F)C(F)(F)C(F)(F)C(F)(F)I,1
C1Cc2c3CCCc4c(C1)c1CCCc2c2CCCc1c1CCCc2c3CCCc41,FC1=C(F)C(C(=C(F)C1=C(C#N)C#N)F)=C(C#N)C#N,1
c1ccc2nc3ccccc3nc2c1,N(c1ccc(Nc2ccccn2)cc1)c1ccccn1,1
c1ccc2nc3ccccc3nc2c1,N(c1ccc(Oc2ccc(Nc3ccccn3)cc2)cc1)c1ccccn1,1
c1ccc2nc3ccccc3nc2c1,O=S(=O)(c1ccc(Nc2ccccn2)cc1)c1ccc(Nc2ccccn2)cc1,1
c1ccc2nc3ccccc3nc2c1,Cc1c(Nc2ccccn2)cccc1Nc1ccccn1,1
c1ccc2nc3ccccc3nc2c1,N(c1ccccc1)c1ccc(Nc2ccccc2)cc1,1
COc1cc(Cc2cnc(N)nc2N)cc(OC)c1OC,COc1ccc([nH+]n1)[N-]S(=O)(=O)c1ccc(N)cc1,1
Cc1ccc(cc1)C(=O)OC(C(OC(=O)c1ccc(C)cc1)C(O)=O)C(O)=O,CCOP(=O)(CC1CCNC(C1)C(N)=O)OCC,1
CC(=O)N1N=C(CC1c1c2ccccc2cc2ccccc12)c1ccc(Cl)cc1,Oc1ccccc1,1
c1cc(ccn1)c1ccncc1,CNC(=S)NN=Cc1ccc(O)cc1O,1
c1cc(ccn1)C=Cc1ccncc1,CNC(=S)NN=Cc1ccc(O)cc1O,1
c1cc(ccn1)C=Cc1ccncc1,CC(=NNC(N)=S)c1ccc(O)cc1O,1
CC(CCC(N)=O)C1CCC2C3C(O)CC4CC(O)CCC4(C)C3CC(O)C12C,CCCC(C)O,1
CC(CCC(N)=O)C1CCC2C3C(O)CC4CC(O)CCC4(C)C3CC(O)C12C,CCCCCCO,1
CC(CCC(N)=O)C1CCC2C3C(O)CC4CC(O)CCC4(C)C3CC(O)C12C,COCC(C)O,1
CC(CCC(N)=O)C1CCC2C3C(O)CC4CC(O)CCC4(C)C3CC(O)C12C,CCCCCO,1
CC(CCC(N)=O)C1CCC2C3C(O)CC4CC(O)CCC4(C)C3CC(O)C12C,CCC(CC)CO,1
CC(CCC(N)=O)C1CCC2C3C(O)CC4CC(O)CCC4(C)C3CC(O)C12C,CCC(C)CO,1
CC(CCC(N)=O)C1CCC2C3C(O)CC4CC(O)CCC4(C)C3CC(O)C12C,CCCCCCC(C)O,1
CC(CCC(N)=O)C1CCC2C3C(O)CC4CC(O)CCC4(C)C3CC(O)C12C,CCCCC(O)CC,1
CC(CCC(N)=O)C1CCC2C3C(O)CC4CC(O)CCC4(C)C3CC(O)C12C,CCCC(O)CC,1
CC(CCC(N)=O)C1CCC2C3C(O)CC4CC(O)CCC4(C)C3CC(O)C12C,CCCCCC(O)CC,1
CC(C)CCCO,CC(CCC(N)=O)C1CCC2C3C(O)CC4CC(O)CCC4(C)C3CC(O)C12C,1
CC(CCC(N)=O)C1CCC2C3C(O)CC4CC(O)CCC4(C)C3CC(O)C12C,CCC(O)CO,1
CC(CCC(N)=O)C1CCC2C3C(O)CC4CC(O)CCC4(C)C3CC(O)C12C,CCCC(O)CO,1
CC(C)C(O)C(C)C,CC(CCC(N)=O)C1CCC2C3C(O)CC4CC(O)CCC4(C)C3CC(O)C12C,1
FC(F)(F)c1ccccc1NC(=O)Nc1ccccc1,O=P(c1ccccc1)(c1ccccc1)c1ccccc1,1
CC(C)(C)CCO,CC(CCC(N)=O)C1CCC2C3C(O)CC4CC(O)CCC4(C)C3CC(O)C12C,1
O=C(Nc1ccccc1)Nc1ccccc1C#N,O=P(c1ccccc1)(c1ccccc1)c1ccccc1,1
CC(CCC(N)=O)C1CCC2C3C(O)CC4CC(O)CCC4(C)C3CC(O)C12C,CC1CC(C)CC(O)C1,1
FC(F)(F)c1ccc(NC(=O)Nc2ccccc2)cc1,O=P(c1ccccc1)(c1ccccc1)c1ccccc1,1
FC(F)(F)c1ccc(NC(=O)Nc2ccc(cc2)C(F)(F)F)cc1,O=P(c1ccccc1)(c1ccccc1)c1ccccc1,1
O=C(Nc1ccccc1)Nc1ccc(cc1)C#N,O=P(c1ccccc1)(c1ccccc1)c1ccccc1,1
O=C(Nc1ccccc1)Nc1ccc(cc1)N(=O)=O,O=P(c1ccccc1)(c1ccccc1)c1ccccc1,1
CC(CCC(N)=O)C1CCC2C3C(O)CC4CC(O)CCC4(C)C3CC(O)C12C,CCCCCC(C)O,1
CC(CCC(N)=O)C1CCC2C3C(O)CC4CC(O)CCC4(C)C3CC(O)C12C,CCCCC(C)O,1
CC(CCC(N)=O)C1CCC2C3C(O)CC4CC(O)CCC4(C)C3CC(O)C12C,CCCCC(C)CO,1
CC(CCC(N)=O)C1CCC2C3C(O)CC4CC(O)CCC4(C)C3CC(O)C12C,CCC(C)(C)O,1
CC(CCC(N)=O)C1CCC2C3C(O)CC4CC(O)CCC4(C)C3CC(O)C12C,CC1CCCCC1O,1
CC(CCC(N)=O)C1CCC2C3C(O)CC4CC(O)CCC4(C)C3CC(O)C12C,CCC(C)CCO,1
CC(C)C(C)O,CC(CCC(N)=O)C1CCC2C3C(O)CC4CC(O)CCC4(C)C3CC(O)C12C,1
CC(CCC(N)=O)C1CCC2C3C(O)CC4CC(O)CCC4(C)C3CC(O)C12C,CCC(O)CC,1
CC(CCC(N)=O)C1CCC2C3C(O)CC4CC(O)CCC4(C)C3CC(O)C12C,CCCC(O)CCC,1
CC(C)CC(C)O,CC(CCC(N)=O)C1CCC2C3C(O)CC4CC(O)CCC4(C)C3CC(O)C12C,1
CC(CCC(N)=O)C1CCC2C3C(O)CC4CC(O)CCC4(C)C3CC(O)C12C,CC1CCC(O)CC1,1
CC(C)(C)CO,CC(CCC(N)=O)C1CCC2C3C(O)CC4CC(O)CCC4(C)C3CC(O)C12C,1
CC(CCC(N)=O)C1CCC2C3C(O)CC4CC(O)CCC4(C)C3CC(O)C12C,CC(O)C(C)O,1
CC(CCC(N)=O)C1CCC2C3C(O)CC4CC(O)CCC4(C)C3CC(O)C12C,CC(O)C(C)(C)C,1
CC1(C)OC2OC3C(OC(=O)C4CCC=CC34)C2O1,CC1CC2C(C=C1)C1OC3OC(C)(C)OC3C1OC2=O,1
CC(=O)c1cccc(n1)C(C)=O,Oc1cccc(O)c1,1
CCN1C=Nc2c(N)ncnc12,O=C1NC(=O)C(C(=O)N1)(c1ccccc1)c1ccccc1,1
COc1ccc(cc1)N1C(=O)c2ccc3C(=O)N(C(=O)c4ccc(C1=O)c2c34)c1ccc(OC)cc1,OC(=O)C(F)(F)F,1
c1ccc2cc3ccccc3cc2c1,CCN1C(=O)C2=C(SC3=C(S2)C(=O)N(CC)C3=O)C1=O,1
NC(=O)c1ccccc1,NC(=O)Nc1c(F)c(F)c(F)c(F)c1F,1
NC(=O)c1ccncc1,OC(=O)c1ccc(cc1)N1N=C(N=C1c1ccccc1O)c1ccccc1O,1
O=C1Nc2ccccc2S1,S=C1Nc2ccccc2S1,1
CN(C)c1ccc(cc1)C#N,Nc1ccc(cc1)C#N,1
c1ccc2nccnc2c1,Oc1ccc(O)cc1,1
C1COCCOc2ccccc2OCCOCCOCCOc2ccccc2OCCO1,CC(=O)N(Cc1ccc(COC(=O)c2cc(C)cc(C)c2)cc1)Cc1cc(C)cc(C)c1,1
O=C(CP(=O)(c1ccccc1)c1ccccc1)Oc1ccc(cc1)N(=O)=O,Oc1ccc(cc1)N(=O)=O,1
CC(C)C1=CC(=O)C(=CC=C1)O,Oc1ccc(O)cc1,1
CC(C)C1=CC(=O)C(=CC=C1)O,Oc1ccc(cc1)C1(CCCCC1)c1ccc(O)cc1,1
CC(C)C1=CC=CC(=O)C(=C1)O,Oc1ccc(cc1)C(c1ccc(O)cc1)=C(c1ccc(O)cc1)c1ccc(O)cc1,1
C[N+]1(CC[N+](C)(CC1)CC(=O)[O-])CC(=O)[O-],OC(=O)c1ccc(O)cc1,1
CC1(C)OC(C(O1)C(O)(c1ccccc1)c1ccccc1)C(O)(c1ccccc1)c1ccccc1,O=C1CCC(C=C1)(c1ccccc1)c1ccc(cc1)C#N,1
O=C1CCC(C=C1)(c1ccccc1)c1ccc(cc1)C#N,OC(c1ccccc1)(c1ccccc1)C(O)(c1ccccc1)c1ccccc1,1
O=C1CCC(C=C1)(c1ccccc1)c1ccc(cc1)C#N,OC(C1CCC(CC1)C(O)(c1ccccc1)c1ccccc1)(c1ccccc1)c1ccccc1,1
c1cc(ccn1)c1ccncc1,Nc1cccc(O)c1,1
c1cc(ccn1)C#Cc1ccncc1,Nc1cccc(O)c1,1
c1cc(ccn1)C=Cc1ccncc1,Nc1cccc(O)c1,1
c1cc2ccc3cccc4ccc(c1)c2c34,Fc1c(I)c(F)c(I)c(F)c1I,1
c1ccc2c(c1)ccc1ccccc21,Fc1c(I)c(F)c(I)c(F)c1I,1
c1ccc2c(c1)ccc1ccccc21,Fc1c(Br)c(F)c(Br)c(F)c1Br,1
c1cc2ccc3cccc4ccc(c1)c2c34,Fc1c(Br)c(F)c(Br)c(F)c1Br,1
c1ccc2nccnc2c1,OC(=O)c1ccc(O)cc1,1
c1ccc(cc1)c1ccncc1,CC1=CC(=NO1)NS(=O)(=O)c1ccc(N)cc1,1
c1cc(ccn1)c1ccncc1,CC1=CC(=NO1)NS(=O)(=O)c1ccc(N)cc1,1
C(Cc1ccncc1)Cc1ccncc1,CC1=CC(=NO1)NS(=O)(=O)c1ccc(N)cc1,1
CN1C(=O)CC(=O)N(C)C1=O,NNc1ccccc1N(=O)=O,1
CN1C(=O)CC(=O)N(C)C1=O,Nc1ccc(cc1)N(=O)=O,1
CN1C(=O)CC(=O)N(C)C1=O,Nc1nc(N)nc(n1)c1ccccc1,1
c1cc(ccn1)c1ccncc1,Ic1ccc(I)cc1,1
c1cc(ccn1)c1ccncc1,Fc1c(F)c(I)c(F)c(F)c1I,1
c1cc(ccn1)c1ccncc1,IC(I)=C(I)I,1
c1cc(ccn1)C=Cc1ccncc1,Fc1c(F)c(I)c(F)c(F)c1I,1
c1cc(ccn1)C=Cc1ccncc1,IC(I)=C(I)I,1
C1N2CN3CN1CN(C2)C3,Ic1ccc(I)cc1,1
C1N2CN3CN1CN(C2)C3,Fc1c(F)c(I)c(F)c(F)c1I,1
C(Cc1ccncc1)c1ccncc1,Fc1c(F)c(Br)c(F)c(F)c1Br,1
c1cc(ccn1)c1ccncc1,OC1=CC(=O)C(=CC1=O)O,1
CC(C)(c1ccc(O)cc1)c1ccc(cc1)C(C)(C)c1ccc(O)cc1,O=C1C=CC(=O)C=C1,1
CC(C)(c1ccc(O)cc1)c1ccc(cc1)C(C)(C)c1ccc(O)cc1,CC1=CC(=O)C(=CC1=O)C,1
N#Cc1c(nc(c2ccncc2)c(C#N)c1c1ccc(cc1)c1c(C#N)c(nc(c2ccncc2)c1C#N)c1ccncc1)c1ccncc1,OC(=O)c1cc(NC(=O)C(=O)Nc2cc(cc(c2)C(O)=O)C(O)=O)cc(c1)C(O)=O,1
c1ccc(cc1)C=Cc1ccccc1,FC1=C(F)C(C(=C(F)C1=C(C#N)C#N)F)=C(C#N)C#N,1
O=C1NC=CC=C1,OC(=O)C(O)=O,1
O=C1NC=CC=C1,OC(=O)CC=CCC(O)=O,1
O=C1NC=CC=C1,OC(=O)CC=CC(O)=O,1
FC1=CC(C(=CC1=C(C#N)C#N)F)=C(C#N)C#N,IC1=C(I)SC(S1)=C1SC2=C(SCCS2)S1,1
IC1=C(I)SC(S1)=C1SC2=C(SCCS2)S1,N#CC(C#N)=C1C=CC(C=C1)=C(C#N)C#N,1
CCCCCCCCCCc1ccc2c(SC3=C2Sc2cc(CCCCCCCCCC)ccc32)c1,FC1=C(F)C(C(=C(F)C1=C(C#N)C#N)F)=C(C#N)C#N,1
CCCCCCCCCCc1ccc2c(SC3=C2Sc2cc(CCCCCCCCCC)ccc32)c1,N#CC(C#N)=C1C=CC(C=C1)=C(C#N)C#N,1
O=C1CCCC(=C1)NCc1ccncc1,OC(=O)CCC#CC#CC#CCCC(O)=O,1
O=C1CCCC(=C1)NCc1ccncc1,OC(=O)CCCCC(O)=O,1
O=C1CCCC(=C1)NCc1ccncc1,OC(=O)CCCC(O)=O,1
O=C=O,Oc1ccc(Oc2ccccc2)cc1,1
O=C([O-])C1[NH2+]CCC1,Oc1ccc(cc1)N(=O)=O,1
COc1cc(C=O)ccc1O,O=C1CC(=O)NC(=O)N1,1
C(Cc1ccncc1)Cc1ccncc1,OC(=O)c1ccc(OCc2cccc(c2)C(O)=O)cc1,1
O=C1C=CNC=C1,OC(=O)c1cc(cc(c1)C(O)=O)C(O)=O,1
O=C1c2ccccc2c2ccccc12,OC1(C#CC2(O)c3ccccc3c3ccccc23)c2ccccc2c2ccccc12,1
c1cc(ccn1)c1ccncc1,OC(=O)c1ccc2NC=Cc2c1,1
CN(C)c1ccc(cc1)N(C)C,N#CC(C#N)=C1C=CC(C=C1)=C(C#N)C#N,1
NC1=NC(=CC(=O)N1)c1ccccc1,NC1=NC(=O)NC=C1,1
c1ccc(cc1)C=Cc1ccc(C=Cc2ccccc2)cc1,Fc1cc(C=Cc2c(F)c(F)c(F)c(F)c2F)c(F)cc1C=Cc1c(F)c(F)c(F)c(F)c1F,1
CN(C)c1ccc(C=Cc2ccc(cc2)C=Cc2ccc(cc2)N(C)C)cc1,Fc1cc(C=Cc2c(F)c(F)c(F)c(F)c2F)c(F)cc1C=Cc1c(F)c(F)c(F)c(F)c1F,1
Fc1cc(C=Cc2c(F)c(F)c(F)c(F)c2F)c(F)cc1C=Cc1c(F)c(F)c(F)c(F)c1F,N#CC(=Cc1ccccc1)c1ccc(cc1)C(=Cc1ccccc1)C#N,1
Cc1ccc(cc1)C=C(C#N)c1ccc(cc1)C(=Cc1ccc(C)cc1)C#N,Fc1cc(C=Cc2c(F)c(F)c(F)c(F)c2F)c(F)cc1C=Cc1c(F)c(F)c(F)c(F)c1F,1
CC1SC2=C(SC1C)SC(S2)=C1SC2=C(SC(C)C(C)S2)S1,N#CC(C#N)=C1C=CC(C=C1)=C(C#N)C#N,1
CC1SC2=C(SC1C)SC(S2)=C1SC2=C(SC(C)C(C)S2)S1,FC1=C(F)C(C(=C(F)C1=C(C#N)C#N)F)=C(C#N)C#N,1
COc1cc(C=O)cc(OC)c1Br,Fc1c(F)c(Br)c(F)c(F)c1Br,1
COc1cc(C=O)cc(OC)c1Br,Fc1c(F)c(I)c(F)c(F)c1I,1
COc1ccc2cc(C=O)ccc2c1,Fc1c(F)c(Br)c(F)c(F)c1Br,1
COc1ccc2cc(C=O)ccc2c1,Fc1c(F)c(I)c(F)c(F)c1I,1
CC(=O)c1ccc(C)cc1,Fc1c(F)c(Br)c(F)c(F)c1Br,1
CC(=O)c1ccc(C)cc1,Fc1c(F)c(I)c(F)c(F)c1I,1
CN1CC(=O)N(C)CC1=O,Fc1c(F)c(Br)c(F)c(F)c1Br,1
CN1CC(=O)N(C)CC1=O,Fc1c(F)c(I)c(F)c(F)c1I,1
COC(=O)c1ccc(C)cc1,Fc1c(F)c(I)c(F)c(F)c1I,1
Fc1c(F)c(Br)c(F)c(F)c1Br,O=C1Oc2ccccc2C=C1,1
Fc1c(F)c(I)c(F)c(F)c1I,O=C1Oc2ccccc2C=C1,1
COc1ccc2cc(C=O)ccc2c1,Fc1c(F)c(F)c(I)c(I)c1F,1
O=C1CCCC1,Oc1cc2c(cc1O)c1cc(O)c(O)cc1c1cc(O)c(O)cc21,1
COc1ccc2cc(C=O)ccc2c1,Fc1c(I)c(F)c(I)c(F)c1I,1
c1cnccn1,NC(N)=O,1
c1cnccn1,NC(N)=S,1
FC1(F)CSC2=C(SC1)SC(S2)=C1SC=CS1,FC1=C(F)C(C(=C(F)C1=C(C#N)C#N)F)=C(C#N)C#N,1
COc1ccc2cc(OC)ccc2c1,Ic1c2C(=O)NC(=O)c2c(I)c2C(=O)NC(=O)c12,1
Brc1c2C(=O)NC(=O)c2c(Br)c2C(=O)NC(=O)c12,OCCOCCNc1cccc2c(NCCOCCO)cccc12,1
Clc1c2C(=O)NC(=O)c2c(Cl)c2C(=O)NC(=O)c12,OCCOCCNc1cccc2c(NCCOCCO)cccc12,1
OC1=CC(=O)C(=CC1=O)O,Oc1cc(O)c(O)cc1O,1
CCCCCCOc1ccc(cc1)C(=O)OCC#CC#CCOC(=O)c1ccc(OCCCCCC)cc1,Fc1c(F)c(F)c(C(=O)OCC#CC#CCOC(=O)c2c(F)c(F)c(F)c(F)c2F)c(F)c1F,1
Cc1ccc2ccc3ccc(C)nc3c2n1,Oc1c(O)c(Cl)c(Cl)c(Cl)c1Cl,1
Cc1ccnc2c1ccc1c(C)ccnc21,Oc1c(O)c(Cl)c(Cl)c(Cl)c1Cl,1
Cc1c(C)c2cccnc2c2ncccc12,Oc1c(O)c(Cl)c(Cl)c(Cl)c1Cl,1
Cc1ccc2ccc3ccc(C)nc3c2n1,Oc1c(O)c(Br)c(Br)c(Br)c1Br,1
Cc1ccc2ccc3ccc(C)nc3c2n1,Oc1c(O)c(F)c(F)c(F)c1F,1
Cc1ccc2ccc3ccc(C)nc3c2n1,Oc1cc(Cl)cc(Cl)c1O,1
Cc1ccc2ccc3ccc(C)nc3c2n1,Oc1cc(Cl)c(Cl)cc1O,1
Cc1ccc2ccc3ccc(C)nc3c2n1,Oc1ccccc1O,1
c1cc2ccc3cccc4ccc(c1)c2c34,CCN1C(=S)SC(C1=S)=C1SC(=S)N(CC)C1=S,1
c1cc2ccc3ccc4ccc5ccc6ccc1c1c2c3c4c5c61,CCN1C(=S)SC(C1=S)=C1SC(=S)N(CC)C1=S,1
c1cc2ccc3cccc4ccc(c1)c2c34,CCCN1C(=S)SC(C1=S)=C1SC(=S)N(CCC)C1=S,1
c1cc2cccc3c4cccc5cccc(c(c1)c23)c45,CCCN1C(=S)SC(C1=S)=C1SC(=S)N(CCC)C1=S,1
c1cc2ccc3cccc4ccc(c1)c2c34,CCN1C(=O)C(SC1=S)=C1SC(=S)N(CC)C1=O,1
c1cc2cccc3c4cccc5cccc(c(c1)c23)c45,CCN1C(=O)C(SC1=S)=C1SC(=S)N(CC)C1=O,1
c1cc2cccc3c4cccc5cccc(c(c1)c23)c45,CCCN1C(=O)C(SC1=S)=C1SC(=S)N(CCC)C1=O,1
c1cc2ccc3cccc4ccc(c1)c2c34,CCN1C(=O)SC(C1=S)=C1SC(=O)N(CC)C1=S,1
c1cc2cccc3c4cccc5cccc(c(c1)c23)c45,CCN1C(=O)SC(C1=S)=C1SC(=O)N(CC)C1=S,1
c1cc2ccc3ccc4ccc5ccc6ccc1c1c2c3c4c5c61,CCN1C(=O)SC(C1=S)=C1SC(=O)N(CC)C1=S,1
c1cc2cccc3c4cccc5cccc(c(c1)c23)c45,CCN1C(=S)SC(C1=S)=C1SC(=S)N(CC)C1=S,1
C1=CN(C=N1)c1ccc(cc1)N1C=CN=C1,OC(=O)c1ccc(cc1)C(O)=O,1
Clc1ccc(Oc2nc(Oc3ccc(Cl)cc3)nc(Oc3ccc(Cl)cc3)n2)cc1,Ic1cc(I)cc(I)c1,1
Brc1cc(Br)cc(Br)c1,Brc1ccc(Oc2nc(Oc3ccc(Br)cc3)nc(Oc3ccc(Br)cc3)n2)cc1,1
Brc1ccc(Oc2nc(Oc3ccc(Br)cc3)nc(Oc3ccc(Br)cc3)n2)cc1,Ic1cc(I)cc(I)c1,1
C,Oc1ccc(O)cc1,1
C1N2CN3CN1CN(C2)C3,Oc1c(cc(cc1N(=O)=O)N(=O)=O)N(=O)=O,1
c1cc(ccn1)c1ccncc1,CC1c2cc(C(C)c3cc(C(C)c4cc(C(C)c5cc1c(O)cc5O)c(O)cc4O)c(O)cc3O)c(O)cc2O,1
c1cc(ccn1)C=Cc1ccncc1,CC1c2cc(C(C)c3cc(C(C)c4cc(C(C)c5cc1c(O)cc5O)c(O)cc4O)c(O)cc3O)c(O)cc2O,1
CC(CCC(O)=O)C1CCC2C3C(O)CC4CC(O)CCC4(C)C3CC(O)C12C,Nc1cccc(Cl)c1,1
COc1cc(ccc1O)C(O)=O,Nc1ccc(Cc2ccc(N)cc2)cc1,1
Cc1cccc(C(O)=O)c1O,N1N=Nc2ccccc12,1
N1N=Nc2ccccc12,OC(=O)c1ccc(O)cc1,1
c1ccc(C=Cc2ccccn2)nc1,CC(C)(C)c1cc(C(O)=O)c2Oc3c(cc(cc3C(C)(C)c2c1)C(C)(C)C)C(O)=O,1
Fc1c(F)c(C=Cc2c(F)c(F)c(C#N)c(F)c2F)c(F)c(F)c1I,Ic1ccc(cc1)C=Cc1ccc(cc1)C#N,1
CC1(C)CC23CC4OC2(CC1OCc1ccccc1)C3c1ccccc41,CC1(C)CC23OC4CC2(CC1OCc1ccccc1)C3c1ccccc41,1
c1ccc2cc3ccccc3cc2c1,CN1C(=O)C2=C(SC3=C(S2)C(=O)N(C)C3=O)C1=O,1
c1cc(ccn1)C=Cc1ccncc1,Oc1cccc2ccccc12,1
c1cc(ccn1)C=Cc1ccncc1,Oc1ccc(cc1)c1ccc(O)cc1,1
CC(CCCCC(O)=O)C1CCC2C3C(O)CC4CC(O)CCC4(C)C3CC(O)C12C,Cc1cccc2ccccc12,1
COc1ccccc1N1C(=C([S+]C1=S)C(=O)[O-])C,OC(C1CC2CCN1CC2C=C)c1ccnc2ccccc12,1
CC1(C)N([O])C(C)(C)c2ccccc12,Fc1c(F)c(I)c(F)c(F)c1I,1
O=C([O-])c1[nH+]c2ccccc2cc1,OC(=O)c1ccc2ccccc2n1,1
c1ccc2ccccc2c1,CC(CCC(O)=O)C1CCC2C3CCC4CC(O)CCC4(C)C3CC(O)C12C,1
CCC1(CC)C(=O)NC(=O)NC1=O,CN(C)C1=C(C)N(C)N(c2ccccc2)C1=O,1
CC1=CC(=CC(=O)O1)OCc1ccccc1,O=C1NC(=O)C=C1,1
CC1=CC(=CC(=O)O1)OCc1ccc(C)cc1,O=C1NC(=O)C=C1,1
CC1=CC(=CC(=O)O1)OCc1cccc2ccccc12,O=C1NC(=O)C=C1,1
C(COCCOc1cccc2cccnc12)OCCOCCOc1cccc2cccnc12,NC(N)=S,1
c1ccc(cc1)N=Nc1ccncc1,Oc1cc(O)c(Cl)cc1Cl,1
CC1(C)C(=O)N(C(=O)C1(C)C)P(=O)(N1C(=O)C(C)(C)C(C)(C)C1=O)N1C(=O)C(C)(C)C(C)(C)C1=O,CC1(C)C(=O)NC(=O)C1(C)C,1
CC1(C)C(=O)NC(=O)C1(C)C,O=P(c1ccccc1)(c1ccccc1)c1ccccc1,1
C1CN2CN3CCN(CN1C3)C2,Cc1cc(O)cc(C)c1Cl,1
COc1cc(C=CC(O)=O)cc(OC)c1O,NC(=O)c1cccnc1,1
COc1cc(C=CC(O)=O)cc(OC)c1O,N#Cc1ccncc1,1
O=C1C=CC(=O)C=C1,Oc1ccc(O)cc1,1
CC(=O)CC(C)(C)O,CC(C)CC1NC(=O)c2ccccc2N2C(=O)c3ccccc3C12O,1
Cc1cccc(c1)C(O)=O,Nc1ccc(Cl)cn1,1
CCN(CC)c1ccc(C=Cc2ccncc2)cc1,OC(=O)c1ccc(cc1)N(=O)=O,1
CCC12COP3(OC1)(OC2)OOO3,FC(Cl)Cl,1
[O-][n+]1ccc(cc1)c1cc[n+]([O-])cc1,COc1cc(C=CC(O)=CC(=O)C=Cc2ccc(O)c(OC)c2)ccc1O,1
[N]1SSN=C1c1ccccc1,Fc1c(F)c(F)c(C2=NSS[N]2)c(F)c1F,1
NC(N)=O,Oc1ccc(O)cc1,1
O1c2cccc3ccc4Oc5cccc6ccc1c(c56)c4c23,Oc1c(cc(cc1N(=O)=O)N(=O)=O)N(=O)=O,1
COC(=O)C=Cc1cccnc1,Oc1cc(O)c(Cl)cc1Cl,1
COC(=O)C=Cc1cccnc1,Oc1cc(O)c(I)cc1I,1
COC(=O)C1C(C(C1c1cccnc1)C(=O)OC)c1cccnc1,Oc1cc(O)c(I)cc1I,1
N1C2=C(C3=NC(=C(C4=CC=C(N4)C(=C4C=CC(=N4)C(=C1C=C2)c1ncccn1)c1ncccn1)c1ncccn1)C=C3)c1ncccn1,N1C2=CC=C1C(=C1C=CC(=N1)C(=C1NC(=C(C3=NC(=C2c2ncccn2)C=C3)c2ncccn2)C=C1)c1ncccn1)c1ncccn1,1
FC(F)(F)C1(OC(=O)Nc2ccc(Cl)cc12)C#CC1CC1,O=C1CCC(=O)CC1,1
c1cnccn1,CC(C)c1c(O)c(O)c(C=O)c2c(O)c(c(C)cc12)c1c(C)cc2c(C(C)C)c(O)c(O)c(C=O)c2c1O,1
Brc1cc(Br)c2nc3C4Cc5cc6cc(Br)cc(Br)c6nc5C(Cc3cc2c1)S4,Cc1ccncc1,1
Brc1cc(Br)c2nc3C4Cc5cc6cc(Br)cc(Br)c6nc5C(Cc3cc2c1)S4,CC(C)(C)C1CCCCC1,1
Cc1nc(N)nc(N)n1,OC(=O)c1ccccc1C(O)=O,1
c1cnccn1,Oc1c(F)c(F)c(O)c(F)c1F,1
c1ccc2nccnc2c1,Oc1c(F)c(F)c(O)c(F)c1F,1
c1ccc2nc3ccccc3nc2c1,Oc1c(F)c(F)c(O)c(F)c1F,1
C(Cc1ccncc1)c1ccncc1,Nc1ccc(cc1)C(O)=O,1
CC(=O)c1ccccc1Cl,CC(CCC(O)=O)C1CCC2C3C(O)CC4CC(O)CCC4(C)C3CC(O)C12C,1
CC(=O)c1cccc(F)c1,CC(CCC(O)=O)C1CCC2C3C(O)CC4CC(O)CCC4(C)C3CC(O)C12C,1
CC(=O)c1ccc(F)cc1,CC(CCC(O)=O)C1CCC2C3C(O)CC4CC(O)CCC4(C)C3CC(O)C12C,1
CN1C(=O)N(C)C2=C(NC=N2)C1=O,NC(=O)c1ccccc1,1
CN1C(=O)N(C)C2=C(NC=N2)C1=O,CNC=O,1
CN1C(=O)N(C)C2=C(NC=N2)C1=O,NC(=O)c1cnccn1,1
c1cc(ccn1)c1ccncc1,OC(=O)COc1cc(Cl)cc(Cl)c1,1
Nc1ncccn1,OC(=O)COc1c(Cl)cccc1Cl,1
c1cc(ccn1)c1ccncc1,OC(=O)COc1c(Cl)cccc1Cl,1
NC1=Nc2cc(Cl)ccc2O1,OC(=O)COc1cccc(Cl)c1Cl,1
c1ccc2nccnc2c1,Oc1ccc(cc1)C(c1ccc(O)cc1)c1ccc(cc1)C(c1ccc(O)cc1)c1ccc(O)cc1,1
c1ccc2nc3ccccc3nc2c1,Oc1ccc(cc1)C(c1ccc(O)cc1)c1ccc(cc1)C(c1ccc(O)cc1)c1ccc(O)cc1,1
[O]n1ccn([O])cc1,Oc1ccc(cc1)C(c1ccc(O)cc1)c1ccc(cc1)C(c1ccc(O)cc1)c1ccc(O)cc1,1
CC1(C)COP(=O)OC1,Oc1ccc2ccccc2c1Cc1c(O)ccc2ccccc12,1
CC(C)C1=C(C)N(C)N(c2ccccc2)C1=O,CCC1(CC)C(=O)NC=CC1=O,1
NN=C(N)N,O=CC1=CNC(=O)C(=C1Nc1ccccc1)C#N,1
NC(N)=N,O=CC1=CNC(=O)C(=C1Nc1ccccc1)C#N,1
c1ccc2nc3ccccc3cc2c1,CC(C)c1c(O)c(O)c(C=O)c2c(O)c(c(C)cc12)c1c(C)cc2c(C(C)C)c(O)c(O)c(C=O)c2c1O,1
CC(C)c1c(O)c(O)c(C=O)c2c(O)c(c(C)cc12)c1c(C)cc2c(C(C)C)c(O)c(O)c(C=O)c2c1O,Cc1ccncc1,1
c1ccc2c(c1)cnc1ccccc21,OC(=O)C(C1=CC=CS1)C1=CC=CS1,1
Nc1ccc(cc1)N(=O)=O,O=C([O-])c1[nH+]cccc1,1
CC1(C)OC(C(O1)C(O)(c1ccccc1)c1ccccc1)C(O)(c1ccccc1)c1ccccc1,NC1CCCNC1=O,1
CC(C)(C)C#Cc1cc(C#CC(C)(C)C)c2ccc3c(cc(C#CC(C)(C)C)c4ccc1c2c34)C#CC(C)(C)C,Fc1ccc(F)c(F)c1F,1
CC(C)(C)C#Cc1cc(C#CC(C)(C)C)c2ccc3c(cc(C#CC(C)(C)C)c4ccc1c2c34)C#CC(C)(C)C,Fc1cc(F)c(F)c(F)c1F,1
CC(C)(C)C#Cc1cc(C#CC(C)(C)C)c2ccc3c(cc(C#CC(C)(C)C)c4ccc1c2c34)C#CC(C)(C)C,Fc1c(F)c(F)c(F)c(F)c1F,1
CC12OC3C(O)C(O1)C(OC(=O)c1ccccc1)C(O2)C3OC(=O)c1ccccc1,OC1C2OC3OC1C(OC(=O)c1ccccc1)C(O3)C2OC(=O)c1ccccc1,1
c1cc(ccn1)c1ccncc1,OC(=O)c1cc(cc(c1)C(O)=O)C(O)=O,1
c1cc(ccn1)c1ccncc1,Oc1cc(O)cc(c1)C(c1ccccc1O)c1ccccc1O,1
c1cc(ccn1)C=Cc1ccncc1,Oc1cc(O)cc(c1)C(c1ccccc1O)c1ccccc1O,1
Nc1ccccc1C(O)=O,Oc1c(cc(cc1N(=O)=O)N(=O)=O)N(=O)=O,1
O=Cc1ccncc1,OC(=O)c1cc(cc(c1)N(=O)=O)N(=O)=O,1
O=Cc1ccncc1,OC(=O)c1cc(Cl)cc(Cl)c1O,1
CC(CCC(O)=O)C1CCC2C3CCC4CC(O)CCC4(C)C3CC(O)C12C,OC(=O)c1ccccc1O,1
Brc1cncc(Br)c1,OC(=O)c1cc(Cl)cc(Cl)c1O,1
Brc1cncc(Br)c1,OC(=O)c1cc(Br)cc(Br)c1O,1
O=Cc1ccncc1,OC(=O)c1ccc(Cl)cc1O,1
C1CCCCOCCOCCOCCOCCOCCOCCC1,CCOC(=O)c1cc(CNc2cc(cc(c2)C(=O)OCC)C(=O)OCC)cc(c1)C(=O)OCC,1
O=Cc1ccncc1,OC(=O)c1cc(Cl)cc(Cl)c1,1
C1CN2CCN1CC2,CC(C)(c1ccc(O)cc1)c1ccc(O)cc1,1
C1N2CN3CN1CN(C2)C3,Oc1ccc(Sc2ccc(O)cc2)cc1,1
C1N2CN3CN1CN(C2)C3,Oc1ccc(cc1)S(=O)(=O)c1ccc(O)cc1,1
C1N2CN3CN1CN(C2)C3,CC(C)(c1ccc(O)cc1)c1ccc(O)cc1,1
C1N2CN3CN1CN(C2)C3,CC(c1ccc(O)cc1)(c1ccc(O)cc1)c1ccc(O)cc1,1
C1N2CN3CN1CN(C2)C3,Oc1cc(O)cc(O)c1,1
C1CNCCN1,CC(c1ccc(O)cc1)(c1ccc(O)cc1)c1ccc(O)cc1,1
C(Cc1ccncc1)c1ccncc1,Oc1c(F)c(F)c(O)c(F)c1F,1
CC1(C)OC(C(O1)C(O)(c1ccccc1)c1ccccc1)C(O)(c1ccccc1)c1ccccc1,CC1CC(=O)C=C(C)C1(C)C,1
COc1cc(ccc1O)C(O)=O,NC(=O)c1cnccn1,1
NC(=O)c1cnccn1,OC(=O)c1ccc2ccccc2c1O,1
NC(=O)c1cnccn1,OC(=O)C1=Cc2ccccc2N1,1
COc1ccccc1C(N)=O,NC(N)=O,1
COc1ccccc1C(N)=O,NC(N)=S,1
BrC1=C(Br)C(=O)C(=C(Br)C1=O)Br,Cc1cc(C)c(C)cc1C,1
Cc1cc(C)c(C)cc1C,ClC1=C(Cl)C(=O)C(=C(Cl)C1=O)Cl,1
BrC1=C(Br)C(=O)C(=C(Br)C1=O)Br,c1cc2ccc3cccc4ccc(c1)c2c34,1
BrC1=C(Br)C(=O)C(=C(Br)C1=O)Br,c1cc2cccc3c4cccc5cccc(c(c1)c23)c45,1
CC1CCCC(=O)C1,OC1(c2ccccc2)c2ccccc2C(O)(c2ccccc2)c2ccccc12,1
CC(C)(OO)OO,O=P(CP(=O)(c1ccccc1)c1ccccc1)(c1ccccc1)c1ccccc1,1
CCC(C)(OO)OO,O=P(c1ccccc1)(c1ccccc1)c1ccccc1,1
CC(OO)(OO)c1ccccc1,O=P(C1CCCCC1)(C1CCCCC1)C1CCCCC1,1
CCC(CC)(OO)OO,O=P(CCP(=O)(c1ccccc1)c1ccccc1)(c1ccccc1)c1ccccc1,1
O=P(C1CCCCC1)(C1CCCCC1)C1CCCCC1,OOC1(CCCCC1)OO,1
CCC(CC)(OO)OO,O=P(C1CCCCC1)(C1CCCCC1)C1CCCCC1,1
CC1(C)CCCC(C)(C)N1[O],FC1=C(F)C(C(=C(F)C1=C(C#N)C#N)F)=C(C#N)C#N,1
[N]1c2ccccc2N(N=C1c1ccccc1)c1ccccc1,N#CC(C#N)=C1C=CC(C=C1)=C(C#N)C#N,1
Nc1nc(N)nc(N)n1,O=C1CCCC(=O)N1,1
Nc1nc(N)nc(N)n1,O=C1CCC(=O)N1,1
Cc1cc(ccc1O)C(C)(C)c1ccc(O)c(C)c1,O=C1C=CC(=O)C=C1,1
C[N+]1(C)CC(O)CC1C(=O)[O-],NC(N)=O,1
CC1=CC(=O)C(=CC1=O)C,Cc1cc(ccc1O)C(C)(C)c1ccc(O)c(C)c1,1
CC1=CC(=O)C(=CC1=O)C,Oc1ccc(cc1)C(c1ccc(O)cc1)(C(F)(F)F)C(F)(F)F,1
c1cc2cccc3c4cccc5cccc(c(c1)c23)c45,N#Cc1cc(C#N)c(cc1C#N)C#N,1
N#Cc1cc(C#N)c(cc1C#N)C#N,Oc1ccc(O)cc1,1
CCOc1ccccc1C(N)=O,OC(=O)c1ccccc1O,1
CCOc1ccccc1C(N)=O,OC(=O)c1ccc(cc1Cl)N(=O)=O,1
CCOc1ccccc1C(N)=O,COc1cc(ccc1O)C(O)=O,1
CCOc1ccccc1C(N)=O,Nc1ccc(cc1)C(O)=O,1
CCOc1ccccc1C(N)=O,OC(=O)c1ccc(O)cc1,1
CCOc1ccccc1C(N)=O,OC(=O)C=CC(O)=O,1
CC(C)OC(=O)c1ccccc1,Oc1cc(O)cc(c1)c1c2ccccc2cc2ccccc12,1
O=C1C=CC(=O)C=C1,Oc1cc(O)cc(c1)c1c2ccccc2cc2ccccc12,1
CC1=C(C)C(=O)C(=C(C)C1=O)C,Oc1cc(O)cc(c1)c1c2ccccc2cc2ccccc12,1
O=N(=O)c1ccccc1,Oc1cc(O)cc(c1)c1c2ccccc2cc2ccccc12,1
CCCC(=O)CCC,Oc1cc(O)cc(c1)c1c2ccccc2cc2ccccc12,1
CC(C)CN(CC(C)C)C(=O)CCC(=O)N(CC(C)C)CC(C)C,O=C1NCc2ccc(CNC(=O)c3cccc(c3)C(=O)NCc3ccc(CNC(=O)c4cccc1c4)cc3)cc2,1
CCCCN(CCCC)C(=O)CCC(=O)N(CCCC)CCCC,O=C1NCc2ccc(CNC(=O)c3cccc(c3)C(=O)NCc3ccc(CNC(=O)c4cccc1c4)cc3)cc2,1
CN1c2ccc(cc2c2cc(ccc12)c1ccc(cc1)N(=O)=O)c1ccc(cc1)N(=O)=O,O1C=CC=C1,1
Cc1ccc2N3CN(Cc2c1)c1ccc(C)cc1C3,OC(=O)C(OC(=O)c1ccccc1)C(OC(=O)c1ccccc1)C(O)=O,1
CCc1[n+]([O-])c(C)c(CC)[n+]([O-])c1C,N#CC(C#N)=C(C#N)C#N,1
CC1(C)OC(C(O1)C(O)(c1cccc2ccccc12)c1cccc2ccccc12)C(O)(c1cccc2ccccc12)c1cccc2ccccc12,COc1ccc(C=O)cc1,1
C1N2CN3CN1CN(C2)C3,CC1(C)C2CCC(O)(C1C2)C(O)=O,1
Cc1cc(C)c(C)cc1C,ClC1=C(Cl)C(=O)C(=O)C(=C1Cl)Cl,1
c1cc2ccc3cccc4ccc(c1)c2c34,ClC1=C(Cl)C(=O)C(=O)C(=C1Cl)Cl,1
ClC1=C(Cl)C(=O)C(=O)C(=C1Cl)Cl,S1C=CSC1=C1SC=CS1,1
BrC(Br)(Br)Br,COc1c2C3CCC(C3)c2c(OC)c2C3CCC(C3)c12,1
BrC(Br)(Br)Br,Cc1ccc2cc(C)ccc2c1,1
BrC(Br)(Br)Br,CN(C)c1ccc(Cc2ccc(cc2)N(C)C)cc1,1
BrC(Br)(Br)Br,C(N(Cc1ccccc1)Cc1ccccc1)c1ccccc1,1
COc1ccc(cc1)C1=NN(C(C1)c1ccc2ccc3cccc4ccc1c2c34)C(C)=O,Oc1ccc2ccccc2c1,1
Cc1cccnc1C,OC(=O)C=CC(O)=O,1
COc1ccc(cc1)C1=C(N=C(N1)c1cc(ccc1O)N(=O)=O)c1ccc(OC)cc1,Oc1ccccc1C=O,1
CCOC(=O)c1cc(c2ccccc2)c(C(=O)OCC)c(Cc2ccccc2)n1,Oc1ccc(O)cc1,1
CN1C(=O)C2C=CC1(C)C1C=CC2(C)N(C)C1=O,OC(C#CC#CC(O)(c1ccccc1)c1ccccc1)(c1ccccc1)c1ccccc1,1
O1C(=NN=C1c1ccncc1)c1ccncc1,OC(=O)c1c(F)c(F)c(C(O)=O)c(F)c1F,1
c1cc(ccn1)c1ccncc1,OC(=O)c1c(F)c(F)c(C(O)=O)c(F)c1F,1
N#CC(C#N)=C1C=CC(C=C1)=C(C#N)C#N,S1C=Cc2c1c1c3SC=Cc3c3C=CSc3c1c1SC=Cc21,1
CC(C)(C)c1ccnc(c1)c1cc(ccn1)C(C)(C)C,Fc1c(F)c(F)c(F)c(F)c1F,1
Fc1c(F)c(F)c(F)c(F)c1F,IC#Cc1ccc2ccccc2n1,1
O=C([O-])CCC(=O)NN=C(Nc1[nH+]cccc1)c1ccccn1,OC(=O)CCC(=O)NN=C(Nc1ccccn1)c1ccccn1,1
NC(=O)c1ccncc1,Oc1cccc(c1)N(=O)=O,1
NC(=O)c1cccnc1,Oc1cccc(c1)N(=O)=O,1
Cc1cc[n+]([O-])cc1,Oc1ccc(cc1)c1ccc(cc1)N(=O)=O,1
Cc1cc[n+]([O-])cc1,Oc1ccc(cc1)C=Cc1ccc(cc1)N(=O)=O,1
[O-][n+]1ccc(cc1)C#N,Oc1ccc(cc1)c1ccc(cc1)N(=O)=O,1
[O-][n+]1ccc(cc1)C#N,Oc1ccc(cc1)C=Cc1ccc(cc1)N(=O)=O,1
O=N(=O)c1cc[n+]([O-])cc1,Oc1ccc(cc1)c1ccc(cc1)N(=O)=O,1
O=N(=O)c1cc[n+]([O-])cc1,Oc1ccc(cc1)C=Cc1ccc(cc1)N(=O)=O,1
N#CC(C#N)=C(C#N)C#N,S1C=CSC1=C1SC=CS1,1
NC1=NC2=C(N=CN2COCCO)C(=O)N1,OC(=O)CCCC(O)=O,1
CN(C)CCC1=CNc2ccc(CC3COC(=O)N3)cc12,Oc1ccccc1,1
c1ccc2c(c1)cnc1ccccc21,Oc1ccc2c(Oc3cc(O)ccc3C32OC(=O)c2ccccc32)c1,1
c1ccc2nc3ccccc3cc2c1,Oc1ccc2c(Oc3cc(O)ccc3C32OC(=O)c2ccccc32)c1,1
c1cc(nc(c1)N1C=NN=C1)N1C=NN=C1,OC(=O)c1cc(C(O)=O)c(cc1C(O)=O)C(O)=O,1
c1ccc(cc1)C#CC#Cc1ccccc1,Fc1c(F)c(F)c(C#CC#Cc2c(F)c(F)c(F)c(F)c2F)c(F)c1F,1
C1CCN2CCCN=C2CC1,Fc1cc(I)c2NC(=S)Sc2c1F,1
C1COCCOCCOCCOCCOCCO1,NC1=NN=NN1,1
O=P(Cc1ccc2ccccc2c1c1c(CP(=O)(c2ccccc2)c2ccccc2)ccc2ccccc12)(c1ccccc1)c1ccccc1,OC(=O)C(OC(=O)c1ccccc1)C(OC(=O)c1ccccc1)C(O)=O,1
NN1C=NN=C1,O=C1NC(=NO1)C1=NOC(=O)N1,1
O=C1OC(=O)c2cc3C(=O)OC(=O)c3cc12,S1c2ccccc2Sc2ccccc12,1
COc1cc2Sc3cc(OC)c(OC)cc3Sc2cc1OC,N#Cc1cc(C#N)c(cc1C#N)C#N,1
Nc1ccc(cc1)C(O)=O,Nc1ccc(cc1)N(=O)=O,1
Nc1ccc(cc1)C(O)=O,O=N(=O)c1ccc(Cc2ccncc2)cc1,1
Nc1ccc(cc1)C(O)=O,OC(=O)Cc1ccc(cc1)N(=O)=O,1
Cc1ccnc2N(C3CC3)c3ncccc3C(=O)Nc12,Fc1c(F)c(I)c(F)c(F)c1I,1
Cc1ccnc2N(C3CC3)c3ncccc3C(=O)Nc12,Ic1cccc(I)c1,1
Cc1nc(C)c(C)nc1C,OC(=O)c1cc(Cl)ccc1O,1
Cc1nc(C)c(C)nc1C,OC(=O)c1cc(Cl)cc(Cl)c1O,1
NC(=O)c1ccncc1,OC(=O)c1ccc(O)c(c1)N(=O)=O,1
c1ccc2c(c1)c1ccccc1c1ccccc21,Fc1c(F)c(Br)c(F)c(F)c1Br,1
c1ccc2c(c1)c1ccccc1c1ccccc21,Fc1c(F)c(I)c(F)c(F)c1I,1
CC(C)CCCC(C)C1CCC2C(CCCC12C)=CC=C1CC(O)CCC1=C,CC(C)CCCC(C)C1CCC2C3CCC4CC(O)CCC4(C)C3CCC12C,1
NC(=O)c1ccccc1O,Nc1ccc(cc1)C(O)=O,1
Nc1ccc(cc1)C(O)=O,O=C1CC(=O)NC(=O)N1,1
CC1=CC(=O)NC(=O)N1,Nc1ccc(cc1)C(O)=O,1
CCOC(=O)N1C=CN(C)C1=S,Fc1c(F)c(I)c(F)c(F)c1I,1
O=C1NC=CC=C1,OC(=O)c1cccnc1Nc1cccc(c1)C(F)(F)F,1
O=C([O-])C[N+]12CCC(CC1)CC2,Oc1c(Cl)cc(cc1Cl)N(=O)=O,1
c1cc(ccn1)c1ccncc1,OC(=O)c1ccc(OCCOc2ccc(cc2)C(O)=O)cc1,1
CN(C)c1ccncc1,Oc1ccc(Br)cc1,1
[O-][n+]1cc[n+]([O-])cc1,OC(=O)c1cc(cc(c1)C(O)=O)C(O)=O,1
Nc1ccc(cn1)N(=O)=O,O=C1NC=CC=C1N(=O)=O,1
CC(Oc1ccccc1Br)C(O)=O,CC(Oc1ccccc1Cl)C(O)=O,1
CC(Oc1ccccc1Br)C(O)=O,CC(Oc1ccccc1C)C(O)=O,1
CCC=C1CN2C(=Nc3ccccc23)CSc2ccccc12,OC(=O)C=CC(O)=O,1
CC1=CCCN2C(=Nc3ccccc23)CSCc2ccccc12,OC(=O)C=CC(O)=O,1
C1COCCOCCOCCOCCOCCO1,Cc1cc(C)c(CSc2cccc[n+]2[O-])c(C)c1,1
c1cc(ccn1)c1ccncc1,OC(=O)CC(C(CC(O)=O)C(O)=O)C(O)=O,1
O=C(Nc1ccccn1)C12CC3CC(C1)CC(C3)(C2)C(=O)Nc1ccccn1,OC(=O)CCCC(O)=O,1
O=C(Nc1ccccn1)C12CC3CC(C1)CC(C3)(C2)C(=O)Nc1ccccn1,OC(=O)CCCCCCCCC(O)=O,1
O=C(Nc1ccccn1)C12CC3CC(C1)CC(C3)(C2)C(=O)Nc1ccccn1,OC(=O)CCC(=O)C(O)=O,1
c1ccc(cc1)C#CC#CC#CC#Cc1ccccc1,Fc1c(F)c(F)c(C#CC#CC#CC#Cc2c(F)c(F)c(F)c(F)c2F)c(F)c1F,1
c1ccc(nc1)c1ccccn1,CC1=NNC(S1)=NS(=O)(=O)c1ccc(N)cc1,1
[NH3+]C(C)C(=O)[O-],COc1ccc2cc(ccc2c1)C(C)C(O)=O,1
[NH3+]C(Cc1ccc(O)cc1)C(=O)[O-],COc1ccc2cc(ccc2c1)C(C)C(O)=O,1
C1CCc2nc3c4cccnc4c4ncccc4c3nc2C1,OC(=O)c1ccc(cc1)C(O)=O,1
CN(C)c1ccc(C=O)cc1,Fc1c(F)c(I)c(F)c(F)c1I,1
COc1cc(C=O)ccc1O,Fc1c(F)c(I)c(F)c(F)c1I,1
COc1ccc(C=O)cc1OC,Fc1c(F)c(I)c(F)c(F)c1I,1
Fc1c(F)c(I)c(F)c(F)c1I,Oc1ccc2ccccc2c1C=O,1
NC(N)=O,OC(=O)c1ccc2ccccc2c1c1c(ccc2ccccc12)C(O)=O,1
Cc1nc(N)nc(N)n1,OC(=O)CCCCC(O)=O,1
C1CNCCN1,COc1ccc2NC=C(CCNC(C)=O)c2c1,1
OC(=O)CCCCC(O)=O,S1C=CC(=C1)C=Cc1ccncc1,1
N#Cc1cc(C#N)c(cc1C#N)C#N,O=C(N1c2ccccc2c2ccccc12)c1ccccc1,1
O=C1C=CC(=O)C=C1,Oc1c2ccccc2c2ccccc2c1c1c(O)c2ccccc2c2ccccc12,1
CCN1C=CC(=C2C=CN(CC)C3=NSN=C23)C2=NSN=C12,N#CC(C#N)=C1C=CC(C=C1)=C(C#N)C#N,1
Nc1ccccn1,OC(=O)c1ccc(cc1C(O)=O)N(=O)=O,1
CC1=CC(=C2C=CC=C2C(=C1)C)C,N#CC(C#N)=C(C#N)C#N,1
C1N2CN3CN1CN(C2)C3,CC(CC(c1cc(c(O)cc1C)C(C)(C)C)c1cc(c(O)cc1C)C(C)(C)C)c1cc(c(O)cc1C)C(C)(C)C,1
CC(C)c1cccc(C(C)C)c1NC(=O)NC(=O)c1ccccc1,CC(C)c1cccc(C(C)C)c1NC(Nc1c(cccc1C(C)C)C(C)C)=NC(=O)c1ccccc1,1
CCC(C(O)=O)c1ccccc1,NC(=O)c1ccncc1,1
C(Sc1ccncc1)c1ccncc1,OC(=O)c1ccc(I)cc1,1
N#Cc1cc(C#N)c(cc1C#N)C#N,N1c2ccccc2Sc2ccccc12,1
Cc1cc(C)nc(NS(=O)(=O)c2ccc(N)cc2)n1,OC(=O)c1ccccc1S,1
CC(C(O)=O)c1ccccc1,NC(=O)c1ccncc1,1
c1cc(ccn1)C=Cc1ccncc1,Oc1cc(O)cc(O)c1,1
CC(CC(O)=O)C(O)=O,CCC(N1CCCC1=O)C(N)=O,1
O=C1CCC(N1)C(=O)N1CCCCC1,OC(C(O)C(O)=O)C(O)=O,1
CC(CC(O)=O)C(O)=O,CC1(O)CCC2C3CCC4CC5=NNC=C5CC4(C)C3CCC12C,1
CC(C)Cc1ccc(cc1)C(C)C(O)=O,CCC(N1CCCC1=O)C(N)=O,1
c1cc(ccn1)c1ccncc1,NC(=O)CCC(O)=O,1
NC(=O)c1ccncc1,NC(=O)CCC(O)=O,1
O=C1C=CC(=O)c2ccccc12,O=N(=O)N1C2C3N(C1C1N(C(C(N3N(=O)=O)N1N(=O)=O)N2N(=O)=O)N(=O)=O)N(=O)=O,1
O=C1C=CC(=O)C=C1,O=N(=O)N1C2C3N(C1C1N(C(C(N3N(=O)=O)N1N(=O)=O)N2N(=O)=O)N(=O)=O)N(=O)=O,1
OC(=O)c1ccccc1,S1N=C2C(=CC=C(C3=Nc4c5ccccc5c5ccccc5c4N3c3ccccc3)C2=N1)c1ccncc1,1
OC(=O)c1ccc(cc1)C(F)(F)F,S1N=C2C(=CC=C(C3=Nc4c5ccccc5c5ccccc5c4N3c3ccccc3)C2=N1)c1ccncc1,1
OC(=O)c1ccc(cc1)C#N,S1N=C2C(=CC=C(C3=Nc4c5ccccc5c5ccccc5c4N3c3ccccc3)C2=N1)c1ccncc1,1
OC(=O)c1ccc(cc1)N(=O)=O,S1N=C2C(=CC=C(C3=Nc4c5ccccc5c5ccccc5c4N3c3ccccc3)C2=N1)c1ccncc1,1
c1cc(ccn1)C=Cc1ccncc1,Oc1ccc(cc1)N=Cc1ccccc1O,1
c1cc(ccn1)C#Cc1ccncc1,Oc1ccc(cc1)N=Cc1ccccc1O,1
c1cc(ccn1)c1ccncc1,Oc1ccc(cc1)N=Cc1ccccc1O,1
C1COCCOCCOc2cc(C=Cc3ccncc3)ccc2OCCOCCO1,OC(=O)c1ccccc1,1
NC(=O)c1ccccc1O,OC(=O)c1cc(cc(c1)N(=O)=O)N(=O)=O,1
C1N2CN3CN1CN(C2)C3,Oc1cccc(O)c1,1
Cc1ccc2c(ccc(O)c2c2c(O)ccc3cc(C)ccc23)c1,FC1=C(F)C(=O)C(=C(F)C1=O)F,1
Cc1ccc2c(ccc(O)c2c2c(O)ccc3cc(C)ccc23)c1,O=C1C=CC(=O)C=C1,1
NC(=O)CN1CCCC1=O,OC(C(O)C(O)=O)C(O)=O,1
NC(=O)CN1CCCC1=O,OC(=O)CC(O)(CC(O)=O)C(O)=O,1
c1ccc2c(c1)ccc1cccnc21,CC12CCC3C(CCc4cc(O)ccc34)C1CCC2O,1
CC12CCC3C(CCc4cc(O)ccc34)C1CCC2O,Cc1ccc2ccccc2c1C,1
C1N2CN3CN1CN(C2)C3,Oc1cc(cc(O)c1O)c1ccc(cc1)c1cc(O)c(O)c(O)c1,1
CC12CCC3C(CCc4cc(O)ccc34)C1CCC2=O,Fc1c(F)c(F)c2c(F)c(F)c(F)c(F)c2c1F,1
c1ccc2c(c1)ccc1ccccc21,CC12CCC3C(CCc4cc(O)ccc34)C1CCC2O,1
Nc1ccc(cc1)S(=O)(=O)c1ccc(N)cc1,O=C1C=C(Oc2ccccc12)c1ccccc1,1
C1CCCOCCOCCOCCOCCOCCOCC1,CCOC(=O)c1cc(CNc2cc(cc(c2)C(=O)OCC)C(=O)OCC)cc(c1)C(=O)OCC,1
CC1=CN2C(=NC(=C2N=Cc2ccccc2)c2ccccc2)C=C1,OC(C#N)c1ccccc1,1
CC1(C)CCCC(C)(C)N1N=O,OC(C1OC2(CCCCC2)OC1C(O)(c1ccccc1)c1ccccc1)(c1ccccc1)c1ccccc1,1
NC1=CC(=NN1)c1ccc(Br)cc1,NC1=NNC(=C1)c1ccc(Br)cc1,1
c1ccc2nc3ccccc3nc2c1,OC1=C(F)C(=O)C(=C(F)C1=O)O,1
c1ccc2nc3ccccc3nc2c1,OC1=C(I)C(=O)C(=C(I)C1=O)O,1
NC(=O)N1c2ccccc2C=Cc2ccccc12,Nc1ccccc1C(O)=O,1
Nc1ccccc1C(O)=O,OC(=O)c1ccccc1O,1
[NH3+]c1ccccc1C(=O)[O-],OC(=O)c1ccccc1O,1
CN1C=NC2=C1C(=O)NC(=O)N2C,OC(=O)c1ccccc1O,1
[O-][N+](CC(c1ccccc1)c1ccccc1)=CC=[N+]([O-])CC(c1ccccc1)c1ccccc1,O=C1NCc2ccc(CNC(=O)c3cccc(n3)C(=O)NCc3ccc(CNC(=O)c4cccc1n4)cc3)cc2,1
CC(C)(C)c1cc2ccc3cc(cc4C5=NC6=C(C7=CC=CS7)C7=NSN=C7C(=C6N=C5c(c1)c2c34)C1=CC=CS1)C(C)(C)C,N#CC(C#N)=C1C=CC(C=C1)=C(C#N)C#N,1
N1N=C(N=C1c1ccccn1)c1ccccn1,Oc1ccc(O)cc1,1
C[NH2+]CC(=O)[O-],OCC(O)C1OC(=O)C(=C1O)O,1
O=C([O-])c1c[nH+]ccc1,OCC(O)C1OC(=O)C(=C1O)O,1
C[N+](C)(C)CC(=O)[O-],OCC(O)C1OC(=O)C(=C1O)O,1
C[N+](C)(C)CC(=O)[O-],Oc1ccccc1O,1
C[N+](C)(C)CC(=O)[O-],OC(=O)c1cc(O)c(O)c(O)c1,1
C[NH2+]CC(=O)[O-],Oc1cc2C(=O)Oc3c(O)c(O)cc4C(=O)Oc(c1O)c2c34,1
C[NH+](C)CC(=O)[O-],Oc1cc2C(=O)Oc3c(O)c(O)cc4C(=O)Oc(c1O)c2c34,1
COc1ccc(cc1O)C1CC(=O)c2c(O)cc(O)cc2O1,O=C([O-])c1c[nH+]ccc1,1
Cc1ccccc1CC#N,N#Cc1cc(C#N)c(cc1C#N)C#N,1
C[N+]1(CCOCC1)CC(=O)[O-],OC(=O)c1ccc(O)cc1,1
C#Cc1ccc(cc1)C#C,CN(C)c1ccncc1,1
C#Cc1ccc(cc1)C#C,c1cc(ccn1)c1ccncc1,1
C#Cc1ccc(cc1)C#C,c1cc(ccn1)C#Cc1ccncc1,1
C#Cc1ccc(cc1)C#C,c1cc(ccn1)C=Cc1ccncc1,1
C#Cc1ccc(cc1)C#C,N#Cc1ccc(cc1)C#N,1
c1cnccn1,Cc1c(C)c(C#C)c(C)c(C)c1C#C,1
C#Cc1cccc(n1)C#C,C#Cc1cncnc1,1
c1ccc2nccnc2c1,OC(=O)C(O)=O,1
c1cnc2cccnc2c1,OC(=O)C(O)=O,1
c1ccc2nccnc2c1,OC(=O)C=CC(O)=O,1
c1ccc2ncncc2c1,OC(C(O)c1ccccc1)c1ccccc1,1
c1ccc2cnccc2c1,OC(C(O)c1ccccc1)c1ccccc1,1
FC1=CNC(=O)NC1=O,NC(N)=O,1
COc1cc2CC(C)(O)C(C(C)=O)c3cc(OC)c(O)c(OC)c3c2c(OC)c1O,CS(=O)c1ccccc1,1
CC(=O)NC1=NN=C(S1)S(N)(=O)=O,OC(=O)c1ccc(O)cc1,1
NC(=O)c1cccnc1,OC(=O)c1ccc(O)cc1,1
CN(C)c1ccncc1,Fc1c(F)c(I)c(F)c(F)c1I,1
CN(C)c1ccncc1,Fc1c(F)c(I)c(F)c(I)c1F,1
CN(C)c1ccncc1,Fc1c(F)c(I)cc(I)c1F,1
CN(C)c1ccncc1,Fc1c(I)c(F)c(I)c(F)c1I,1
C1CN=C(N1)c1ccccc1C1=NCCN1,CC(=NO)C(C)=NO,1
C1Oc2cc3ccccc3cc2OCc2cc3COc4c(OCc3cc12)c1ccccc1c1ccccc41,O=C1OC(=O)c2cc3C(=O)OC(=O)c3cc12,1
c1cc(ccn1)c1ccncc1,OC(=O)CCCCCCCC(O)=O,1
c1cc(ccn1)c1ccncc1,ON=Cc1c(O)ccc2ccccc12,1
CN1C=NC2=C1C(=O)N(C)C(=O)N2C,ON=Cc1c(O)ccc2ccccc12,1
CC1=CC(=O)c2ccccc2C1=O,OC(=O)c1ccc2cc(O)ccc2c1,1
CC1=CC(=O)c2ccccc2C1=O,Cc1ccnc(NS(=O)(=O)c2ccc(N)cc2)n1,1
Cc1cc2NC(=Nc2cc1C)N=C(N)N,O=C1NC(=O)c2ccccc12,1
Cc1ccc(cc1)c1nc(N)nc(N)n1,OC(=O)CCCCC(O)=O,1
CN(C)c1ccncc1,Oc1ccccc1C=O,1
Cc1cc(C)nc(NS(=O)(=O)c2ccc(N)cc2)n1,OC(=O)c1ccccc1,1
C(Nc1ccccn1)c1ccccc1,OC(=O)C(O)=O,1
CC(=O)NS(=O)(=O)c1ccc(N)cc1,CN1C=NC2=C1C(=O)N(C)C(=O)N2C,1
CC12C3C(=O)C4(C)C(C1(O)C(=C3c1ccccc1)c1ccccc1)C4(c1ccccc1)c1ccccc21,COC(C)(C)C,1
[NH3+]C(CCCNC(N)=O)C(=O)[O-],OC(CC(O)=O)C(O)=O,1
CC1(C)OC(C(O1)C(O)(c1ccccc1)c1ccccc1)C(O)(c1ccccc1)c1ccccc1,CCCN,1
CC1(C)OC(C(O1)C(O)(c1ccccc1)c1ccccc1)C(O)(c1ccccc1)c1ccccc1,CCCN(CCC)CCC,1
O=C1CCCCN1,OC1=C(Cl)C(=O)C(=C(Cl)C1=O)O,1
c1cc(ccn1)c1cncnc1,OC(=O)c1cc(cc(c1)C(O)=O)C(O)=O,1
CC1CCNC2CCCCC2NC(C)CCNC2CCCCC2N1,OCc1cccc2ccccc12,1
c1cc(ccn1)c1ccncc1,CC(=NO)C(C)=NO,1
Fc1c(F)c(I)c(F)c(F)c1I,N#Cc1ccc(C=Cc2ccc(cc2)C=Cc2ccccc2C#N)cc1,1
N#Cc1ccc(C=Cc2ccc(cc2)C=Cc2ccccc2C#N)cc1,OC(=O)c1c(F)c(F)c(Br)c(F)c1F,1
Fc1c(F)c(F)c2c(F)c(F)c(F)c(F)c2c1F,N#Cc1ccc(C=Cc2ccc(cc2)C=Cc2ccccc2C#N)cc1,1
Fc1c(F)c(F)c2c(F)c(F)c(F)c(F)c2c1F,N#Cc1ccc(C=Cc2ccc(cc2)C=Cc2ccc(cc2)C#N)cc1,1
N#Cc1ccccc1C=Cc1ccc(cc1)C=Cc1ccccc1C#N,OC(=O)c1c(F)c(F)c(Br)c(F)c1F,1
COc1ccc2cc(ccc2c1)C(C)C(O)=O,NC(=O)c1ccccn1,1
Cc1nc(C)c(C)nc1C,Fc1c(I)c(F)c(I)c(F)c1I,1
c1ccc2nc3ccccc3cc2c1,Fc1c(I)c(F)c(I)c(F)c1I,1
c1cnc2c(c1)ccc1cccnc21,Fc1c(I)c(F)c(I)c(F)c1I,1
Cc1cc(C)nc(Nc2ccccc2)n1,O=C1C2=C(SC(=C(S2)C#N)C#N)C(=O)c2ccccc12,1
C[N+](C)(C)[O-],COc1cccc(c1)C(=O)c1cc(cc(c1)C(=O)c1cccc(OC)c1)C(=O)c1cccc(OC)c1,1
C1Cc2ccc3SSc4ccc1c2c34,N#CC(C#N)=C1C=CC(C=C1)=C(C#N)C#N,1
NC1=NC(=O)N(C=C1)C1OC(CO)C(O)C1O,OC(=O)c1ccccc1O,1
COc1cc2cc3cc(OC)c(OC)cc3cc2cc1OC,Fc1c(F)c(F)c2c(F)c3c(F)c(F)c(F)c(F)c3c(F)c2c1F,1
COc1cc2cc3cc(OC)c(OC)cc3cc2cc1OC,Fc1c(F)c(F)c2C(=O)c3c(F)c(F)c(F)c(F)c3C(=O)c2c1F,1
CN(C)c1ccc(cc1)N(C)C,Fc1c(F)c(F)c2c(F)c3c(F)c(F)c(F)c(F)c3c(F)c2c1F,1
COc1cc2Sc3cc(OC)c(OC)cc3Sc2cc1OC,N#CC(C#N)=C(C#N)C#N,1
[NH3+]C(C(=O)NC(C(=O)[O-])c1ccccc1)c1ccccc1,CS(=O)Cc1ccc(F)cc1,1
[NH3+]C(C(=O)NC(C(=O)[O-])c1ccccc1)c1ccccc1,CS(=O)Cc1ccc(Br)cc1,1
[NH3+]C(C(=O)NC(C(=O)[O-])c1ccccc1)c1ccccc1,CS(=O)Cc1ccc(I)cc1,1
CN1N(C(=O)C=C1C)c1ccccc1,Nc1ccc(cc1)S(N)(=O)=O,1
Cc1ccc(cc1)C(O)=O,FC1=CNC(=O)NC1=O,1
FC1=CNC(=O)NC1=O,OC(=O)c1cccc(c1)N(=O)=O,1
CN1C(=O)C(O)(c2cc(Br)cc(Br)c12)C(F)(F)C(=O)c1ccccc1,OC(=O)c1ccccc1,1
NC(=O)N1c2ccccc2C=Cc2ccccc12,OCC(F)(F)F,1
CN(C)c1ccc(cc1)C=Nc1ccccc1C(O)=O,Nc1cc(ccc1O)N(=O)=O,1
NC(N)=O,Nc1cc(ccc1O)N(=O)=O,1
COC1=CC(=O)N(C)C=C1,OC(C#CC#CC(O)(c1ccccc1)c1ccccc1Cl)(c1ccccc1)c1ccccc1Cl,1
O=P(c1ccccc1)(c1ccccc1)c1ccccc1,OC(=O)c1cc(ccc1O)N(=O)=O,1
O=P(c1ccccc1)(c1ccccc1)c1ccccc1,OC(=O)c1cc(cc(c1Cl)N(=O)=O)N(=O)=O,1
CCN1C(=O)c2cc3C(=O)N(CC)C(=O)c3cc2C1=O,COc1ccc2cc(OC)ccc2c1,1
Nc1ccc(N)cc1,Oc1ccccc1,1
Nc1ccc(N)cc1,Oc1ccc(cc1)c1ccccc1,1
Nc1ccc(N)cc1,Oc1ccc2cc(O)ccc2c1,1
Nc1ccc(N)cc1,OCCCCCCO,1
N#Cc1ccncc1,OC(=O)c1ccc(F)cc1,1
Nc1ccc(N)cc1,Oc1ccc(Cl)cc1,1
CCOC(=O)C1=C2CCCCC2=C(N1)C(C1=C2CCCCC2=C(N1)C(=O)OCC)c1c(F)c(F)c(F)c(F)c1F,Fc1c(F)c(F)c(C=O)c(F)c1F,1
Nc1nnc(c(N)n1)c1cccc(Cl)c1Cl,O=C1NC(=O)c2ccccc12,1
Cc1ccc(Cl)c(Nc2ccccc2C(O)=O)c1Cl,NC(=O)c1ccncc1,1
c1cc(ccn1)c1ccncc1,Cc1ccc(Cl)c(Nc2ccccc2C(O)=O)c1Cl,1
ClCC(=O)NC1=NNC=C1,OC(=O)CCl,1
c1cncc(c1)C#CC#Cc1cccnc1,OC(=O)CNC(=O)C(=O)NCC(O)=O,1
c1cc(ccn1)C#CC#Cc1ccncc1,OC(=O)CNC(=O)C(=O)NCC(O)=O,1
c1cc(ccn1)c1ccncc1,CN(C)c1ccc(cc1)C=Nc1c(F)c(F)c(I)c(F)c1F,1
c1cncc(c1)C#CC#Cc1cccnc1,OC(=O)CCNC(=O)C(=O)NCCC(O)=O,1
O=C(NN=C1CCCCCCC1)c1ccncc1,OC(=O)c1cccc(O)c1,1
c1cc(ccn1)C#CC#Cc1ccncc1,OC(=O)CCNC(=O)C(=O)NCCC(O)=O,1
Cc1ccc(cc1)C(C)=NNC(=O)c1ccncc1,OC(=O)c1cccc(O)c1,1
c1cncc(c1)C#CC#Cc1cccnc1,OC(=O)CCCCNC(=O)C(=O)NCCCCC(O)=O,1
c1cc(ccn1)C#CC#Cc1ccncc1,OC(=O)CCCCNC(=O)C(=O)NCCCCC(O)=O,1
c1cncc(c1)C#CC#Cc1cccnc1,OC(=O)CCCCCNC(=O)C(=O)NCCCCCC(O)=O,1
c1cc(ccn1)C#CC#Cc1ccncc1,OC(=O)CCCCCNC(=O)C(=O)NCCCCCC(O)=O,1
Cc1cc(C)c2ccc(N)nc2n1,OC(=O)c1cc(cc(c1)N(=O)=O)N(=O)=O,1
CN(C)C(=O)c1cc(cc(c1)N(=O)=O)N(=O)=O,CN(C)C(=S)NC(=O)c1cc(cc(c1)N(=O)=O)N(=O)=O,1
COc1ccncc1,IN1C(=O)CCC1=O,1
IN1C(=O)CCC1=O,N#Cc1ccncc1,1
COC(=O)c1ccncc1,IN1C(=O)CCC1=O,1
IN1C(=O)CCC1=O,O=C(c1ccccc1)c1ccncc1,1
BrN1C(=O)CCC1=O,Cc1ccncc1,1
BrN1C(=O)CCC1=O,COc1ccncc1,1
BrN1C(=O)CCC1=O,CN(C)c1ccncc1,1
BrN1C(=O)CCC1=O,N#Cc1ccncc1,1
BrN1C(=O)CCC1=O,COC(=O)c1ccncc1,1
BrN1C(=O)CCC1=O,O=C(c1ccccc1)c1ccncc1,1
Cc1ccncc1,O=C1CCC(=O)N1,1
CN(C)c1ccncc1,O=C1CCC(=O)N1,1
COc1cccc(C=Nc2cccnc2)c1O,Fc1c(F)c(I)c(F)c(F)c1I,1
COc1cccc(C=Nc2ccc(Br)cc2)c1O,Fc1c(F)c(I)c(F)c(F)c1I,1
COc1cccc(C=Nc2ccc(I)cc2)c1O,Fc1c(F)c(I)c(F)c(F)c1I,1
Cc1cc(O)ccc1N(=O)=O,CN(C)c1ccncc1,1
c1cc(ccn1)c1ccncc1,NC1=NC(=NN1)SSC1=NNC(=N1)N,1
N#CC(C#N)=C1C=CC(C=C1)=C(C#N)C#N,NN1C(=NN=C1c1ccccn1)c1ccccn1,1
CC(C)(C)c1ccnc(c1)c1cc(cc(n1)c1ccccc1)C(C)(C)C,Fc1c(F)c(F)c(F)c(F)c1F,1
CC(C)(C)c1cc(nc(c1)c1cc(cc(n1)c1ccccc1)C(C)(C)C)c1ccccc1,Fc1c(F)c(F)c(F)c(F)c1F,1
CC(C)(C)C#Cc1c(N)c(N)c(C#CC(C)(C)C)c(C#CC(C)(C)C)c1C#CC(C)(C)C,Fc1c(F)c(F)c(F)c(F)c1F,1
CC1CCC(=O)CC1,OC1(c2ccccc2)c2ccccc2C(O)(c2ccccc2)c2ccccc12,1
CC1CCCCC1=O,OC1(c2ccccc2)c2ccccc2C(O)(c2ccccc2)c2ccccc12,1
CC(=O)c1cc(Cl)cc(c1O)N(=O)=O,Nc1ccccc1C(O)=O,1
CN1CC[N+](C)(CC1)CC(=O)[O-],OC(=O)c1ccc(O)cc1,1
N#CC(C#N)=C1C=CC(C=C1)=C(C#N)C#N,S1c2ccccc2C2=C1c1ccccc1S2,1
FC1=CC(C(=CC1=C(C#N)C#N)F)=C(C#N)C#N,S1c2ccccc2C2=C1c1ccccc1S2,1
FC1=C(F)C(C(=C(F)C1=C(C#N)C#N)F)=C(C#N)C#N,S1c2ccccc2C2=C1c1ccccc1S2,1
C(CN1c2ccccc2c2ccccc12)CN1c2ccccc2c2ccccc12,ClC1=C(Cl)C(=O)C(=C(Cl)C1=O)Cl,1
ClC1=C(Cl)C(=O)C(=O)C(=C1Cl)Cl,COc1ccc(C=C)cc1,1
CCCCC1(CCCC)C(=O)NC(=O)NC1=O,COC(=O)C(CC1=CNc2ccccc12)Nc1nc(N)nc(NC(CC2=CNc3ccccc23)C(=O)OC)n1,1
CN(C)c1cccc(c1)C(=O)NC1=NCCS1,CN(C)c1cccc(c1)C(O)=O,1
c1cc(ccn1)C=Cc1ccncc1,Oc1ccc(CCNC(=O)C(=O)NCCc2ccc(O)cc2)cc1,1
O=C(NCc1ccncc1)C(=O)NCc1ccncc1,OCCNC(=O)C(=O)NCCO,1
O=C(NCc1ccncc1)C(=O)NCc1ccncc1,OC(=O)CNC(=O)C(=O)NCC(O)=O,1
CC(C)C1CCC(C)CC1O,CCN(CC)CC(=O)Nc1c(C)cccc1C,1
[NH3+]C(CO)C(=O)[O-],OCC(O)C1OC(=O)C(=C1O)O,1
c1ccc(cc1)N=Nc1cccnc1,Oc1cc(O)c(Br)cc1Br,1
c1ccc(cc1)C=Cc1ccccc1,Fc1c(F)c(F)c(C=Cc2c(F)c(F)c(F)c(F)c2F)c(F)c1F,1
NC1=NC(=O)NC=C1F,OC(=O)c1cc(O)c(O)c(O)c1,1
NC1=NC(=O)NC=C1F,OC(=O)CCCC(O)=O,1
COc1ccc2N(C(=C(CC(O)=O)c2c1)C)C(=O)c1ccc(Cl)cc1,NC(=O)c1cccnc1,1
Nc1ccc(cc1)C(O)=O,OC(=O)c1cccnc1,1
CC(=O)OCC1OC(O)C(OC(C)=O)C(OC(C)=O)C1OC(C)=O,CC(N)c1ccccc1,1
CC1=CC=CC(=O)N1,Oc1ccc(cc1)C1(c2ccc(O)cc2)c2ccccc2c2ccccc12,1
NNC(=O)c1ccncc1,OC(=O)c1ccccc1,1
NNC(=O)c1ccncc1,OC(=O)CCCCCCCCC(O)=O,1
NNC(=O)c1ccncc1,OC(=O)CCCCCCC(O)=O,1
NNC(=O)c1ccncc1,OC(=O)C=Cc1ccccc1,1
BrC1=C2SC(=NC#N)C(=C2SC1=NC#N)Br,S1C=CSC1=C1SC=CS1,1
Cc1cc(C)nc(N)n1,OC(=O)CCCCCC(O)=O,1
CC1(C)OC(C(O1)C(O)(c1ccccc1)c1ccccc1)C(O)(c1ccccc1)c1ccccc1,CCCNCCC,1
C1CSC(S1)=CC=C1SCCS1,N#CC(C#N)=C1C=CC(C=C1)=C(C#N)C#N,1
Cc1cnccn1,OC1=C(Cl)C(=O)C(=C(Cl)C1=O)O,1
C1COc2cc3SC(Sc3cc2O1)=C1Sc2cc3OCCOc3cc2S1,CC1=CC(C(=CC1=C(C#N)C#N)C)=C(C#N)C#N,1
C1COc2cc3SC(Sc3cc2O1)=C1Sc2cc3OCCOc3cc2S1,COC1=CC(C(=CC1=C(C#N)C#N)OC)=C(C#N)C#N,1
c1cc(ccn1)c1ccncc1,CC(=O)Oc1ccccc1C(O)=O,1
C1N2CN3CN1CN(C2)C3,OC(=O)c1cccc(c1)C#CI,1
N#Cc1cc(C#N)c(cc1C#N)C#N,S1C(Sc2ccccc12)=C1Sc2ccccc2S1,1
O=C1C(Sc2ccccc12)=C1C=CNC=C1,OC1=C(Sc2ccccc12)c1ccncc1,1
c1ccc(cc1)C#CC#Cc1ccccc1,CC(C)C1=CC=CC2(C(C)C)C3C=C(c4ccccc4)C4=C(N=C1C24C(=C3c1ccccc1)c1ccccc1)c1ccccc1,1
CC(C)N(C(C)C)C(=[N+](C(C)C)C(C)C)C(=O)c1ccccc1C(=O)[O-],CC(C)N(C(C)C)C1(OC(=O)c2ccccc2C1=O)N(C(C)C)C(C)C,1
O=C1CCCCCO1,O=N(=O)N1CN(CN(C1)N(=O)=O)N(=O)=O,1
CC(=O)c1c2ccccc2cc2ccccc12,Fc1c(F)c(C#N)c(F)c(F)c1C#N,1
Cc1ccccc1C(O)=O,Cc1nc(C)c(Cl)c(N)n1,1
Cc1cccc(c1)C(O)=O,Cc1nc(C)c(Cl)c(N)n1,1
Cc1ccc(cc1)C(O)=O,Cc1nc(C)c(Cl)c(N)n1,1
Cc1nc(C)c(Cl)c(N)n1,Nc1ccc(cc1)C(O)=O,1
CN1N=C(O)CSP1(=S)Oc1ccccc1,CN1NC(=O)CSP1(=S)Oc1ccccc1,1
Cc1nc(C)c(Cl)c(N)n1,OC(=O)c1ccc(Cl)cc1Cl,1
Cc1nc(C)c(Cl)c(N)n1,Nc1ccccc1C(O)=O,1
Cc1nc(C)c(Cl)c(N)n1,OC(=O)c1ccccc1,1
NC(=O)c1cnccn1,OC(=O)CCCC(O)=O,1
NC(=O)c1cnccn1,OC(=O)CC(O)=O,1
O=C1CNC(=O)CN1,OC(=O)c1cc(O)cc(O)c1,1
O=C1CNC(=O)CN1,OC(=O)c1ccc(O)cc1,1
CC1=C(C=C(S1)c1ccncc1)C1=C(C2=C(C)SC(=C2)c2ccncc2)C(F)(F)C(F)(F)C1(F)F,Fc1c(F)c(I)c(F)c(F)c1I,1
O=C(NN=Cc1c2ccccc2cc2ccccc12)c1ccncc1,OC(=O)C(O)=O,1
CS(=O)(=O)NS(C)(=O)=O,O=P(c1ccccc1)(c1ccccc1)c1ccccc1,1
[NH3+]CC(CC(C)C)CC(=O)[O-],OC(C(O)=O)c1ccccc1,1
N#CC(C#N)=C1OC(C=C1)=C1OC(C=C1)=C(C#N)C#N,S1C=CSC1=C1SC=CS1,1
CCCCCCCC(O)=O,NC1=NC(=O)NC=C1F,1
CN1C=NC2=C1C(=O)N(C)C(=O)N2C,NC1=NC(=O)NC=C1F,1
c1cc(ccn1)c1ccncc1,Fc1c(F)c(I)c(F)c(I)c1F,1
NC(N)=O,OC(=O)CC(O)(CC(O)=O)C(O)=O,1
BrC(Br)(Br)N(=O)=O,CN(C)c1ccc(cc1)N(C)C,1
[O-][n+]1cccc2ccccc12,CC(C)(C)CC(C)(C)c1ccc(O)cc1,1
[O-][n+]1cccc2ccccc12,Oc1ccc(cc1)C1(CCCCC1)c1ccc(O)cc1,1
[O-][n+]1cccc2ccccc12,CC(C)(c1ccc(O)cc1)c1ccc(O)cc1,1
c1cc(ccn1)C=Cc1ccncc1,OC(=O)c1ccccc1SSc1ccccc1C(O)=O,1
O=C([O-])C1C[NH2+]CCC1,OC(=O)c1ccc(O)cc1,1
c1cc(ccn1)c1ccncc1,CC1Cc2ccccc2N1NC(=O)c1ccc(Cl)c(c1)S(N)(=O)=O,1
c1ccc2nc3ccccc3nc2c1,CC1Cc2ccccc2N1NC(=O)c1ccc(Cl)c(c1)S(N)(=O)=O,1
CC1=CC=CC(=O)N1,CC1Cc2ccccc2N1NC(=O)c1ccc(Cl)c(c1)S(N)(=O)=O,1
c1ccc(nc1)c1ccccn1,CC1Cc2ccccc2N1NC(=O)c1ccc(Cl)c(c1)S(N)(=O)=O,1
COC1=CC(=O)C=CC1=O,Oc1ccc(O)cc1,1
C=Cc1ccncc1,OC1(c2ccccc2)c2ccccc2C(O)(c2ccccc2)c2ccccc12,1
Cc1ccncc1,OC1(c2ccccc2)c2ccccc2C(O)(c2ccccc2)c2ccccc12,1
C1CCC2OCCOCCOC3CCCCC3OCCOCCOC2C1,O=C1OC(=O)C=C1,1
[NH3+]C(CO)C(=O)[O-],OC(=O)c1ccnc(c1)C(O)=O,1
O=C1C=CC(=O)C=C1,S1C=CSC1=C1SC=CS1,1
C1COCCOCCNCCOCCOCCN1,ON=Cc1ccc(cc1)N(=O)=O,1
C1COCCOCCNCCOCCOCCN1,Oc1ccc2cc(O)ccc2c1,1
C1COc2ccccc2Oc2cc3ccccc3cc2Oc2ccccc2OCCOCc2cccc(CO1)n2,O=N(=O)c1ccccc1,1
CC(C)(c1ccc(O)cc1)c1ccc(O)cc1,Cc1ccc(O)cc1,1
C[N+]1(CCCCC1)CC(=O)[O-],OC(=O)c1ccc(O)cc1,1
CC1=C(C)SC(S1)=C1SC(=C(C)S1)C,N#CN=Nc1ccc(cc1)N=NC#N,1
Cc1cc(nc(N)n1)c1ccccc1,OC(=O)c1cccc(c1)C(O)=O,1
Nc1nc(cc(n1)c1ccccc1)c1ccccc1,OC(=O)c1ccc(cc1)C(O)=O,1
CC1=Nc2ccccc2N1CCCCN1C(=Nc2ccccc12)C,OC(=O)c1ccc(cc1)C(O)=O,1
NCC(O)=O,OC1=C(O)C(=O)C1=O,1
CN(C)c1ccncc1,NS(=O)(=O)c1cc2c(NCNS2(=O)=O)cc1Cl,1
CC1=CNc2ccccc12,N#CC(C#N)=C(C#N)C#N,1
NC(N)=O,OC(=O)c1ccccc1O,1
CC1=CC(=NO1)NS(=O)(=O)c1ccc(N)cc1,COc1cc(Cc2cnc(N)nc2N)cc(OC)c1OC,1
Cc1cccc(NC(=O)Nc2cccc(C)n2)n1,OC(=O)Cc1ccc(CC(O)=O)cc1,1
FC1=CNC(=O)NC1=O,OC(=O)c1ccc(O)cc1,1
OC1=C(Cl)C(=O)C(=C(Cl)C1=O)O,S1C=CSC1=C1SC=CS1,1
CC(=O)Oc1ccccc1C(=O)NC1=NC=C(S1)N(=O)=O,OC(=O)CCCC(O)=O,1
CCCOC(=O)C1(C#N)C(C2C1c1ccc(cc1)C1C(c3ccncc3)C(C#N)(C1c1ccc2cc1)C(=O)OCCC)c1ccncc1,OC(C(F)(F)F)C(F)(F)F,1
CC(C)Cc1ccc(cc1)C(C)C(O)=O,NC(=O)c1cccnc1,1
NC(=O)c1cccnc1,OC(=O)c1ccccc1O,1
c1ccc(C=NN=Cc2ccccn2)nc1,OC(=O)c1ccccc1SSc1ccccc1C(O)=O,1
c1cncc(c1)C=NN=Cc1cccnc1,OC(=O)c1ccccc1SSc1ccccc1C(O)=O,1
O=C(c1ccccc1)c1ccccc1,OC(C#CC#CC(O)(c1ccccc1)c1ccccc1)(c1ccccc1)c1ccccc1,1
NC(=O)c1ccc(O)cc1,NC(=O)N1c2ccccc2C=Cc2ccccc12,1
C1CCc2ncccc2C1,Oc1c(Cl)c(Cl)c(Cl)c(Cl)c1Cl,1
CN1C(=C([O-])c2ccccc2S1(=O)=O)C(=O)Nc1[nH+]cccc1,N1N=Nc2ccccc12,1
c1cnccn1,CN1C(=C([O-])c2ccccc2S1(=O)=O)C(=O)Nc1[nH+]cccc1,1
c1ccc2c(c1)ccc1c2ccc2c3ccccc3ccc12,FC1=C(F)C(C(=C(F)C1=C(C#N)C#N)F)=C(C#N)C#N,1
COP(=O)([O-])C(Nc1ccccc1)=[NH+]c1ccccc1,OC(=O)C(F)(F)F,1
NC(=O)c1cccnc1,OC(=O)C=Cc1ccc(O)cc1,1
N#Cc1ccncc1,Nc1ccc(cc1)C(O)=O,1
N#Cc1ccncc1,OC(=O)c1ccc(O)cc1,1
N#Cc1ccncc1,OC(=O)c1ccc(cc1)N(=O)=O,1
NC(=O)c1ccncc1,Nc1ccc(cc1)C(O)=O,1
C(Cc1ccncc1)c1ccncc1,OC(=O)c1ccc(cc1)N(=O)=O,1
COc1ccc(cc1)C(O)=O,N#Cc1ccncc1,1
C(Cc1ccncc1)c1ccncc1,COc1ccc(cc1)C(O)=O,1
CC1=C(C(=NN1)C)C1=C(C)NN=C1C,OC(=O)CCCCCCC(O)=O,1
CC1=C(C(=NN1)C)C1=C(C)NN=C1C,OC(=O)CCCCCCCCC(O)=O,1
C1COCCOCCOCCO1,N1c2ccccc2c2ccccc12,1
CC(C)(C)c1cc(cc(c1)C(O)=O)C(O)=O,S(c1ccncc1)c1ccncc1,1
C(Cc1ccncc1)Cc1ccncc1,Cc1cc(cc(c1)C(O)=O)C(O)=O,1
CC1(C)CC(=O)CC(C)(C)C1,Cc1cc(C#Cc2cc(C)cc(c2O)C(C)(C)C)c(O)c(c1)C(C)(C)C,1
CN1C=CC=C1,Oc1c(cc(c(O)c1N(=O)=O)N(=O)=O)N(=O)=O,1
Cc1cc(C)nc(NS(=O)(=O)c2ccc(N)cc2)n1,Nc1ccccc1C(O)=O,1
O=N(=O)c1cc2cccnc2c2ncccc12,OC(=O)c1c(Br)c(Br)c(C(O)=O)c(Br)c1Br,1
Cc1cc(C)nc(NS(=O)(=O)c2ccc(N)cc2)n1,Nc1ccc(cc1)C(O)=O,1
CC(CCC(O)=O)C1CCC2C3CCC4CC(O)CCC4(C)C3CC(O)C12C,CC1(C)C2CCC1(C)C(=O)C2Br,1
c1cc(ccn1)c1ccncc1,OC(=O)CC(O)=O,1
c1cc(ccn1)c1ccncc1,OC(=O)CCCC(O)=O,1
c1cc(ccn1)c1ccncc1,OC(=O)CCCCC(O)=O,1
c1cc(ccn1)c1ccncc1,OC(=O)CSCC(O)=O,1
CC1=C(Oc2ccc(O)cc2C1=O)c1cc(Br)c(O)c(Br)c1,O=P(c1ccccc1)(c1ccccc1)c1ccccc1,1
c1cc(ccn1)c1ccncc1,OC(=O)CCSCCC(O)=O,1
C1COCCOCCOCCOCCOCCO1,Nc1c(Cl)c(F)nc(F)c1Cl,1
C1COCCOCCOCCOCCOCCO1,Nc1nc(F)c(F)cc1F,1
C1COCCOCCOCCOCCOCCO1,Nc1nc(F)c(F)c(Cl)c1F,1
C1COCCOCCOCCOCCOCCO1,Nc1ccc2c(F)cc(F)cc2n1,1
C1COCCOCCOCCOCCOCCO1,Nc1c(F)c(F)c2ccc(Cl)nc2c1F,1
C1COCCOCCOCCOCCOCCO1,Nc1nc(F)c(F)c(NCc2c3ccccc3cc3ccccc23)c1F,1
O(c1ccccc1)c1ccccc1,OC(=O)c1cc(cc(c1)C(O)=O)C(O)=O,1
COc1ccccc1OC,N#CC(C#N)=C(C#N)C#N,1
ClC1=C(Cl)C(=O)C(=C(C#N)C1=O)C#N,COc1cc2Sc3c(OC)c4Sc5cc(OC)c(OC)cc5Sc4c(OC)c3Sc2cc1OC,1
CNC1=C2C(=O)C=CC3=CC=CC(=C23)C=C1,OOC1COCCO1,1
CSc1cc2Sc3cc(SC)c(SC)cc3Sc2cc1SC,N#CC(C#N)=C1C=CC(C=C1)=C(C#N)C#N,1
CN(C)C(N)=O,OC(=O)C=CC(O)=O,1
CNC(N)=O,OC(=O)C=CC(O)=O,1
CC1(O)CCC2CC1CCC2(C)O,Oc1ccc(Cl)cc1,1
CC1(O)CCC2CC1CCC2(C)O,Oc1ccc(O)cc1,1
NC1=NC2=NC(=NC3=NC(=NC(=N1)N23)N)N,Nc1nc(N)nc(N)n1,1
CC(C)P1(=O)CC=C(C)C1,OC(C1OC2(CCCCC2)OC1C(O)(c1ccccc1)c1ccccc1)(c1ccccc1)c1ccccc1,1
c1ccc(cc1)C=Cc1cnc(C=Cc2ccccc2)cn1,CCOC(=O)C=Cc1ccc(cc1)C=Cc1cnccn1,1
CN1C(=O)N(C)C2=C(NC=N2)C1=O,Nc1ccc(cc1)S(=O)(=O)N=C1NC=CS1,1
Brc1ccc(cc1)C(=O)CN1CCCCC1=O,OC(C1OC2(CCCCC2)OC1C(O)(c1ccccc1)c1ccccc1)(c1ccccc1)c1ccccc1,1
CN1C=CC(=S)NC1=O,CN1C=Nc2c(N)ncnc12,1
CN(C(=O)c1ccccc1)c1ccccc1N(C)C(=O)c1ccccc1,Oc1ccc2ccccc2c1c1c(O)ccc2ccccc12,1
CC(=O)Nc1ccc(O)cc1,OC(=O)c1cc[nH+]c(c1)C(=O)[O-],1
CC(CC1CC1c1ccc2ccccc2c1)OC(=O)c1ccc(Br)cc1,Fc1c(F)c(F)c(F)c(F)c1F,1
CC1(C)C2CC1C1=C(C2)SC2=C(SC(S2)=C2SC3=C(SCCS3)S2)S1,N#CC(C#N)=C1C=CC(C=C1)=C(C#N)C#N,1
CC1CC(C)SC2=C(S1)SC(S2)=C1SC2=C(S1)SC1=C(CC3CC1C3(C)C)S2,N#CC(C#N)=C1C=CC(C=C1)=C(C#N)C#N,1
N1C=NC(=N1)c1ccccn1,Oc1ccc(O)cc1,1
C=Cc1ccncc1,Fc1c(F)c(N=Nc2c(F)c(F)c(I)c(F)c2F)c(F)c(F)c1I,1
C1CN2CCN1CC2,Fc1c(F)c(N=Nc2c(F)c(F)c(I)c(F)c2F)c(F)c(F)c1I,1
C1CSCCS1,Fc1c(F)c(N=Nc2c(F)c(F)c(I)c(F)c2F)c(F)c(F)c1I,1
CCCCCCCCCCOc1ccc(cc1)C=Cc1ccncc1,CCCCCCOc1ccc(cc1)C=Cc1c(F)c(F)c(I)c(F)c1F,1
CCCCCCOc1c(F)c(F)c(I)c(F)c1F,CCCCCCOc1ccc(cc1)C=Cc1ccncc1,1
c1cc(ccn1)C#Cc1ccncc1,OC(=O)c1ccccc1C(O)=O,1
CC1=C(Br)C(=O)N=C(N)N1,CC1=C(Br)C(=O)NC(=N1)N,1
[NH3+]C(CC(N)=O)C(=O)[O-],OC(C(O)C(O)=O)C(O)=O,1
CN(C)c1ccc(C=O)cc1,OC(=O)c1cc(cc(c1O)N(=O)=O)N(=O)=O,1
CN(C)c1ccc(C=O)cc1,OC(=O)c1ccc(cc1C(O)=O)N(=O)=O,1
CN(C)c1ccc(C=O)cc1,OC(=O)C(O)=O,1
CN(C)c1ccc(C=O)cc1,OC(=O)c1cccc(c1C(O)=O)N(=O)=O,1
c1cnccn1,COC(=O)C1=C(C)NC(=C(C1c1ccccc1N(=O)=O)C(=O)OC)C,1
Cc1ccc(cc1)S(=O)(=O)N1C=C(C(=O)c2ccccc2)C2(O)N1C(=O)c1ccccc21,CCCC,1
c1ccc(C=NN=Cc2ccccn2)nc1,OC(=O)Cc1ccc(Cl)cc1,1
N#Cc1ccc2ccccc2n1,OC(=O)C=CC(O)=O,1
N1N=Nc2ccccc12,OC(=O)c1cccc(c1)N(=O)=O,1
CC(=O)C=CC1=C(C)CCCC1(C)C,Oc1ccc(cc1)C1(CCCCC1)c1ccc(O)cc1,1
c1ccc2c(c1)cc1ccccc1c2c1c2ccccc2cc2ccccc12,CC(=O)C=CC1C(=CCCC1(C)C)C,1
C(Cc1ccncc1)c1ccncc1,OC(=O)CCCCCCCCC(O)=O,1
C(Cc1ccncc1)c1ccncc1,OC(=O)CCCCCCC(O)=O,1
C(Cc1ccncc1)c1ccncc1,OC(=O)CCCCCCCC(O)=O,1
C(Cc1ccncc1)Cc1ccncc1,OC(=O)CCCCCCCCC(O)=O,1
C(Cc1ccncc1)Cc1ccncc1,OC(=O)CCCC(O)=O,1
C(Cc1ccncc1)Cc1ccncc1,OC(=O)CCCCC(O)=O,1
C(Cc1ccncc1)Cc1ccncc1,OC(=O)CCCCCC(O)=O,1
C(Cc1ccncc1)c1ccncc1,OC(=O)CCCCC(O)=O,1
C(Cc1ccncc1)c1ccncc1,OC(=O)CCCCCC(O)=O,1
Cc1cc(C)nc(NCc2cccc(CNc3nc(C)cc(C)n3)c2)n1,OC(=O)CCCCC(O)=O,1
c1cc(ccn1)C#Cc1ccncc1,O=C1SC2=C(S1)SC(=C(S2)c1ccncc1)c1ccncc1,1
[O-][n+]1ccc(cc1)c1ccncc1,OC(=O)C=CC(O)=O,1
[O-][n+]1ccc(cc1)c1ccncc1,OC(=O)c1ccc(cc1)C(O)=O,1
CN(C)P(=O)(N(C)C)N(C)C,O=C1Nc2c(cc(cc2N(=O)=O)N(=O)=O)c2ccc(cc12)N(=O)=O,1
O=C1CC=CC=CC=C1,OC(C#CC#CC(O)(c1ccccc1)c1ccccc1Cl)(c1ccccc1)c1ccccc1Cl,1
CCNC(=S)NN1C(=S)N(N)C23C(=O)c4ccccc4C12OC(=C3C#N)N,NC=C(N)O,1
BrC(Br)(Br)Br,c1ccc(cc1)C(c1ccccc1)(c1ccccc1)c1ccccc1,1
c1ccc(nc1)C#Cc1cc(C#Cc2ccccn2)c(cc1C#Cc1ccccn1)C#Cc1ccccn1,O=C1c2cc(ccc2c2ccc(cc12)N(=O)=O)N(=O)=O,1
c1ccc(nc1)C#Cc1cc(C#Cc2ccccn2)c(cc1C#Cc1ccccn1)C#Cc1ccccn1,Oc1cccc(O)c1,1
CC(C)(C)c1ccc(cc1)C1=CC(=NN1)c1ccc2ccccc2c1,CC(C)(C)c1ccc(cc1)C1=NNC(=C1)c1ccc2ccccc2c1,1
CC1CCC2C(C)C(=O)OC3OC4(C)CCC1C23OO4,Oc1cccc(O)c1,1
Cc1cc(O)cc(O)c1,CC1CCC2C(C)C(=O)OC3OC4(C)CCC1C23OO4,1
CC1(C)COC(=O)C2=CN3C(=CN12)C(=O)OCC3(C)C,N#CC(C#N)=C1C=CC(C=C1)=C(C#N)C#N,1
CC1(C)OC(C(O1)C(O)(c1ccccc1)c1ccccc1)C(O)(c1ccccc1)c1ccccc1,Cc1ccncc1,1
CNC(=O)N(C)C,Fc1ccc(cc1)S(=O)(=O)NS(=O)(=O)c1ccc(F)cc1,1
O=P(c1ccccc1)(c1ccccc1)c1ccccc1,OC1=C(Cl)C(=O)C(=C(Cl)C1=O)O,1
Clc1ccc2ccc3cccnc3c2n1,Fc1c(F)c(I)c(F)c(F)c1I,1
CC(NC1(C2Oc3c(C)cc(C)cc3C2(C)C=C(C)C1=O)c1cc(C)cc(C)c1O)c1ccc(Br)cc1,CC(NC12C3Oc4c(C)cc(C)cc4C3(C)C=C(C)C1(O)Oc1c(C)cc(C)cc21)c1ccc(Br)cc1,1
CCC1=COc2c(C)cc3C(=COc4c(C)cc1c2c34)CC,N#CC(C#N)=C1C=CC(C=C1)=C(C#N)C#N,1
C1COCCOCCOCCO1,SC(c1ccccc1)(c1ccccc1)c1ccccc1,1
O=C1CN(C(c2ccccc2)c2ccccc2)C21C(C(C2N(=O)=O)c1ccccc1)c1ccccc1,O=N(=O)C=Cc1ccccc1,1
CCOC(=O)C(=O)OCC,NC(N)=S,1
CC1(C)OC(C(O1)C(O)(c1ccc(F)cc1)c1ccc(F)cc1)C(O)(c1ccc(F)cc1)c1ccc(F)cc1,ClC1CCCCC1Cl,1
N#Cc1cc(C#N)c(cc1C#N)C#N,OC(=O)Cc1cccc2ccccc12,1
N#Cc1cc(C#N)c(cc1C#N)C#N,OC(=O)CC1=CNc2ccccc12,1
COc1ccc(cc1)C(O)=O,NC(=O)c1ccncc1,1
c1cc(ccn1)C=Cc1ccncc1,Fc1c(F)c(OC(=O)CCCCC2CCSS2)c(F)c(F)c1I,1
Fc1c(F)c(I)c(F)c(F)c1I,N1c2ccccc2Sc2ccccc12,1
Cc1ccnc2c1ccc1c(C)ccnc21,Fc1c(F)c(I)c(F)c(F)c1I,1
c1ccc(cc1)c1ccnc2c1ccc1c(ccnc21)c1ccccc1,Fc1c(F)c(I)c(F)c(F)c1I,1
Clc1ccnc2c1ccc1c(Cl)ccnc21,Fc1c(F)c(I)c(F)c(F)c1I,1
CC(C)Cc1ccc(cc1)C(C)C(O)=O,Nc1ncccn1,1
Fc1c(F)c(I)c(F)c(F)c1I,OC(=CC(=O)c1cccnc1)c1cccnc1,1
Fc1c(F)c(I)c(F)c(F)c1I,OC(=CC(=O)c1ccccn1)c1ccccn1,1
Fc1c(F)c(I)c(F)c(F)c1I,OC(=CC(=O)c1ccncc1)c1ccncc1,1
COC(=O)CN1C(CC(O)CC1C(=O)NC1C(CCC2(C)CCCC(=C)C12)C(C)C)C(=O)NC1C(CCC2(C)CCCC(=C)C12)C(C)C,Oc1ccc(O)cc1,1
COc1cccc(C)c1c1[n+]([O-])c(cc2CCCCc12)c1ccccc1,Oc1ccc2ccccc2c1c1c(O)ccc2ccccc12,1
CC(=O)Oc1ccccc1C(O)=O,NC(=O)N1c2ccccc2C=Cc2ccccc12,1
Nc1ncnc2NC=Nc12,OC(=O)c1ccccc1,1
c1ccc2cc3ccccc3cc2c1,N#CC(C#N)=C1C=CC(C=C1)=C(C#N)C#N,1
N#CC(C#N)=C1C=CC(C=C1)=C(C#N)C#N,O1c2ccccc2Oc2ccccc12,1
c1ccc2ccccc2c1,N#CC(C#N)=C1C=CC(C=C1)=C(C#N)C#N,1
c1cnc2c(c1)ccc1cccnc21,N#CC(C#N)=C1C=CC(C=C1)=C(C#N)C#N,1
c1ccc2N=C3C=CC=CC3=Nc2c1,N#CC(C#N)=C1C=CC(C=C1)=C(C#N)C#N,1
C[S+](C)C1=C([O-])C(=O)C(=C([O-])C1=O)[S+](C)C,Oc1ccccc1O,1
ClC1=C(Cl)C(=O)C(=C(Cl)C1=O)Cl,Nc1ccc2ccc3c(N)ccc4ccc1c2c34,1
CC(O)CC1=NSC(=N1)Nc1cccc(Cl)c1,COc1cc(ccc1O)C(O)=O,1
c1ccc2cc3ccccc3cc2c1,O=C1c2ccc(cc2C(=O)c2cc(ccc12)N(=O)=O)N(=O)=O,1
c1ccc2cc3ccccc3cc2c1,O=C1c2cccc(c2C(=O)c2c1cccc2N(=O)=O)N(=O)=O,1
COc1c(Br)cc(Br)cc1Oc1c(O)cc(Br)cc1Br,Oc1cc(Br)c(Br)c(Br)c1Oc1ccc(Br)cc1Br,1
O=C1CCC(=O)N1,O=C1N2CCCCCC2=Nc2ccccc12,1
c1cc(ccn1)C=Cc1ccncc1,Oc1ccc(cc1)C12CC3CC(C1)CC(C3)(C2)c1ccc(O)cc1,1
Oc1ccc(cc1)C12CC3CC(C1)CC(C3)(C2)c1ccc(O)cc1,S(c1ccncc1)c1ccncc1,1
c1cc(ccn1)C=Cc1ccncc1,OC(=O)C12CC3CC(C1)CC(C3)(C2)C(O)=O,1
C(Cc1ccncc1)c1ccncc1,OC(=O)C12CC3CC(C1)CC(C3)(C2)C(O)=O,1
OC(=O)C12CC3CC(C1)CC(C3)(C2)C(O)=O,S(Sc1ccncc1)c1ccncc1,1
c1cc(ccn1)C=Cc1ccncc1,OC(=O)CC12CC3CC(C1)CC(C3)(CC(O)=O)C2,1
CC(=O)NC1=Nc2c(Oc3cc(ncn3)c3ccc(cc3)C(F)(F)F)cccc2S1,CC=CC=CC(O)=O,1
C(Cc1ccncc1)c1ccncc1,CN(C)c1ccc(cc1)N=Nc1c(F)c(F)c(I)c(F)c1F,1
C(Cc1ccncc1)Cc1ccncc1,CN(C)c1ccc(cc1)N=Nc1ccc(O)cc1,1
N#Cc1ccncc1,Oc1ccc(cc1)c1ccc(O)cc1,1
CC(C)C(=O)Nc1cccc(NC(=O)C(C)C)n1,Cc1ccc(cc1)C#CC#CC1(C)CC2(C)CC(C)(C1)C(=O)NC2=O,1
CC(C)C(=O)Nc1cccc(NC(=O)C(C)C)n1,COc1ccc(cc1)C#CC#CC1(C)CC2(C)CC(C)(C1)C(=O)NC2=O,1
ClC1=C(Cl)C(=O)C(=C(C#N)C1=O)C#N,OCCN1c2ccccc2c2ccccc12,1
NC(=O)NNc1ccccc1,O=C(NNc1ccccc1)NNc1ccccc1,1
C(Cc1ccncc1)c1ccncc1,OC(=O)CC12CC3CC(C1)CC(C3)(CC(O)=O)C2,1
c1cc(ccn1)c1ccncc1,Oc1ccc(cc1)C(=O)c1ccc(O)cc1,1
c1cc(ccn1)c1ccncc1,Oc1cc(O)cc(O)c1,1
O=C1CN(CC2N1CCc1ccccc21)C(=O)C1CCCCC1,OC(=O)C=CC(O)=O,1
O=C1CN(CC2N1CCc1ccccc21)C(=O)C1CCCCC1,OC(=O)CCCCC(O)=O,1
O=C1CN(CC2N1CCc1ccccc21)C(=O)C1CCCCC1,OC(=O)C(O)=O,1
O=C1CN(CC2N1CCc1ccccc21)C(=O)C1CCCCC1,OC(=O)CCCC(O)=O,1
COC(=O)c1cc(cc(c1O)N(=O)=O)N(=O)=O,Nc1ccc(cc1)N(=O)=O,1
COc1ccc(cc1)N=NC1=CN=C(C)N1,COc1ccc(cc1)N=NC1=CNC(=N1)C,1
CC(CCC(O)=O)C1CCC2C3C(O)CC4CC(O)CCC4(C)C3CC(O)C12C,Cc1ccc(N)cc1,1
c1ccc2c(c1)c(c1cncnc1)c1ccccc1c2c1cncnc1,Oc1cc(O)cc(c1)c1c2ccccc2c(c2cc(O)cc(O)c2)c2ccccc12,1
O=C1C=CC(=O)C=C1,Oc1cc(O)cc(c1)c1c2ccccc2c(c2cc(O)cc(O)c2)c2ccccc12,1
O=C1c2ccccc2C(=O)c2ccccc12,Oc1cc(O)cc(c1)c1c2ccccc2c(c2cc(O)cc(O)c2)c2ccccc12,1
CN1C=NC2=C1C(=O)N(C)C(=O)N2C,OC(=O)CCOc1ccc(C=O)cc1,1
CN1C=NC2=C1C(=O)N(C)C(=O)N2C,OC(=O)COc1ccc(C=O)cc1,1
C1=CN(C=N1)c1ccc(cc1)c1cncnc1,OC(=O)c1cccc(c1)C(O)=O,1
c1cc(ccn1)c1cncnc1,OC(=O)c1cccc(c1)C(O)=O,1
CN1C=NC2=C1C(=O)N(C)C(=O)N2C,OC(=O)COc1cccc2ccccc12,1
CN1C=NC2=C1C(=O)N(C)C(=O)N2C,OC(=O)COc1ccc2ccccc2c1,1
c1cc(ccn1)c1cc(c2ccncc2)c(cc1c1ccncc1)c1ccncc1,Fc1c(I)c(F)c(I)c(F)c1I,1
c1cncc(c1)c1cc(c2cccnc2)c(cc1c1cccnc1)c1cccnc1,Fc1c(I)c(F)c(I)c(F)c1I,1
c1cncc(c1)c1cc(c2cccnc2)c(cc1c1cccnc1)c1cccnc1,Fc1c(F)c(I)c(F)c(I)c1F,1
Cc1cc(C)nc(n1)c1nc(C)cc(C)n1,Fc1c(F)c(I)c(F)c(I)c1F,1
ClC1=C(Cl)C(=O)C(=C(C#N)C1=O)C#N,COc1cc2Sc3cc(OC)c(OC)cc3Sc2cc1OC,1
CC1=CC(=C2C=CC=C2C(=C1)C)C,Oc1c(cc(cc1N(=O)=O)N(=O)=O)N(=O)=O,1
CC12CCC3C(CCC4=CC(=O)CCC34C)C1CCC2O,Oc1ccc(Br)cc1,1
CC1(C)CC(C)(C)[N+](=N1)[O-],N#CCC#N,1
Nc1ccc(cn1)N(=O)=O,OC(=O)CCl,1
CC(C#N)S(=O)(=O)c1ccccc1,O=C1N(c2ccccc2)C(=O)N(c2ccccc2)C(=O)N1c1ccccc1,1
CCN1c2ccccc2C(=C1c1ccccc1)N=NC1=C(N(CC)c2ccccc12)c1ccccc1,N#CC(C#N)=C(C#N)C#N,1
c1ccc(cc1)N1c2ccccc2C(=C1c1ccccc1)N=NC1=C(N(c2ccccc2)c2ccccc12)c1ccccc1,N#CC(C#N)=C1C=CC(C=C1)=C(C#N)C#N,1
COc1c(OC)c2cccc3c(OC)c(OC)c4cccc1c4c23,N#CC(C#N)=C1C=CC(C=C1)=C(C#N)C#N,1
c1cc2ccc3cccc4ccc(c1)c2c34,Oc1c(C#N)c(C#N)c(O)c(C#N)c1C#N,1
c1cc(ccn1)c1ccncc1,OC1(CCC(O)(CC1)C#CI)C#CI,1
c1cc(ccn1)C=Cc1ccncc1,OC1(CCC(O)(CC1)C#CI)C#CI,1
C1CN2CCN1CC2,OC(c1ccc(cc1)C(O)(C(F)(F)F)C(F)(F)F)(C(F)(F)F)C(F)(F)F,1
C1CN2CCN1CC2,OC(c1cccc(c1)C(O)(C(F)(F)F)C(F)(F)F)(C(F)(F)F)C(F)(F)F,1
c1cc(ccn1)c1ccncc1,OC1(CCC(O)(CC1)C#C)C#C,1
C(Cc1ccncc1)c1ccncc1,OC1(CCC(O)(CC1)C#C)C#C,1
CC1=CNC(=O)C=C1,NS(=O)(=O)CC1=NOc2ccccc12,1
CN1C=NC2=C1C(=O)N(C)C(=O)N2C,NS(=O)(=O)CC1=NOc2ccccc12,1
Nc1nc(N)nc(n1)c1ccccc1,OC(=O)c1ccc(cc1)C(O)=O,1
Nc1nc(N)nc(n1)c1ccccc1,OC(=O)c1ccccc1,1
Nc1nc(N)nc(n1)c1ccccc1,OC(=O)c1cccc(c1)C(O)=O,1
Nc1nc(N)nc(n1)c1ccccc1,OC(=O)Cc1ccc(CC(O)=O)cc1,1
Nc1nc(N)nc(n1)c1ccccc1,OC(=O)Cc1cccc(CC(O)=O)c1,1
c1cc2c(ccc3sc4ccc5sccc5c4c23)s1,N#CC(C#N)=C1C=CC(C=C1)=C(C#N)C#N,1
CCC1(C(=O)NC(=O)NC1=O)c1ccccc1,CN1C(=O)N(C)C2=C(NC=N2)C1=O,1
CC1=CNC(=O)NC1=O,O=C1C=CC(=O)C=C1,1
[NH3+]CC(CC(C)SCC)CC(=O)[O-],OC(C(O)=O)c1ccccc1,1
CC(=NNC(=O)CC1=CNc2ccccc12)c1ccc(O)cc1O,NNC(=O)CC1=CNc2ccccc12,1
C1CNCCN1,Oc1ccc(Sc2ccc(O)cc2)cc1,1
COc1ccc(cc1)C=NCCN=Cc1ccc(OC)cc1,Oc1ccc(O)cc1,1
Cc1ccncc1,Nc1ccc(cc1)S(=O)(=O)Nc1ncccn1,1
c1cc(ccn1)C=Cc1ccncc1,Nc1ccc(cc1)S(=O)(=O)Nc1ncccn1,1
c1cc(ccn1)C#Cc1ccncc1,Nc1ccc(cc1)S(=O)(=O)Nc1ncccn1,1
c1cc(ccn1)c1ccncc1,Nc1ccc(cc1)S(=O)(=O)Nc1ncccn1,1
c1ccc(cc1)c1ccncc1,Nc1ccccc1C(O)=O,1
c1ccc(cc1)c1ccncc1,Nc1ccc(cc1)C(O)=O,1
c1ccc2nc3ccccc3cc2c1,OC(=O)C(c1ccccc1)c1ccccc1,1
c1ccc2nc3ccccc3cc2c1,CC(C(O)=O)(c1ccccc1)c1ccccc1,1
C1CCNCC1,OC(C(F)(F)F)C(F)(F)F,1
c1cnc2c(c1)ccc1ncccc21,OC(=O)CSCC(O)=O,1
c1cnc2c(c1)ccc1ncccc21,OC(=O)CCSCCC(O)=O,1
Cc1ccc(cc1)C=Cc1ccncc1,OC(=O)C=CC(O)=O,1
Cc1nc(F)c2CCCCc2[n+]1[O-],Oc1c(cc(cc1N(=O)=O)N(=O)=O)N(=O)=O,1
C1CCNCC1,OC(=O)Cc1cccc2ccccc12,1
COc1cc(C=CC(O)=O)cc(OC)c1O,NC(=O)c1cnccn1,1
c1ccc(nc1)c1ccccn1,Oc1c(O)c(O)c(O)c(O)c1O,1
c1cc(ccn1)c1ccncc1,OC1=C(O)C(=O)C(=C(O)C1=O)O,1
CC(=NO)C1(C)NCC(C)(C)CN1,CC(=O)C(C)=NO,1
c1ccc(cc1)C=Cc1ccccc1,Fc1c(F)c(F)c(F)c(F)c1F,1
Fc1c(F)c(F)c2c(F)c(F)c(F)c(F)c2c1F,S1C=CSC1=C1SC=CS1,1
Nc1ccc(cc1)c1ccc(N)cc1,O=C1C=CC(=O)C=C1,1
Nc1ccc(cc1)c1ccc(N)cc1,O=P(c1ccccc1)(c1ccccc1)c1ccccc1,1
COc1cc(OC)nc(N)n1,OC(=O)c1ccccc1C(O)=O,1
Cc1cc2N=CN(Cc3c(C)c(CN4C=Nc5cc(C)c(C)cc45)c(C)c(CN4C=Nc5cc(C)c(C)cc45)c3C)c2cc1C,Fc1c(F)c(I)c(F)c(F)c1I,1
Cc1c(CN2C=CC=N2)c(C)c(CN2C=CC=N2)c(C)c1CN1C=CC=N1,Fc1c(F)c(F)c(I)c(I)c1F,1
Cc1c(CN2C=CN=C2)c(C)c(CN2C=CN=C2)c(C)c1CN1C=CN=C1,Fc1c(I)c(F)c(I)c(F)c1I,1
CC(=O)C1CCC2C3CC=C4CC(O)CCC4(C)C3CCC12C,CC(=O)C1CCC2C3CCC4=CC(=O)CCC4(C)C3CCC12C,1
NC(N)=O,OC(=O)C=CC(O)=O,1
c1cnccn1,NC(=C1c2c(F)c(F)c(F)c(F)c2C(F)(F)C1=N)C(F)(F)F,1
O=C1N2CCCCC2=Nc2ccccc12,OC(=O)C(O)=O,1
CC(O)=CC(C)=O,OC(=O)c1ccc2ccccc2c1c1c(ccc2ccccc12)C(O)=O,1
c1ccc(nc1)c1nccnc1c1ccccn1,OC1=C(F)C(=O)C(=C(F)C1=O)O,1
Cc1cc(C)cc(C=Cc2ccc(cc2)C=Cc2cc(C)cc(C)c2)c1,FC(F)(F)c1cc(cc(c1)C(F)(F)F)C(=Cc1ccc(cc1)C=C(C#N)c1cc(cc(c1)C(F)(F)F)C(F)(F)F)C#N,1
CCCCCCCCOc1ccc(cc1)C=Cc1ccncc1,Fc1c(F)c(I)c(F)c(F)c1I,1
CCCCCCCCOc1ccc(cc1)C=Cc1ccncc1,Fc1c(F)c(Br)c(F)c(F)c1Br,1
CCOc1ccccc1C(N)=O,OC(=O)CCCC(O)=O,1
CCOc1ccccc1C(N)=O,OC(=O)CC(O)=O,1
OC(=O)c1cc(cc(c1)N(=O)=O)N(=O)=O,S1C=Cc2c1ccc1Sc3ccc4SC=Cc4c3c21,1
[O-][n+]1cccc2ccccc12,Cc1ccc(cc1)C(O)=O,1
Clc1cccc(c1)N1C(=O)N(C(=O)N(C1=O)c1cccc(Cl)c1)c1cccc(Cl)c1,O=C1CCCCCO1,1
ClC1=C(Cl)C(=O)C(=C(Cl)C1=O)Cl,CN(C)c1ccc(cc1)N(C)C,1
BrC1=C(Br)C(=O)C(=C(Br)C1=O)Br,CC1=[S]C([S]=C1C)=C1[S]=C(C)C(=[S]1)C,1
c1ccc2c(c1)cc1ccc3cccc4ccc2c1c34,CN1C(=O)N(C)C2=C(N(C)C(=O)N2C)C1=O,1
COc1ccc(OC)c(C=Cc2cc(OC)ccc2OC)c1,N#CC(C#N)=C1C=CC(C=C1)=C(C#N)C#N,1
O=CC1=CSc2ccccc12,O=N(=O)c1cc(cc(c1)N(=O)=O)N(=O)=O,1
Cc1c(C)c(C)c(C)c(C)c1C,O=C1c2cc(ccc2c2c1cc(cc2N(=O)=O)N(=O)=O)N(=O)=O,1
c1cc(ccn1)c1ccncc1,COc1ccc2cc(ccc2c1)C(C)C(O)=O,1
C1CNCCN1,COc1ccc2cc(ccc2c1)C(C)C(O)=O,1
Nc1ccc(I)cc1,OC(=O)c1cc(cc(c1)N(=O)=O)N(=O)=O,1
Cc1cc(Br)ccc1N,OC(=O)c1cc(cc(c1)N(=O)=O)N(=O)=O,1
Nc1ccc(Br)cc1,OC(=O)c1cc(cc(c1)N(=O)=O)N(=O)=O,1
Nc1ccccc1N,OC(=O)c1ccccc1,1
CC(CCC(O)=O)C1CCC2C3CCC4CC(O)CCC4(C)C3CC(O)C12C,CC1CCCCC1=O,1
CC(CCC(O)=O)C1CCC2C3CCC4CC(O)CCC4(C)C3CC(O)C12C,CC1CCC(=O)CC1,1
C[N+](C)=C(N)N=C(N1C(=O)c2ccccc2S1(=O)=O)c1ccccc1S(=O)(=O)[O-],CN(C)C#N,1
CC(O)CCO,OC(C1OC2(CCCC2)OC1C(O)(c1ccccc1)c1ccccc1)(c1ccccc1)c1ccccc1,1
CC(C)(C)S(=O)(=O)c1ccccc1[I+][O-],OC(C(F)(F)F)C(F)(F)F,1
c1ccc(cc1)c1ccncc1,OC(=O)c1cc(cc(c1)C(O)=O)C(O)=O,1
CC1=C(C=NO1)C(=O)Nc1ccc(cc1)C(F)(F)F,Nc1ncccn1,1
C[N+](C)(C)CC(=O)[O-],Oc1cc2OC(=CC(=O)c2c(O)c1O)c1ccccc1,1
C[N+](C)(C)CC(=O)[O-],Oc1ccc(CCC(=O)c2c(O)cc(O)cc2O)cc1,1
C[N+](C)(C)CC(=O)[O-],Oc1cc(O)c2C(=O)C(=C(Oc2c1)c1ccc(O)c(O)c1)O,1
CC(=O)Nc1cccnc1,Fc1c(F)c(I)c(F)c(F)c1I,1
CC(=O)NCc1ccncc1,Fc1c(F)c(I)c(F)c(F)c1I,1
Fc1c(F)c(I)c(F)c(F)c1I,N1C=CC(=N1)c1ccncc1,1
COc1cncc(c1)C#Cc1cccnc1,Fc1c(F)c(I)c(F)c(F)c1I,1
COc1cncc(c1)c1cccnc1,Fc1c(F)c(I)c(F)c(F)c1I,1
NC(=O)N1c2ccccc2C=Cc2ccccc12,Oc1ccc(cc1)C1CC(=O)c2c(O)cc(O)cc2O1,1
c1ccc2c(c1)ccc1ncccc21,Fc1c(F)c(I)c(F)c(F)c1I,1
c1ccc2c(c1)ccc1cccnc21,Fc1c(F)c(I)c(F)c(F)c1I,1
c1ccc2c(c1)cnc1ccccc21,Fc1c(F)c(I)c(F)c(F)c1I,1
N#CC(C#N)=C1C=CC(C=C1)=C(C#N)C#N,S1c2ccccc2c2c1ccc1Sc3ccc4Sc5ccc6Sc7ccccc7c6c5c4c3c21,1
CCCCCC[N+]1=C(C=C(C#N)c2ccc(cc2)[C-](C#N)C#N)C(C)(C)c2ccccc12,N#CC(C#N)=C1C=CC(C=C1)=C(C#N)C#N,1
Cc1cc(cc(C)c1N)c1cc(C)c(N)c(C)c1,FC1=C(F)C(=O)C(=C(F)C1=O)F,1
Cc1cc(cc(C)c1N)c1cc(C)c(N)c(C)c1,ClC1=C(Cl)C(=O)C(=C(Cl)C1=O)Cl,1
Cc1cc(cc(C)c1N)c1cc(C)c(N)c(C)c1,FC1=C(F)C(C(=C(F)C1=C(C#N)C#N)F)=C(C#N)C#N,1
CC(=NN=C(C)c1cccnc1)c1cccnc1,OC(=O)C(O)=O,1
O=C1C(=O)c2cccnc2c2ncccc12,OC(=O)COc1ccccc1C=O,1
O=C1C(=O)c2cccnc2c2ncccc12,OC(=O)COc1ccc2ccccc2c1,1
C1CCC2OCCOCCOC3CCCCC3OCCOCCOC2C1,NC1=NON=C1N,1
NC(N)=O,OC(=O)CCCC(O)=O,1
CCCCCCOc1ccc(cc1)C=Cc1ccncc1,Oc1c(F)c(F)c(I)c(F)c1F,1
CCCCCCCCCCCCOc1ccc(cc1)C=Cc1ccncc1,Oc1c(F)c(F)c(F)c(F)c1F,1
CN1C(=O)N(C)C2=C(N=CN2)C1=O,Oc1ccc(cc1)N(=O)=O,1
CCCCCCCCOc1ccc(cc1)N=Nc1ccncc1,Oc1cc(O)c(c(O)c1)N(=O)=O,1
CC(=O)c1c(O)cc(O)cc1O,CCCOc1ccc(cc1)N=Nc1ccncc1,1
CCC=CCNc1nc(N)nc(OC)c1N=O,OC(C(F)(F)F)C(F)(F)F,1
CC(C)NC(=O)[N-]S(=O)(=O)c1c[nH+]ccc1Nc1cccc(C)c1,CC(C)NC(=O)NS(=O)(=O)c1cnccc1Nc1cccc(C)c1,1
CCC(=O)OC,CN(C(=O)c1ccc(F)cc1)c1ccccc1N(C)C(=O)c1ccc(F)cc1,1
CN(C(=O)c1ccc(F)cc1)c1ccccc1N(C)C(=O)c1ccc(F)cc1,COC(=O)C=C,1
CC1(C)CC(=O)NC(=O)C1,COc1cc(Cc2cnc(N)nc2N)cc(OC)c1OC,1
CN(C)c1ccc(cc1)C(O)=O,OC(=O)C=Cc1ccc(cc1)N(=O)=O,1
c1cc(ccn1)c1ccncc1,OC(=O)c1cccc(F)c1F,1
c1cc(ccn1)c1ccncc1,Oc1ccc2ccccc2c1,1
CC(=O)CCCCC(C)=O,NC(N)=O,1
CN(C)c1ccc(cc1)N(C)C,N#Cc1cc(C#N)c(cc1C#N)C#N,1
O=P(c1ccccc1)(c1ccccc1)c1ccccc1,OC(=O)C(Cl)(Cl)Cl,1
O=P(c1ccccc1)(c1ccccc1)c1ccccc1,OC(=O)C(O)=O,1
c1ccc2cc3ccccc3cc2c1,O=C1SC(=O)c2cc3C(=O)SC(=O)c3cc12,1
ClC1=C(Cl)C(=O)C(=C(Cl)C1=O)Cl,S1C=CSC1=C1SC=CS1,1
FC1=C(F)C(=O)C(=C(F)C1=O)F,S1C=CSC1=C1SC=CS1,1
CC1=C(Sc2ccccc2Br)C(=O)CCC1,OC(C1OC2(CCCC2)OC1C(O)(c1ccccc1)c1ccccc1)(c1ccccc1)c1ccccc1,1
c1cc(ccn1)c1ccncc1,COc1cc(ccc1O)C=Nc1ccc(cc1)N=Cc1ccc(O)c(OC)c1,1
CN1C(=C(O)c2ccccc2S1(=O)=O)C(=O)Nc1ccccn1,OC(=O)c1cc(O)ccc1O,1
CN1C=NC2=C1C(=O)N(C)C(=O)N2C,OC(C(O)C(O)=O)C(O)=O,1
Fc1c(F)c(F)c(C(=O)OCC#CC#CC#CCOC(=O)c2c(F)c(F)c(F)c(F)c2F)c(F)c1F,O=C(OCC#CC#CC#CCOC(=O)c1ccccc1)c1ccccc1,1
CCCCCCCCCCCCc1nc(N)nc(N)n1,CCCCCCCCCCCCCC1=CC(=O)NC(=O)N1,1
Nc1nc(N)nc(CO)n1,OCC1=CC(=O)NC(=O)N1,1
CC(C)OC(=O)NNC(=O)OC(C)C,O=P(c1ccccc1)(c1ccccc1)c1ccccc1,1
CC1(C)C2CCC1(C)C(O)(C2)C#Cc1ccc(cc1)C#CC1(O)CC2CCC1(C)C2(C)C,CC1CCC(=O)CC1,1
C1COCCOCCOCCOCCOCCO1,CN(S(C)(=O)=O)S(=O)(=O)c1ccccc1,1
COc1cc2Sc3cc(OC)c(OC)cc3Sc2cc1OC,FC1=C(F)C(C(=C(F)C1=C(C#N)C#N)F)=C(C#N)C#N,1
CCOc1cc2Sc3cc(OCC)c(OCC)cc3Sc2cc1OCC,FC1=C(F)C(C(=C(F)C1=C(C#N)C#N)F)=C(C#N)C#N,1
CN(C)c1ccc(cc1)N(C)C,FC(F)(I)C(F)(F)C(F)(F)C(F)(F)C(F)(F)C(F)(F)I,1
CN(C)c1ccc(cc1)N(C)C,FC(F)(I)C(F)(F)C(F)(F)C(F)(F)I,1
c1ccc2nc3ccccc3cc2c1,COc1ccc(cc1)C1(O)c2ccccc2Oc2ccccc12,1
CN1C=CC(=CC1=O)C,OC(C#CC#CC(O)(c1ccccc1)c1ccccc1)(c1ccccc1)c1ccccc1,1
CN1C2C=C(C)C(C3C=C(C)C2C(=O)N3C)C1=O,OC(C#CC#CC(O)(c1ccccc1)c1ccccc1)(c1ccccc1)c1ccccc1,1
NC(N)=S,O=C1NC(=O)C(=O)N1,1
c1cc(ccn1)c1ccncc1,OC(=O)Cc1ccc(O)cc1,1
CC(=C)C(C)=C,NC(N)=S,1
CC1(C)C2CCC(C)(C2)C1=O,CC12CCC(C1)C(C)(C)C2(O)c1cccc(n1)C1(O)C2(C)CCC(C2)C1(C)C,1
CC1(C)OC(C(O1)C(O)(c1ccccc1)c1ccccc1)C(O)(c1ccccc1)c1ccccc1,O=C1C2CCCN2C(=O)C2CCCN12,1
CCC(=O)c1ccccc1,CN(C)CCC1=CNc2ccc(CC3COC(=O)N3)cc12,1
CN1CC(=Cc2ccncc2)C(=O)C(C1)=Cc1ccncc1,OC(=O)c1cc(O)c(O)c(O)c1,1
c1cc(ccn1)C=Cc1ccncc1,CCCCCOc1ccc(cc1)C(O)=O,1
C1C2c3cc4ccccc4cc3C1c1cc3ccccc3cc21,N#Cc1cc(C#N)c(cc1C#N)C#N,1
N#Cc1cc(C#N)c(cc1C#N)C#N,Oc1c2C3CC(c4cc5ccccc5cc34)c2c(O)c2C3CC(c4cc5ccccc5cc34)c12,1
C1CCNCC1,OC(c1ccccc1)=C(C=C(C#N)C(=O)c1ccccc1)C#N,1
CC(N)c1cccc2ccccc12,OP1(=S)OCCCc2ccccc12,1
CC(C)CC(C)N,OP1(=S)OCCCc2ccccc12,1
NC(CO)c1ccccc1,OP1(=S)OCCCc2ccccc12,1
c1ccc2ccccc2c1,CC(CCC(N)=O)C1CCC2C3CCC4CC(O)CCC4(C)C3CC(O)C12C,1
CN1[N]C(=NN(C)C1=O)c1ccccn1,Oc1ccc(O)cc1,1
N1N=Nc2ccccc12,OC(=O)c1ccccn1,1
c1cc(ccn1)c1ccncc1,Cc1c(O)cccc1O,1
FC1=C(F)C(=O)C(=C(F)C1=O)F,Nc1cccc2c(N)cccc12,1
IC1=C(I)C(=O)C(=C(I)C1=O)I,Nc1cccc2c(N)cccc12,1
BrC1=C(Br)C(=O)C(=C(Br)C1=O)Br,Nc1cccc2c(N)cccc12,1
Fc1c(F)c(F)c(I)c(I)c1F,O=C1NCc2cccc(CNC(=O)NCc3cccc(CN1)n3)n2,1
Fc1c(F)c(I)c(F)c(F)c1I,O=C1NCc2cccc(CNC(=O)NCc3cccc(CN1)n3)n2,1
OC(=O)c1ccc(Br)cc1,OC1(CC(C(C(C1N(=O)=O)c1ccccc1)N(=O)=O)c1ccccc1)c1ccccc1,1
Nc1cnccn1,OC(=O)CCC(=O)c1ccc(cc1)c1ccccc1,1
c1cc(ccn1)c1ccncc1,OC(=O)CCC(=O)c1ccc(cc1)c1ccccc1,1
c1cc(ccn1)C=Cc1ccncc1,OC(=O)CCC(=O)c1ccc(cc1)c1ccccc1,1
Nc1ccccn1,OC(=O)CCC(=O)c1ccc(cc1)c1ccccc1,1
c1ccc(cc1)c1ccncc1,OC(=O)CC1NC(=O)C(CC(O)=O)NC1=O,1
c1cc(ccn1)c1ccncc1,OC(=O)CC1NC(=O)C(CC(O)=O)NC1=O,1
O=C(OCC#CC#CCOC(=O)c1ccncc1)c1ccncc1,OC(=O)CC1NC(=O)C(CC(O)=O)NC1=O,1
N#CC(C#N)=C1C=CC(C=C1)=C(C#N)C#N,O=C1N2C=CNC=C2N=C1c1ccccc1,1
CCCCCCCCCCCC(O)=O,NC(=O)c1cccnc1,1
Brc1ccc(cc1)c1nc2ccccc2nc1c1ccc(Br)cc1,OC(C(O)c1ccc(Br)cc1)c1ccc(Br)cc1,1
Fc1c(F)c(I)c(F)c(F)c1I,N1C=Nc2cccnc12,1
Fc1c(F)c(F)c(I)c(I)c1F,N1C=Nc2cccnc12,1
Cc1ccccc1NC(=O)Nc1ccc(cc1)N(=O)=O,N1C=Nc2ncccc12,1
Brc1ccc(NC(=O)Nc2ccccc2)cc1,N1C=Nc2ncccc12,1
N1C=Nc2ncccc12,O=C(Nc1ccccc1)Nc1ccccc1C#N,1
N1C=Nc2ncccc12,O=C(Nc1ccccc1)Nc1ccccc1,1
CC1=CSC(S1)=C1SC=C(C)S1,ClC1=C(Cl)C(=O)C(=C(Cl)C1=O)Cl,1
CC1=CSC(S1)=C1SC=C(C)S1,ClC1=C(Br)C(=O)C(=C(Br)C1=O)Cl,1
BrC1=C(Br)C(=O)C(=C(Br)C1=O)Br,CC1=CSC(S1)=C1SC=C(C)S1,1
CC1(C)OC(C(O1)C(O)(c1ccccc1)c1ccccc1)C(O)(c1ccccc1)c1ccccc1,CC12CN(CC1(C)C2)N=O,1
Cc1cncc(C)c1,FC(I)(S(=O)(=O)c1ccccc1)S(=O)(=O)c1ccccc1,1
Cc1cncc(C)c1,FC1(I)S(=O)(=O)c2ccccc2S1(=O)=O,1
Cc1ccc2cc(Cl)ccc2n1,FC1(I)S(=O)(=O)c2ccccc2S1(=O)=O,1
c1cc2ccc3ccc4ccc5ccc6ccc1c1c2c3c4c5c61,N#CC(C#N)=C1C=CC(C=C1)=C(C#N)C#N,1
CNc1ccccc1,OC(C(O)C(O)(c1ccccc1)c1ccccc1)C(O)(c1ccccc1)c1ccccc1,1
c1cc(ccn1)c1ccncc1,OC(=O)C1=Cc2ccccc2N1,1
c1cc(ccn1)c1ccncc1,Nc1ccc(cc1)C(O)=O,1
COc1ccc(Cl)c(OC)c1C(O)=O,COc1cccc(OC)c1C1=CC(=O)c2ccccc2O1,1
COc1ccc(Br)c(OC)c1C(O)=O,COc1cccc(OC)c1C1=CC(=O)c2ccccc2O1,1
COc1ccc2N(C(=C(CC(O)=O)c2c1)C)C(=O)c1ccc(Cl)cc1,O=C1NS(=O)(=O)c2ccccc12,1
O=C([O-])C[n+]1ccccc1,OC(=O)Cc1ccccc1,1
NC(=O)c1ccc(N)cc1,OC(=O)CC(O)=O,1
NC(=O)c1ccc(N)cc1,OC(=O)C=CC(O)=O,1
NC(=O)c1ccc(O)cc1,OC(=O)CC(O)=O,1
NC(=O)c1ccc(N)cc1,OC(=O)CCCCCC(O)=O,1
CC1(C)CCC2=C(O1)c1ccccc1C(=O)C2=O,Oc1cccc(O)c1,1
O=C1CCCC(=O)N1,OC(=O)c1ccc(O)cc1,1
O=C1CCCC(=O)N1,OC(=O)c1cc(O)cc(O)c1,1
c1cnc2c(c1)ccc1cccnc21,OC(=O)c1ccc(cc1C(O)=O)C(=O)c1ccc(C(O)=O)c(c1)C(O)=O,1
NC1=NC=CS1,OC(=O)CCCCCCC(O)=O,1
NC1=NC=CS1,OC(=O)CCCCCCCCC(O)=O,1
CC1=CSC(=N1)N,OC(=O)CCCCCCC(O)=O,1
CC1=CSC(=N1)N,OC(=O)CCCCCCCCC(O)=O,1
CC1=CN=C(N)S1,OC(=O)CCCCCCCCCCC(O)=O,1
O=C1CCC(=O)N1,OC(=O)c1ccc(O)cc1,1
O=C1CCC(=O)N1,OC(=O)c1ccc(O)c(O)c1,1
O=C1CCC(=O)N1,OC(=O)c1cc(O)c(O)c(O)c1,1
O=C1NC(=O)C=C1,OC(=O)c1ccc(O)cc1,1
O=C1NC(=O)C=C1,OC(=O)c1ccc(O)cc1O,1
c1cc2cccc3c4cccc5cccc(c(c1)c23)c45,N#Cc1nc(C#N)c(nc1C#N)C#N,1
O=C1NCCN1,OC(C(O)C(O)=O)C(O)=O,1
O=C1NCCN1,OC(=O)C=CC(O)=O,1
O=C1CCCN1,OC(=O)C=CC(O)=O,1
O=C1NCCN1,OC(=O)C(O)=O,1
O=C1NCCN1,OC(=O)CCCCC(O)=O,1
O=C1NCCN1,OC(=O)CC(O)=O,1
O=C1NCCN1,OC(=O)CCCC(O)=O,1
O=C1NCCN1,OC(=O)CCCCCC(O)=O,1
O=C(c1ccccc1)c1ccncc1,OC(=O)c1ccc(cc1Cl)N(=O)=O,1
O=C(c1ccccc1)c1ccncc1,OC(=O)c1cc(ccc1Cl)N(=O)=O,1
O=C(c1ccccc1)c1ccncc1,OC(=O)c1ccc(Cl)c(c1)N(=O)=O,1
O=C(c1ccccc1)c1ccncc1,OC(=O)c1cc(Cl)ccc1N(=O)=O,1
O=C(c1ccccc1)c1ccncc1,OC(=O)c1ccc(Cl)cc1N(=O)=O,1
O=C(c1ccccc1)c1ccncc1,OC(=O)c1cccc(Cl)c1N(=O)=O,1
COc1cc(C=O)ccc1O,Nc1c(Cl)cc(cc1N(=O)=O)N(=O)=O,1
CCOc1cc(C=O)ccc1O,Nc1c(Cl)cc(cc1N(=O)=O)N(=O)=O,1
COc1cccc(C=NCCN=Cc2cccc(OC)c2O)c1O,Nc1c(Cl)cc(cc1N(=O)=O)N(=O)=O,1
c1cc(ccn1)c1ccncc1,OC(=O)c1ccccc1COc1ccc(OCc2ccccc2C(O)=O)cc1,1
CC1=CC(=NC(N1)=NC#N)C,NC(N)=NC#N,1
CC(=O)c1ccncc1,Nc1ccc(CO)cc1,1
c1cc(ccn1)C=Cc1ccncc1,COC(=S)Nc1ccccc1,1
c1cc(ccn1)C=Cc1ccncc1,COC(=S)Nc1ccc(cc1)N(=O)=O,1
c1cc(ccn1)C=Cc1ccncc1,CCOC(=S)Nc1ccccc1,1
c1cc(ccn1)c1ccncc1,CCOC(=S)Nc1ccc(cc1)N(=O)=O,1
c1cc(ccn1)C=Cc1ccncc1,CC(C)OC(=S)Nc1ccccc1,1
C1CNCCN1,CC1(C)CC(C)(c2ccc(O)cc2)c2ccccc2O1,1
C1CCNCC1,CC1(C)CC(C)(c2ccc(O)cc2)c2ccccc2O1,1
Nc1nc(N)nc(n1)c1ccccc1,OC(=O)CCSc1ccccc1,1
Nc1nc(N)nc(n1)c1ccccc1,OC(=O)CSc1ccccc1,1
Nc1ccc(cn1)N(=O)=O,O=C1CC(=O)NC(=O)N1,1
CC(C)(c1ccc(O)cc1)c1ccc(O)cc1,O=C1NC=CC=C1,1
Nc1ccc(cn1)N(=O)=O,OC(=O)CSc1ccccc1,1
NC(=O)c1cc(cc(c1)N(=O)=O)N(=O)=O,O=N(=O)c1cc(cc(c1)N(=O)=O)C#N,1
c1cc(ccn1)c1ccncc1,Oc1ccc(cc1N(=O)=O)N(=O)=O,1
c1cc(ccn1)c1ccncc1,Oc1cc(ccc1N(=O)=O)N(=O)=O,1
NC1=NC(=O)NC=C1F,Nc1nc(N)nc(N)n1,1
CN(CC(c1ccccc1)c1ccccc1)C(=O)C=CC(=O)N(C)CC(c1ccccc1)c1ccccc1,O=C1NCc2ccc(CNC(=O)c3cccc(c3)C(=O)NCc3ccc(CNC(=O)c4cccc1c4)cc3)cc2,1
[O-][N+](CC(c1ccccc1)c1ccccc1)=CC=[N+]([O-])CC(c1ccccc1)c1ccccc1,O=C1NCc2ccc(CNC(=O)c3cccc(c3)C(=O)NCc3ccc(CNC(=O)c4cccc1c4)cc3)cc2,1
O=C(CC(c1ccccc1)c1ccccc1)NCCC(c1ccccc1)c1ccccc1,O=C1NCc2ccc(CNC(=O)c3cccc(c3)C(=O)NCc3ccc(CNC(=O)c4cccc1c4)cc3)cc2,1
FC(F)(F)c1cc(NC(=O)Nc2cc(cc(c2)C(F)(F)F)C(F)(F)F)cc(c1)C(F)(F)F,O=C1Oc2ccccc2C=C1,1
COc1ccccc1P(Cl)Cl,COc1ccccc1P1(=O)OP(=O)(OP(=O)(O1)c1ccccc1OC)c1ccccc1OC,1
OC(=O)c1c(F)c(F)c(F)c(F)c1F,OC(=O)c1ccccc1,1
c1ccc(cc1)C#CC#Cc1ccccc1,OC(=O)c1c(F)c(F)c(F)c(F)c1F,1
NNC(=O)c1cccnc1,OC(=O)CCCCC(O)=O,1
CC(C)=NNC(=O)c1cccnc1,OC(=O)CCCCC(O)=O,1
CC(C)=NNC(=O)c1cccnc1,OC(=O)CCCCCCCCC(O)=O,1
C1COCCOc2cc3ccccc3cc2OCCOCCO1,O=N(=O)C1=NNC=N1,1
NC(=O)c1ccncc1,OC(=O)C(O)=O,1
NC(=O)c1ccncc1,OC(=O)CC(O)=O,1
NC(=O)c1ccncc1,OC(=O)CCCC(O)=O,1
NC(=O)c1ccncc1,OC(=O)CCCCC(O)=O,1
Oc1cc(O)cc(O)c1,OCCN1C(=O)c2ccccc2C1=O,1
Oc1cccc(O)c1,OCCN1C(=O)c2ccccc2C1=O,1
Nc1ncccn1,OC(=O)C1(CCCC1)c1ccccc1,1
c1cc(ccn1)c1ccncc1,OC(=O)c1cc(F)cc(c1)C(O)=O,1
BrN1C(=O)CCC1=O,c1cc(ccn1)c1ccncc1,1
C(Cc1ccncc1)c1ccncc1,Cc1cc(ccc1N)C(O)=O,1
C(C=CN1C=CN=C1)=CN1C=CN=C1,COc1cc(O)cc(O)c1,1
FC(F)(F)C1(CSC(=N)O1)C(F)(F)F,OC(CSSCC(O)(C(F)(F)F)C(F)(F)F)(C(F)(F)F)C(F)(F)F,1
CN1CCOCC1,FC(F)(I)C(F)(F)I,1
CN(C)P(=O)(N(C)C)N(C)C,FC(F)(I)C(F)(F)I,1
CC1=Nc2ccccc2S1,FC(F)(I)C(F)(F)I,1
c1cnccn1,FC(F)(I)C(F)(F)I,1
CC1=C(C)C(=O)C(=C(Br)C1=O)Br,S=C(SSC(=S)N1CCCC1)N1CCCC1,1
OC(=O)c1ccc(OCCCCC#N)cc1,OC(=O)c1ccc(OCCCCCC#N)cc1,1
CC12CCC3C(CCc4cc(O)ccc34)C1CCC2O,NC(=O)c1ccncc1,1
CC(C)CCCC(C)C1CCC2C3CCC4CC(O)CCC4(C)C3CCC12C,Oc1ccc(I)cc1,1
CC(C)CCCC(C)C1CCC2C3CCC4CC(O)CCC4(C)C3CCC12C,Oc1ccc(Cl)cc1,1
CC(CCC(O)=O)C1CCC2C3C(O)CC4CC(O)CCC4(C)C3CC(O)C12C,O=Nc1ccccc1,1
CC(C)CCCC(C)C1CCC2C3CCC4CC(O)CCC4(C)C3CCC12C,Oc1ccc(Br)cc1,1
N1c2ccccc2P=C1c1cccc2ccccc12,O=P12OP3(=O)c4ccccc4NC3(c3cccc4ccccc34)C1(Nc1ccccc21)c1cccc2ccccc12,1
c1cc(ccn1)N=Nc1ccncc1,OC(=O)CCCCCCCCC(O)=O,1
c1cc(ccn1)N=Nc1ccncc1,OC(=O)CCCCC(O)=O,1
c1cc(ccn1)N=Nc1ccncc1,OC(=O)C(O)=O,1
c1cc(ccn1)C=Cc1ccncc1,OC(=O)CCCCC(O)=O,1
c1cc(ccn1)N=Nc1ccncc1,OC(=O)C=CC(O)=O,1
Cc1cnc(C)cn1,OC1=C(Cl)C(=O)C(=C(Cl)C1=O)O,1
NC(=O)c1cccnc1,NC(=O)c1ccncc1,1
CC(C)(Oc1ccc(Cl)cc1)C(O)=O,NC(=O)c1ccncc1,1
NC(=O)c1ccncc1,OC(=O)Cc1ccccc1Nc1c(Cl)cccc1Cl,1
N1C=CN=N1,OC(=O)c1cc(cc(c1)N(=O)=O)N(=O)=O,1
Cc1cc(C)nc(N)n1,OC(=O)CC(=C)C(O)=O,1
c1cnc2c(c1)ccc1ncccc21,OC(=O)c1cc(C(O)=O)c(cc1C(O)=O)C(O)=O,1
CC1=CC(=NC#N)C(=CC1=NC#N)C,N1c2ccccc2C2=C1c1ccccc1N2,1
CC1=CC(C(=CC1=C(C#N)C#N)C)=C(C#N)C#N,N1c2ccccc2C2=C1c1ccccc1N2,1
C1CN2CCN1CC2,OC(=O)CCCCCC(O)=O,1
C1CN2CCN1CC2,OC(=O)CCCCCCC(O)=O,1
C1CN2CCN1CC2,OC(=O)CCCCCCCC(O)=O,1
NC(=O)N1c2ccccc2C=Cc2ccccc12,O=C1C=CC(=O)C=C1,1
NC(=O)N1c2ccccc2C=Cc2ccccc12,O=Cc1ccc(C=O)cc1,1
NC(=O)N1c2ccccc2C=Cc2ccccc12,O=C1NS(=O)(=O)c2ccccc12,1
NC(=O)c1cccnc1,NC(=O)N1c2ccccc2C=Cc2ccccc12,1
CCCC(O)=O,NC(=O)N1c2ccccc2C=Cc2ccccc12,1
NC(=O)N1c2ccccc2C=Cc2ccccc12,OC(=O)C12CC3(CC(C1)(CC(C2)(C3)C(O)=O)C(O)=O)C(O)=O,1
CN1C=NC2=C1C(=O)N(C)C(=O)N2C,OC(=O)C1=CC(=NN1)C(O)=O,1
CN1C=NC2=C1C(=O)N(C)C(=O)N2C,OC(=O)c1ccc(C(O)=O)c(c1)C(O)=O,1
Nc1c(Cl)cc(Cl)cc1Cl,Oc1c(cc(cc1N(=O)=O)N(=O)=O)N(=O)=O,1
COc1ccc2SC3=C(Sc4ccc(OC)cc34)c2c1,FC1=C(F)C(C(=C(F)C1=C(C#N)C#N)F)=C(C#N)C#N,1
Nc1nc(N)nc(n1)c1ccc(Br)cc1,OC(=O)CCCCC(O)=O,1
COc1ccc2SC3=C(Sc4ccc(OC)cc34)c2c1,N#CC(C#N)=C1C=CC(C=C1)=C(C#N)C#N,1
CC(C)c1cccc(C(C)C)c1N1C=CN(C1=C(S)Nc1ccccc1)c1c(cccc1C(C)C)C(C)C,N(c1ccccc1)C(Nc1ccccc1)=Nc1ccccc1,1
CN1C=NC2=C1C(=O)N(C)C(=O)N2C,OC1(C#CC2(O)c3ccccc3c3ccccc23)c2ccccc2c2ccccc12,1
OC(=O)C=CC(O)=O,OC(CN1C=NC=N1)(CN1C=NC=N1)c1ccc(F)cc1F,1
OC(=O)CCCC(O)=O,OC(CN1C=NC=N1)(CN1C=NC=N1)c1ccc(F)cc1F,1
Cc1ccncc1,OC(=O)C(=Cc1ccc(cc1)N(c1ccccc1)c1ccccc1)C#N,1
[NH3+]C(C(C)O)C(=O)NC(C(=O)[O-])c1ccccc1,OC1CCCCC1,1
O=C(NCc1ccc2ccc3cccc4ccc1c2c34)c1cccc(n1)C(=O)NCc1ccc2ccc3cccc4ccc1c2c34,O=N(=O)c1cc(cc(c1)N(=O)=O)N(=O)=O,1
CC(C)(C)NC(=O)N=C1c2ccccc2Nc2ccccc12,CC(C)(C)NC(=O)Nc1c2ccccc2nc2ccccc12,1
C1CCOc2ccc(COCc3cccc(n3)c3cccc(COCc4ccc(OC1)cc4)n3)cc2,CC(C)(C)c1cc(cc(c1)C(C)(C)C)N1C=C(N=N1)c1cc(cc(c1)C(C)(C)C)C(C)(C)C,1
CC1=NNC(S1)=NS(=O)(=O)c1ccc(N)cc1,COc1cc(OC)nc(N)n1,1
Brc1cccc2ccccc12,Cc1c(cc(cc1N(=O)=O)N(=O)=O)N(=O)=O,1
Brc1c2ccccc2cc2ccccc12,Cc1c(cc(cc1N(=O)=O)N(=O)=O)N(=O)=O,1
Cc1c(cc(cc1N(=O)=O)N(=O)=O)N(=O)=O,S1C=CSC1=C1SC=CS1,1
Cc1c(cc(cc1N(=O)=O)N(=O)=O)N(=O)=O,S1C=CC2=C1C=CS2,1
Cc1c(cc(cc1N(=O)=O)N(=O)=O)N(=O)=O,S1c2ccccc2c2ccccc12,1
Cc1c(cc(cc1N(=O)=O)N(=O)=O)N(=O)=O,Cc1cccc2c1Sc1c(C)cccc21,1
Cc1c(cc(cc1N(=O)=O)N(=O)=O)N(=O)=O,COc1ccc(OC)cc1,1
Cc1c(cc(cc1N(=O)=O)N(=O)=O)N(=O)=O,Nc1ccc(cc1)C(O)=O,1
Cc1c(cc(cc1N(=O)=O)N(=O)=O)N(=O)=O,Nc1ccccc1C(O)=O,1
NC(N)=O,OC(=O)CC(O)=O,1
NC(N)=O,ON=CC1=CC=C(O1)N(=O)=O,1
[NH3+]C(CCC)C(=O)[O-],[NH3+]C(CCSC)C(=O)[O-],1
NC(N)=O,OC(=O)C(O)=O,1
NC(N)=O,O=C1NC(=O)C(=O)N1,1
Nc1ccc(C(O)=O)c(O)c1,NNC(=O)c1ccncc1,1
CCCOC(=O)c1c2ccccc2cc2ccccc12,OC(C#CC#CC(O)(c1ccccc1)c1ccccc1)(c1ccccc1)c1ccccc1,1
Cc1ccc(cc1)C(O)=O,N#Cc1ccncc1,1
CNC(=O)N(C)C,Ic1ccc(cc1)S(=O)(=O)NS(=O)(=O)c1ccc(I)cc1,1
NN1C=CN=N1,ON1N=NN=C1C1=NN=NN1O,1
c1cc(ccn1)c1ccncc1,OC(=O)C1=C(Cl)C=CS1,1
CN1C=NC2=C1C(=O)N(C)C(=O)N2C,OC(=O)C(F)(F)C(F)(F)C(F)(F)C(F)(F)C(O)=O,1
Cc1cccc2c1Sc1c(C)cccc21,Clc1ccc(c2C(=O)c3c(Cl)ccc(c3C(=O)c12)N(=O)=O)N(=O)=O,1
CC(C)(O)C(C)(C)O,OC(C(OP(O)(O)=O)c1ccccc1)(c1ccccc1)C(O)(C(F)(F)F)C(F)(F)F,1
CC(NC(=O)C(C)(C)C)c1cccc2ccccc12,CC(NC(=O)c1cc(cc(c1)N(=O)=O)N(=O)=O)c1cccc2ccccc12,1
c1cnccn1,OC(=O)c1cc(ccc1O)c1ccc(F)cc1F,1
ClC1=C(Cl)C(=O)C(=C(C#N)C1=O)C#N,COc1ccc(cc1)C1=Cc2ccccc2O1,1
C1=CN(N=C1)c1cc(nc(c1)c1cc(cc(n1)N1C=CC=N1)N1C=CC=N1)N1C=CC=N1,OC(=O)C(F)(F)F,1
CC(C)(C(O)=O)c1ccccc1I(=O)=O,OC(=O)C(F)(F)F,1
c1ccc(cc1)C#Cc1ccccc1C#Cc1ccccc1,Fc1c(F)c(F)c2c(F)c(F)c(F)c(F)c2c1F,1
c1cc(ccn1)c1ccc(cc1)c1ccc(cc1)c1ccncc1,OC(=O)c1ccc(C(O)=O)c(c1)c1cc(cc(c1)C(O)=O)C(O)=O,1
CC1CN(CC(C)N1)c1c(F)c(N)c2C(=O)C(=CN(C3CC3)c2c1F)C(O)=O,COC(=O)c1ccc(O)cc1,1
CC1CN(CC(C)N1)c1c(F)c(N)c2C(=O)C(=CN(C3CC3)c2c1F)C(O)=O,CCCOC(=O)c1ccc(O)cc1,1
CC1CN(CC(C)N1)c1c(F)c(N)c2C(=O)C(=CN(C3CC3)c2c1F)C(O)=O,CCOC(=O)c1ccc(O)cc1,1
CC(C)COC(=O)c1ccc(O)cc1,CC1CN(CC(C)N1)c1c(F)c(N)c2C(=O)C(=CN(C3CC3)c2c1F)C(O)=O,1
CCCCCCCCC(O)=O,Nc1ncncn1,1
CCCCCCC(O)=O,Nc1ncnc(N)n1,1
CCCCCCCCC(O)=O,Nc1ncccn1,1
[O-][N+]1=C2C(=NO1)C1=[N+]([O-])ON=C1C1=[N+]([O-])ON=C21,O=Cc1ccc(cc1)N(=O)=O,1
Cc1nc(C)c(C)nc1C,Nc1ncc(cn1)C#CI,1
c1cc(ccn1)C=Cc1ccncc1,Nc1ncc(cn1)C#CI,1
CC(CC(O)=O)c1ccccc1,NC(=O)c1ccncc1,1
CC(CC(O)=O)c1ccccc1C,NC(=O)c1ccncc1,1
CC(CC(O)=O)c1cccc(C)c1,NC(=O)c1ccncc1,1
CC(CC(O)=O)c1ccc(F)cc1,NC(=O)c1ccncc1,1
CC(C)(C)P(=O)c1ccccc1,Oc1ccc2ccccc2c1c1c(O)ccc2ccccc12,1
Ic1ccc2c(c1)C(=C(C#N)C#N)c1ccc(I)cc1C2=C(C#N)C#N,S1C=CSC1=C1SC=CS1,1
NC(=O)c1cnccn1,OC(=O)C(O)=O,1
Oc1cc(Cl)c(Cl)c(Cl)c1,Oc1ccc(Cl)cc1,1
Cc1cccc(Nc2ccccc2C(O)=O)c1C,Clc1cccnc1,1
Cc1cccc(Nc2ccccc2C(O)=O)c1C,Cc1ccncc1,1
c1ccc(nc1)c1nccnc1c1ccccn1,Fc1c(F)c(I)c(F)c(F)c1I,1
CCCCN1C=C(C)C(=O)NC1=O,CCCOC(=O)c1cc2cc(C(=O)OCCC)c3OCCCC(=O)Nc4cccc(NC(=O)CCCOc1cc2c3)n4,1
c1cc(ccn1)C=NN=Cc1ccncc1,OC(=O)c1ccccc1,1
COc1cc(NS(=O)(=O)c2ccc(N)cc2)nc(OC)n1,NC(=O)c1ccncc1,1
C12C3C4C1C1C2C3C41C12C3C4C5C3C1C5C24,CC(C)(C)C12C3C4C5C3C1(C5C24)C12C3C4C5C3C1C5C24,1
NC(=[NH2+])NC(=O)C1=CC=C(N1)C(=O)[O-],O=P(N1CCCC1)(N1CCCC1)N1CCCC1,1
C1COC2=C(O1)SC(S2)=C1SC2=C(SCCS2)S1,N#CC(C#N)=C1C=CC(C=C1)=C(C#N)C#N,1
C1COC2=C(O1)SC(S2)=C1SC2=C(SCCS2)S1,COC1=CC(C(=CC1=C(C#N)C#N)OC)=C(C#N)C#N,1
C1COC2=C(O1)SC(S2)=C1SC2=C(SCCS2)S1,N#CC(C#N)=C1C2=C([N]S[N]2)C(C2=C1[N]S[N]2)=C(C#N)C#N,1
C1COC2=C(O1)SC(S2)=C1SC2=C(SCCS2)S1,IC1=C(I)C(=O)C(=C(I)C1=O)I,1
C1COC2=C(O1)SC(S2)=C1SC2=C(OCCO2)S1,N#CC(C#N)c1ccc(cc1)c1ccc(cc1)C(C#N)C#N,1
N#CC(C#N)c1ccc(cc1)c1ccc(cc1)C(C#N)C#N,S1C(Sc2ccccc12)=C1Sc2ccccc2S1,1
Cc1cc(cc(C)c1N)c1cc(C)c(N)c(C)c1,N#CC(C#N)c1ccc(cc1)c1ccc(cc1)C(C#N)C#N,1
c1ccc2nc3ccccc3nc2c1,N#CC(C#N)c1ccc(cc1)c1ccc(cc1)C(C#N)C#N,1
C[N+](C)(C)CC(=O)[O-],OC(O)C(Cl)(Cl)Cl,1
Cc1ccc(cn1)c1ncc(Cl)cc1c1ccc(cc1)S(C)(=O)=O,OC(=O)CCCCC(O)=O,1
Cc1ccc(cn1)c1ncc(Cl)cc1c1ccc(cc1)S(C)(=O)=O,OC(=O)CCCCCCC(O)=O,1
Cc1ccc(cn1)c1ncc(Cl)cc1c1ccc(cc1)S(C)(=O)=O,OC(=O)CCCC(O)=O,1
C[N+](C)(CC(=O)[O-])c1ccccc1,OC(=O)C(Cl)Cl,1
c1cc(ccn1)c1ccncc1,OC(=O)c1ccc2cc(O)ccc2c1,1
c1cc2ccc1C#Cc1ccc(cc1)C#Cc1ccc(cc1)C#Cc1ccc(cc1)C#Cc1ccc(cc1)C#Cc1ccc(cc1)C#C2,Cc1c(C)c(C)c(C)c(C)c1C,1
CCC(C)Cl,COC(=O)C1CC2=C(Nc3ccccc23)C2(CCC(=O)N12)C(C)(C)C,1
NC(=O)c1ccncc1,OC(=O)c1ccc(O)cc1,1
CCC(C(O)=O)C(O)=O,CCOc1ccccc1C(N)=O,1
NC(=O)c1ccncc1,Oc1cccc(O)c1,1
NC(=O)c1ccncc1,Oc1ccc(O)cc1,1
CC1=CC(=NC(N1)=NS(=O)(=O)c1ccc(N)cc1)C,O=C1NS(=O)(=O)c2ccccc12,1
Nc1cccc2N=S=Nc12,O=N(=O)c1cc2N=S=Nc2c(c1)N(=O)=O,1
N1=S=NC2=C1N=S=N2,Nc1cccc2N=S=Nc12,1
NC1=Nc2ccccc2S1,Nc1cccc(c1)C(O)=O,1
c1cc2cccc3ccc(c1)c23,N#CC(C#N)=C(C#N)C#N,1
NC1=Nc2ccccc2S1,O=C(NCc1ccccc1)C1=Cc2ccccc2OC1=O,1
Cc1ccc2ccccc2n1,OC(=O)c1cc(cc(c1)C(O)=O)C(O)=O,1
C(Cc1ccncc1)c1ccncc1,Nc1ccc(C(O)=O)c(O)c1,1
CC1CC(C)CC(C)C(O)C(=CC=CCC(OC(=O)CC(O)C(C)C1)C1CCCC1C(O)=O)C#N,CCC(C)CO,1
Cc1cc(C)c(N=Nc2c(C)cc(C)cc2C)c(C)c1,Fc1c(F)c(F)c(N=Nc2c(F)c(F)c(F)c(F)c2F)c(F)c1F,1
CC1(C)N([O])C(=[N+]([O-])C1(C)C)c1ccc2ccc3cccc4ccc1c2c34,Fc1c(F)c(F)c(F)c(F)c1F,1
CN1C=NC2=C1C(=O)N(C)C(=O)N2C,OC(=O)C(F)(F)F,1
C1CN2CCN1CC2,OC(C#C)(c1ccccc1)c1ccccc1Cl,1
CC1(C)COC(=O)C1O,OC(C1OC2(CCCCC2)OC1C(O)(c1ccccc1)c1ccccc1)(c1ccccc1)c1ccccc1,1
CN(c1ccc(cc1)C(O)=O)C(=O)N(C)c1ccc(cc1)C(O)=O,Nc1ncccn1,1
c1cc(ccn1)c1ccncc1,OC(=O)C1=Cc2ccccc2OC1=O,1
C(Cc1ccncc1)c1ccncc1,OC(=O)C1=Cc2ccccc2OC1=O,1
CN1C(=O)N(C)C2=C(NC=N2)C1=O,OC(=O)c1ccccc1,1
c1cnccn1,OC(=O)C=CC(O)=O,1
c1cnccn1,OC(=O)c1ccccc1C(O)=O,1
c1cnccn1,OC(=O)c1ccc(cc1)C(O)=O,1
COc1cccc(C=Nc2cccc3ccccc23)c1O,Fc1c(F)c(I)c(F)c(I)c1F,1
COc1cccc(C=Nc2cccc3ccccc23)c1O,Fc1c(F)c(I)c(F)c(F)c1I,1
COc1cccc(C=NC23CC4CC(CC(C4)C2)C3)c1O,Fc1c(F)c(F)c(I)c(I)c1F,1
COc1cccc(C=NC23CC4CC(CC(C4)C2)C3)c1O,Fc1c(F)c(I)c(F)c(F)c1I,1
CC(CCC(O)=O)C1CCC2C3C(O)CC4CC(O)CCC4(C)C3CC(O)C12C,CC1COC(=O)O1,1
CC(CCC(O)=O)C1CCC2C3C(O)CC4CC(O)CCC4(C)C3CC(O)C12C,CCC1COC(=O)O1,1
CC(ON=C1c2cc(cc(c2c2c1cc(cc2N(=O)=O)N(=O)=O)N(=O)=O)N(=O)=O)C(O)=O,S1C=Cc2c1ccc1Sc3ccc4SC=Cc4c3c21,1
CCC1(C(=O)NC(=O)NC1=O)c1ccccc1,Nc1nnc(c(N)n1)c1cccc(Cl)c1Cl,1
c1cc2cncc3ccc4cncc1c4c23,O=C1NC(=O)NC(=O)N1,1
C(N1C=CN=C1)N1C=CN=C1,OC(=O)CCCCCCC(O)=O,1
ClC1=C(Cl)C(=O)C(=C(C#N)C1=O)C#N,IC1=CSC(S1)=C1SC2=C(SCCS2)S1,1
[NH3+]C(CC)C(=O)[O-],[NH3+]C(CCC)C(=O)[O-],1
C(Cc1ccncc1)c1ccncc1,OC(=O)c1cc(O)cc(O)c1,1
c1cc(ccn1)c1ccncc1,OC(=O)c1cc(O)c(Br)c(O)c1,1
C1CCC2NCc3ccc(CNC4CCCCC4NCc4ccc(CNC5CCCCC5NCc5ccc(CNC2C1)cc5)cc4)cc3,COC(=O)c1ccccc1,1
CC1CCCC(=O)C1,OC(C#CC#CC(O)(c1ccccc1)c1ccccc1Cl)(c1ccccc1)c1ccccc1Cl,1
CC(=O)N1C=Cc2ccccc2C1C1N(C=Cc2ccccc12)C(C)=O,COC,1
CCC(C)=C(C)CC,CCOC(=O)C(C1=CC2=NC3=NON=C3N=C2C=C1)=P(c1ccccc1)(c1ccccc1)c1ccccc1,1
C1Cc2ccccc2c2ccccc12,Fc1c(F)c(F)c2c(F)c(F)c(F)c(F)c2c1F,1
c1ccc2c(c1)c1ccccc1C2=C1c2ccccc2c2ccccc12,N#CC(C#N)=C1C=CC(C=C1)=C(C#N)C#N,1
CC1=CNC(=O)NC1=O,Nc1ccnc(N)n1,1
c1cc(ccn1)c1ccncc1,NS(=O)(=O)c1cc2c(NC=NS2(=O)=O)cc1Cl,1
NC(=O)c1ccccc1,NS(=O)(=O)c1cc2c(NC=NS2(=O)=O)cc1Cl,1
C(Cc1ccncc1)Cc1ccncc1,NS(=O)(=O)c1cc2c(NC=NS2(=O)=O)cc1Cl,1
c1cc(ccn1)C=Cc1ccncc1,NS(=O)(=O)c1cc2c(NC=NS2(=O)=O)cc1Cl,1
NC(=O)c1ccncc1,NS(=O)(=O)c1cc2c(NC=NS2(=O)=O)cc1Cl,1
C(C#CC#CCN1c2ccccc2c2ccccc12)N1c2ccccc2c2ccccc12,O=C1c2cc(ccc2c2c1cc(cc2N(=O)=O)N(=O)=O)N(=O)=O,1
CC1CCC(=O)C1,OC1(c2ccccc2)c2ccccc2C(O)(c2ccccc2)c2ccccc12,1
N(c1ccccc1)C(Nc1ccccc1)=Nc1ccccc1,OC(=O)C(Cl)(Cl)Cl,1
[NH3+]CCC(=O)[O-],OC(C(O)C(O)=O)C(O)=O,1
BrN1C(=O)c2ccccc2C1=O,O=C(c1ccccc1)c1ccncc1,1
Brc1cccnc1,BrN1C(=O)c2ccccc2C1=O,1
BrN1C(=O)c2ccccc2C1=O,COC(=O)c1cccnc1,1
BrN1C(=O)c2ccccc2C1=O,c1cc(ccn1)c1ccncc1,1
BrN1C(=O)c2ccccc2C1=O,Cc1cc(C)nc(C)c1,1
BrN1C(=O)c2ccccc2C1=O,C1CN2CCN1CC2,1
BrN1C(=O)c2ccccc2C1=O,Cc1cncc(C)c1,1
CC1CC(C)CC(=O)C1,OC(C#CC#CC(O)(c1ccccc1)c1ccccc1)(c1ccccc1)c1ccccc1,1
CC1CC(C)CC(O)C1,OC(C#CC#CC(O)(c1ccccc1)c1ccccc1)(c1ccccc1)c1ccccc1,1
O1C(=NN=C1c1ccncc1)c1ccncc1,Oc1ccc2ccc(O)cc2c1,1
Cc1cccc2c1Sc1c(C)cccc21,FC1=C(F)C(C(=C(F)C1=C(C#N)C#N)F)=C(C#N)C#N,1
COc1ccccc1OCCNCC(O)c1ccc(C)c(c1)S(N)(=O)=O,OC(C(O)C(O)=O)C(O)=O,1
C1COCCOCCOCCOCCOCCO1,Nc1c(F)c(F)c2c(F)c(F)c(F)c(F)c2c1F,1
C1COCCOCCOCCOCCOCCO1,Nc1c(F)c(F)c(F)c(F)c1F,1
C1COCCOCCOCCOCCOCCO1,Nc1c(F)c(F)cc(F)c1F,1
CC1=C(C)SC(S1)=C1C(=O)c2ccccc2C1=O,N#CC(C#N)=C1C=CC(C=C1)=C(C#N)C#N,1
Cc1nc(C)c(C)nc1C,N#Cc1cc(C#N)c(cc1C#N)C#N,1
O=C([O-])C1[NH2+]CCC1,OC(=O)C12CC3C4C5CC3C1(C5C24)C(O)=O,1
CCCCCCCCOc1ccc(cc1)C=Cc1ccncc1,Oc1cc(F)cc(F)c1,1
CCCCCCCCOc1ccc(cc1)C=Cc1ccncc1,Oc1ccc(F)cc1,1
CC1CCC2C(C)C(=O)NC3OC4(C)CCC1C23OO4,OC(=O)c1ccccc1,1
CCCCCCCCOc1ccc(cc1)C=Cc1ccncc1,Oc1cc(F)c(F)c(F)c1,1
CC1CCC2C(C)C(=O)NC3OC4(C)CCC1C23OO4,OC(=O)c1ccccc1O,1
CC1CCC2C(C)C(=O)NC3OC4(C)CCC1C23OO4,OC(C(O)=O)c1ccccc1,1
CCCCCCCCOc1ccc(cc1)C=Cc1ccncc1,Oc1c(F)ccc(F)c1F,1
CCCCCCCCOc1ccc(cc1)C=Cc1ccncc1,Oc1c(F)cccc1F,1
CCCCCCCCOc1ccc(cc1)C=Cc1ccncc1,Oc1ccccc1F,1
CCCCOc1ccc(cc1)C=Cc1ccncc1,Oc1cc(F)c(F)c(F)c1,1
CCCCCCCCOc1ccc(cc1)C=Cc1ccncc1,Oc1c(F)c(F)cc(F)c1F,1
COc1cc(C=O)ccc1O,NC(=O)c1ccncc1,1
COc1cc(ccc1O)C(O)=O,NC(=O)c1ccncc1,1
C1N2CN3CN1CN(C2)C3,COc1cc(ccc1O)C(O)=O,1
c1ccc2nc3ccccc3nc2c1,COc1cc(ccc1O)C(O)=O,1
Clc1ccccc1[NH+]=Nc1c([O-])ccc2ccccc12,N#CC(C#N)=C1C=CC(C=C1)=C(C#N)C#N,1
CC1=NN(c2ccccc2)C(=C1C(=O)c1ccccc1)O,N#CC(C#N)=C1C=CC(C=C1)=C(C#N)C#N,1
N#CC(C#N)=C1C=CC(C=C1)=C(C#N)C#N,OC1=NNc2ccccc12,1
N#CC(C#N)=C1C=CC(C=C1)=C(C#N)C#N,O=C1Nc2ccccc2C=C1,1
N#CC(C#N)=C1C=CC(C=C1)=C(C#N)C#N,OC1=CC=CNC1=O,1
N#CC(C#N)=C1C=CC(C=C1)=C(C#N)C#N,O=C1NC=CC=C1,1
N#CC(C#N)=C1C=CC(C=C1)=C(C#N)C#N,Nc1ncccn1,1
CC(C(O)=O)c1ccc(c(F)c1)c1ccccc1,O=C([O-])C1[NH2+]CCC1,1
COC(=O)NC1=Nc2ccc(cc2N1)C(=O)c1ccccc1,OC(=O)CCCC(O)=O,1
CC(C)c1c(O)c(O)c(C=O)c2c(O)c(c(C)cc12)c1c(C)cc2c(C(C)C)c(O)c(O)c(C=O)c2c1O,CC(C)CC(O)=O,1
C1CCC2OCCOCCOC3CCCCC3OCCOCCOC2C1,Cc1ccc(cc1)S(N)(=O)=O,1
CCCCCCCCC(O)=O,Nc1nc(N)nc(n1)c1ccc(cc1)c1ccncc1,1
CCCCCCCC(O)=O,Nc1nc(N)nc(n1)c1ccccn1,1
CCCCCCC(O)=O,Nc1nc(N)nc(n1)c1ccc(cc1)c1ccncc1,1
CCCCCCCCC(O)=O,Nc1nc(N)nc(n1)c1cccnc1,1
CCCCCCCCC(O)=O,Nc1nc(N)nc(n1)c1ccccn1,1
Clc1ccc(OC2=NC(=NC(=N2)Oc2ccc(Cl)cc2)Oc2ccc(Cl)cc2)cc1,O=N(=O)c1cc(cc(c1)N(=O)=O)N(=O)=O,1
c1cc(ccn1)c1ccncc1,O=C1NC(=O)NC(=O)N1,1
c1cc(ccn1)c1ccncc1,CN1C(=O)NC(=O)NC1=O,1
c1cc(ccn1)C=Cc1ccncc1,OC(=O)C1=CNC(=O)NC1=O,1
C(Cc1ccncc1)c1ccncc1,OC(=O)C1=CNC(=O)NC1=O,1
C(Cc1ccncc1)Cc1ccncc1,OC(=O)C1=CNC(=O)NC1=O,1
ClC1=C(N=C2N1N=NN1C(=C(N=C21)N(=O)=O)Cl)N(=O)=O,CN(C)S(=O)(=O)c1ccc(C)cc1,1
CN(N=CC(C=NN(C)c1ccccc1)=NN(C)c1ccccc1)c1ccccc1,CNc1ccccc1,1
c1cnc2c(c1)ccc1cccnc21,Oc1ccccc1,1
C1COCCOCCOCCOCCOCCO1,CC(C)(C)CC(C)(C)c1ccc(O)c(CO)c1,1
O=C(OC(=CC1=Nc2ccccc2S1)c1ccccc1)c1ccccc1,OC(=O)c1ccccc1,1
N#CC(C#N)=C(C#N)C#N,N1c2ccccc2C2=C1c1ccccc1S2,1
Nc1nc(N)nc(N)n1,O=C1NC=CC(=O)N1,1
Cc1ccc(cc1)C1=CC(=NN1c1ccc(cc1)S(N)(=O)=O)C(F)(F)F,NC(=O)c1cccnc1,1
[O]n1ccn([O])c2ccccc12,O=C1CC(=O)NC(=O)N1,1
[O]n1ccn([O])cc1,O=C1CC(=O)NC(=O)N1,1
C(Cc1ccncc1)c1ccncc1,ON=C1CCCCC1=NO,1
[O]n1ccn([O])c2ccccc12,NC(=O)N1c2ccccc2C=Cc2ccccc12,1
[O]n1ccn([O])cc1,NC(=O)N1c2ccccc2C=Cc2ccccc12,1
N#CC(C#N)=C1C=CC(C=C1)=C(C#N)C#N,S1C=C2SC3=CSC=C3C2=C1,1
CC(C)Oc1ccc(cc1)C(=O)NS(=O)(=O)c1ccc(N)cc1,CN1C=NC2=C1C(=O)N(C)C(=O)N2C,1
c1cnc2c(c1)ccc1cccnc21,NC(=S)Nc1ccc(F)cc1,1
Brc1c2ccccc2c(c2ccccc2)c2ccccc12,O=C1c2ccccc2C(=O)c2ccccc12,1
C1N2CN3CN1CN(C2)C3,OC(=O)Cc1ccccc1,1
c1ccc2nc3ccccc3nc2c1,Nc1ncc(cn1)c1c2ccccc2c(c2cnc(N)nc2)c2ccccc12,1
C1COCCOCCOCCOCCOCCO1,Nc1ccc(cc1)S(N)(=O)=O,1
NC1=NN=C(S1)c1ccc(Br)cc1,OC(=O)COc1ccc2ccccc2c1,1
CN1c2cccc(n2)N(C)c2cccc(n2)N(C)c2cccc(n2)N(C)c2cccc1n2,Oc1ccc(O)cc1,1
CN1c2cccc(n2)N(C)c2cccc(n2)N(C)c2cccc(n2)N(C)c2cccc1n2,Oc1cccc(O)c1,1
CN1c2cccc(n2)N(C)c2cccc(n2)N(C)c2cccc(n2)N(C)c2cccc1n2,OCCCO,1
Brc1ccc2Nc3ccc(Br)cc3c2c1,O=C1OC(=O)c2cc3C(=O)OC(=O)c3cc12,1
Cc1cc2N=CN(Cc3ccncc3)c2cc1C,ON=C(C#N)c1ccc(cc1)C(O)=O,1
C(N1C=CN=C1c1ccccc1)c1ccncc1,OC(=O)c1ccc(O)cc1,1
Cc1cc2N=CN(Cc3cccnc3)c2cc1C,ON=C(C#N)c1ccc(Br)cc1,1
CC1(C)OC(C(O1)C(O)(c1ccccc1)c1ccccc1)C(O)(c1ccccc1)c1ccccc1,S=C(N1CCCc2ccc3CCCN(C(=S)c4ccccc4)c3c12)c1ccccc1,1
Cc1ccc(cc1)C=CC(=O)C1=C(O)C(CCC1)=Cc1ccc(C)cc1,Cc1ccc(cc1)C=CC(O)=C1CCCC(=Cc2ccc(C)cc2)C1=O,1
O=P(c1ccccc1)(c1ccccc1)c1ccccc1,OC(=O)c1ccccc1Sc1ccccc1C(O)=O,1
C1CN2CCN1CC2,Cc1cc(C)nc(NS(=O)(=O)c2ccc(N)cc2)n1,1
C(Cc1ccncc1)c1ccncc1,Nc1ccccc1C(O)=O,1
O=C1NCCN1,OC1=C(Cl)C(=O)C(=C(Cl)C1=O)O,1
O=C1CNC(=O)N1,OC1=C(Cl)C(=O)C(=C(Cl)C1=O)O,1
c1ccc2c(c1)c1cccc3cccc2c13,O=C1OC(=O)c2cc3C(=O)OC(=O)c3cc12,1
Cc1c2ccccc2cc2ccccc12,O=C1OC(=O)c2cc3C(=O)OC(=O)c3cc12,1
CC(=O)OC(=O)c1c2ccccc2cc2ccccc12,O=C1OC(=O)c2cc3C(=O)OC(=O)c3cc12,1
CCCCCCCCCCOc1ccc(cc1)C=Cc1ccncc1,Fc1cc(F)c(F)c(I)c1F,1
CCCCCCCCOc1ccc(cc1)C=Cc1ccncc1,Fc1cc(F)c(F)c(I)c1F,1
CCCCCCOc1ccc(cc1)C=Cc1ccncc1,Fc1cc(I)c(F)c(F)c1F,1
CCCCCCOc1ccc(cc1)C=Cc1ccncc1,Fc1cc(F)c(F)c(I)c1F,1
NC1=NC(=O)N(C=C1)C1CSC(CO)O1,OC(=O)CCCCCC(O)=O,1
CN1c2ccccc2N=C1c1ccncc1,ON=Cc1c(F)c(F)c(F)c(F)c1F,1
CN1c2ccccc2N=C1c1ccncc1,ON=Cc1c(F)c(F)c(Br)c(F)c1F,1
CN1c2ccccc2N=C1c1ccncc1,ON=Cc1c(F)c(F)c(I)c(F)c1F,1
C1COCCOCCOCCOCCOCCO1,NS(=O)(=O)c1cc2c(NCNS2(=O)=O)cc1Cl,1
CC1CC(C)CC(=O)C1,Cc1cc(C)cc(O)c1,1
CC(=O)NC(C)=O,Oc1ccc(cc1)N(=O)=O,1
CCCC(=O)NC(=O)c1ccccc1,Oc1ccc(cc1)N(=O)=O,1
CC(=O)NC(C)=O,Oc1ccc(O)cc1,1
CCCC(=O)NC(=O)c1ccccc1,Oc1ccc(O)cc1,1
CC(=O)NC(C)=O,OC(=O)c1ccc(O)cc1,1
CC(=O)NC(C)=O,NC(=O)c1ccc(O)cc1,1
CC(=O)NC(=O)c1ccccc1,O=P(c1ccccc1)(c1ccccc1)c1ccccc1,1
CCC(=O)NC(=O)c1ccccc1,O=P(c1ccccc1)(c1ccccc1)c1ccccc1,1
O=C(NC(=O)c1ccccc1)c1ccccc1,O=P(c1ccccc1)(c1ccccc1)c1ccccc1,1
CCP1(=O)CC=C(C)C1,OC(C1OC2(CCCCC2)OC1C(O)(c1ccccc1)c1ccccc1)(c1ccccc1)c1ccccc1,1
CC1(C)OC(C(O1)C(O)(c1ccccc1)c1ccccc1)C(O)(c1ccccc1)c1ccccc1,CCCP1(=O)CC=C(C)C1,1
C1CN2CCN1CC2,CCCCCCN1C=C(I)C(=O)NC1=O,1
CNC=O,IC1=CNC(=O)NC1=O,1
Brc1ccc2ccc3cccnc3c2n1,Fc1c(I)c(F)c(I)c(F)c1I,1
Cc1ccc2ccc3cccnc3c2n1,Fc1c(I)c(F)c(I)c(F)c1I,1
Clc1ccc2ccc3cccnc3c2n1,Fc1c(I)c(F)c(I)c(F)c1I,1
Cc1ccc2ccc3ccc(C)nc3c2n1,Fc1c(I)c(F)c(I)c(F)c1I,1
CC(CCC(N)=O)C1CCC2C3C(O)CC4CC(O)CCC4(C)C3CC(O)C12C,Clc1cccc(Br)c1,1
CC(CCC(N)=O)C1CCC2C3C(O)CC4CC(O)CCC4(C)C3CC(O)C12C,Cc1cccc(Br)c1,1
CC(CCC(N)=O)C1CCC2C3C(O)CC4CC(O)CCC4(C)C3CC(O)C12C,Cc1cccc(Cl)c1,1
CC(CCC(N)=O)C1CCC2C3C(O)CC4CC(O)CCC4(C)C3CC(O)C12C,Cc1cccc(I)c1,1
CC(CCC(O)=O)C1CCC2C3C(O)CC4CC(O)CCC4(C)C3CC(O)C12C,Cc1cccc(Cl)c1,1
CC(CCC(O)=O)C1CCC2C3C(O)CC4CC(O)CCC4(C)C3CC(O)C12C,Clc1cccc(Br)c1,1
CC(CCC(O)=O)C1CCC2C3C(O)CC4CC(O)CCC4(C)C3CC(O)C12C,Cc1cccc(Br)c1,1
CC(CCC(O)=O)C1CCC2C3C(O)CC4CC(O)CCC4(C)C3CC(O)C12C,Cc1cccc(I)c1,1
C#Cc1ccccc1,CC(CCC(N)=O)C1CCC2C3C(O)CC4CC(O)CCC4(C)C3CC(O)C12C,1
CC(CCC(N)=O)C1CCC2C3C(O)CC4CC(O)CCC4(C)C3CC(O)C12C,CCCc1ccccc1,1
CC(CCC(N)=O)C1CCC2C3C(O)CC4CC(O)CCC4(C)C3CC(O)C12C,Cc1cccc(C)c1C,1
Fc1cc(cc(F)c1N(=O)=O)N1CCOCC1,Fc1cc(F)c(c(c1)N1CCOCC1)N(=O)=O,1
CN(C)c1cc(cc(F)c1N(=O)=O)N1CCOCC1,Fc1cc(cc(F)c1N(=O)=O)N1CCOCC1,1
OC(=O)c1cc(cc(c1)N(=O)=O)N(=O)=O,OC(=O)CC1=CNc2ccccc12,1
O=N(=O)c1cc(cc(c1)N(=O)=O)N(=O)=O,OC(=O)CC1=CNc2ccccc12,1
CC(=O)C=C(C)Nc1ccc(cc1)C#N,Nc1ccc(cc1)C#N,1
CC(CCC(N)=O)C1CCC2C3C(O)CC4CC(O)CCC4(C)C3CC(O)C12C,COc1ccccc1,1
CC(CCC(O)=O)C1CCC2C3C(O)CC4CC(O)CCC4(C)C3CC(O)C12C,CCCc1ccccc1,1
CC(CCC(O)=O)C1CCC2C3C(O)CC4CC(O)CCC4(C)C3CC(O)C12C,Cc1ccc(Br)cc1,1
CC(CCC(N)=O)C1CCC2C3C(O)CC4CC(O)CCC4(C)C3CC(O)C12C,Cc1ccc(Br)cc1,1
Cc1cc(C)nc(N)n1,OC(=O)c1ccccc1,1
OC(=O)c1cc(C(O)=O)c(cc1C(O)=O)C(O)=O,S1C(=C(c2ccncc2)C(=C1c1ccncc1)c1ccncc1)c1ccncc1,1
FC1=C(F)C(C(=C(F)C1=C(C#N)C#N)F)=C(C#N)C#N,S1c2ccc3cccc4c5cccc6ccc1c(c2c34)c56,1
Nc1ccc(cc1)S(=O)(=O)c1ccc(N)cc1,Nc1ccc(cc1)S(N)(=O)=O,1
CN1C=NC2=C1C(=O)N(C)C(=O)N2C,Nc1ccc(cc1)S(=O)(=O)c1ccc(N)cc1,1
Nc1ccc(cc1)S(=O)(=O)c1ccc(N)cc1,O=C1Nc2ccccc2S1,1
C1CCC2OCCOCCOC3CCCCC3OCCOCCOC2C1,CC(=O)Nc1ccc(cc1)S(N)(=O)=O,1
OC(=O)c1cccc(c1)C(O)=O,S(c1ccncc1)c1ccncc1,1
C(Cc1ccncc1)Cc1ccncc1,OC(=O)c1ccc(Oc2ccc(cc2)C(O)=O)cc1,1
CCCCN1c2ccccc2c2c(O)c(C#N)c3c(Nc4ccccc34)c12,CCO[C](C)O,1
CC1=NC=C(N1CCO)N(=O)=O,OC(=O)c1cc(O)c(O)c(O)c1,1
CC(CC(=O)[O-])[P+](C1CCCCC1)(C1CCCCC1)C1CCCCC1,CC=CC(O)=O,1
c1ccc2nc3ccccc3nc2c1,Fc1c(F)c(Br)c(F)c(F)c1Br,1
c1ccc2nc3ccccc3nc2c1,Fc1c(F)c(I)c(F)c(F)c1I,1
c1ccc2nc3ccccc3cc2c1,Fc1c(F)c(I)c(F)c(F)c1I,1
C1CN2CCN1CC2,Ic1ccc(I)cc1,1
C1CCC(OC1)=NN1C=NN=C1,NS(=O)(=O)C(F)(F)F,1
O=C1Oc2ccccc2C=C1,OC(C#CC#CC(O)(c1ccccc1)c1ccccc1Cl)(c1ccccc1)c1ccccc1Cl,1
CC1(O)CCC2C3CCC4CC5=NNC=C5CC4(C)C3CCC12C,OC(=O)CC(O)=O,1
CC1(O)CCC2C3CCC4CC5=C(CC4(C)C3CCC12C)C=NN5,OC(=O)c1ccc2cc(O)ccc2c1,1
NNC(=O)c1ccncc1,Oc1ccc(cc1)C=Cc1cc(O)cc(O)c1,1
c1cc2cccc3c4cccc5cccc(c(c1)c23)c45,CC1=CC(=NC#N)C(=CC1=NC#N)C,1
c1cc2cccc3c4cccc5cccc(c(c1)c23)c45,ClC1=CC(=NC#N)C(=CC1=NC#N)Cl,1
BrC1=CC(=NC#N)C(=CC1=NC#N)Br,c1cc2cccc3c4cccc5cccc(c(c1)c23)c45,1
c1cc2ccc3cccc4ccc(c1)c2c34,CC1=CC(C(=CC1=C(C#N)C#N)C)=C(C#N)C#N,1
c1cc2ccc3cccc4ccc(c1)c2c34,CC1=CC(=NC#N)C(=CC1=NC#N)C,1
[NH3+]C(C(=O)NC1C2SCC(=C(N2C1=O)C(=O)[O-])C)C1=CCC=CC1,COC(=O)c1cccc(O)c1,1
CN(C)c1ccc(cc1)C=NN=C(C)c1ccc(O)cc1O,CN(C)c1ccc(cc1)C=NNC(C)=C1C=CC(=CC1=O)O,1
OC(=O)c1cccc(c1)C(O)=O,S(Sc1ccncc1)c1ccncc1,1
CC1=C(C)N=CN1,CC1=CC(=NN1)C,1
NC(=O)c1ccncc1,S=C1NC=NC2=C1NC=N2,1
CCN1C(=O)C(=NNc2cccc(C)c2C)C(=C(C#N)C1=O)C,CN1C(=O)C(=NNc2cccc(C)c2C)C(=C(C#N)C1=O)C,1
CCOC(=O)C(CCSC)NC(C)=O,O=C(NC(c1ccccc1)(c1ccccc1)c1ccccc1)NC(c1ccccc1)(c1ccccc1)c1ccccc1,1
c1cc2ccc3ccc4ccc5ccc6ccc1c1c2c3c4c5c61,CC1=CC(C(=CC1=C(C#N)C#N)C)=C(C#N)C#N,1
c1cc2ccc3ccc4ccc5ccc6ccc1c1c2c3c4c5c61,COC1=CC(C(=CC1=C(C#N)C#N)OC)=C(C#N)C#N,1
O=P(c1ccccc1)(c1ccccc1)c1ccccc1,Oc1ccc(cc1)N(=O)=O,1
CC(=O)Oc1ccccc1C(O)=O,Cc1cc(C)nc(NS(=O)(=O)c2ccc(N)cc2)n1,1
Cc1cc(C)nc(NS(=O)(=O)c2ccc(N)cc2)n1,Nc1ccc(C(O)=O)c(O)c1,1
CCOc1ccccc1C(N)=O,O=C1NS(=O)(=O)c2ccccc12,1
O=C1C=CC(=O)C=C1,Oc1ccc(SSc2ccc(O)cc2)cc1,1
C1CN2CCN1CC2,Ic1cc(cc(c1)N(=O)=O)N(=O)=O,1
c1cc(ccn1)c1ccncc1,Ic1cc(cc(c1)N(=O)=O)N(=O)=O,1
Fc1c(F)c(I)c(F)c(F)c1I,NC(=S)c1ccccn1,1
COc1ccc(CCNC(=O)COc2cccc3cccnc23)cc1,Oc1ccc(O)cc1,1
Cc1cncc(C)n1,OC1=C(Br)C(=O)C(=C(Br)C1=O)O,1
c1cc(ccn1)c1ccncc1,Nc1cc(cc(c1)C(O)=O)C(O)=O,1
NC(=O)c1cnccn1,Nc1ccc(cc1)C(O)=O,1
FC(F)(F)c1cccc(NC(=O)Nc2cccc(c2)C(F)(F)F)c1,O=P(c1ccccc1)(c1ccccc1)c1ccccc1,1
Clc1cccc(NC(=O)Nc2cccc(Cl)c2)c1,O=P(c1ccccc1)(c1ccccc1)c1ccccc1,1
O=C(Nc1ccccc1)Nc1cccc(c1)C#N,O=P(c1ccccc1)(c1ccccc1)c1ccccc1,1
Cc1cccc(NC(=O)Nc2cccc(c2)C#N)c1,O=P(c1ccccc1)(c1ccccc1)c1ccccc1,1
O=C(Nc1ccccc1)Nc1cccc(c1)N(=O)=O,O=P(c1ccccc1)(c1ccccc1)c1ccccc1,1
Cc1cccc(NC(=O)Nc2cccc(c2)N(=O)=O)c1,O=P(c1ccccc1)(c1ccccc1)c1ccccc1,1
C1CN2CN3CN1CN(C2)C3,Oc1ccc(cc1)N(=O)=O,1
c1cc(ccn1)c1ccncc1,OC(=O)C1=NSN=C1C(O)=O,1
C(Cc1ccncc1)c1ccncc1,CCOc1ccc(cc1)C(O)=O,1
C(Cc1ccncc1)c1ccncc1,CCCOc1ccc(cc1)C(O)=O,1
C(Cc1ccncc1)c1ccncc1,CCCCOc1ccc(cc1)C(O)=O,1
N1C=CN=C1C1=NC=CN1,OC(=O)c1ccc(cc1)N(=O)=O,1
C1COCCOCCNCCOCCOCCN1,Oc1ccc2ccc(O)cc2c1,1
c1cc(ccn1)c1ccncc1,OC(=O)C1CC(C(CC1C(O)=O)C(O)=O)C(O)=O,1
C(Cc1ccncc1)Cc1ccncc1,Nc1ccc(cc1)C(O)=O,1
c1ccc(C=NN=Cc2ccccn2)nc1,OC(=O)c1ccccc1,1
Brc1ccc(cc1)S(=O)(=O)NS(=O)(=O)c1ccc(Br)cc1,CNC(=O)NC,1
N#Cc1cc(C#N)c(cc1C#N)C#N,S1C=CSC1=C1SC=CS1,1
c1ccc2cc3ccccc3cc2c1,O=C1OC(=O)c2ccc3C(=O)OC(=O)c4ccc1c2c34,1
COC(=O)C(Cc1ccccc1)NC(=O)c1ccccc1,COC(=O)C1(NC(=O)c2ccccc2)C(c2ccccc2)C(NC(=O)c2ccccc2)(C1c1ccccc1)C(=O)OC,1
CCN(CC)c1ccc(C=Nc2cc(C)c(C)cc2N=Cc2ccc(cc2O)N(CC)CC)c(O)c1,CCN(CC)c1ccc(C=Nc2cc(C)c(C)cc2NC=C2C=CC(=CC2=O)N(CC)CC)c(O)c1,1
N1C=CN=C1C1=NC=CN1,OC(=O)c1ccccc1,1
O=C1Oc2ccccc2c2c1ccc1ccccc21,Oc1ccccc1,1
Cc1ccccc1C(O)=O,O=C(NCc1ccncc1)C(=O)NCc1ccncc1,1
c1cc(ccn1)c1ccncc1,OC(=O)CSc1ncccc1C(O)=O,1
[C],CC(C)(C)c1cccc(n1)C(C)(C)C,1
Cc1ccc(cc1)C(O)=O,CCOC(=O)C12Oc3c(CC1Cc1ccccc1C2O)cc(Cl)cc3NC1=Nc2cc(cc(c2O1)C(C)(C)C)C(C)(C)C,1
CC(CCC(O)=O)C1CCC2C3C(O)CC4CC(O)CCC4(C)C3CC(O)C12C,Cc1ccccc1N,1
CC(CCC(O)=O)C1CCC2C3C(O)CC4CC(O)CCC4(C)C3CC(O)C12C,Cc1ccccc1Br,1
C1C=Cc2ccccc12,CC(CCC(O)=O)C1CCC2C3C(O)CC4CC(O)CCC4(C)C3CC(O)C12C,1
NC(=O)c1cccc(CN2C=Nc3ccccc23)c1,OC(=O)c1ccc(cc1)N(=O)=O,1
CC1=Nc2ccccc2N1Cc1cccc(c1)C(N)=O,OC(=O)c1ccc(cc1)N(=O)=O,1
O1C(=NN=C1c1ccncc1)c1ccncc1,OC(=O)c1cc(cc(c1)C(O)=O)C(O)=O,1
c1cc(ccn1)c1ccc(cc1)c1ccncc1,CCC1(CC)C(=O)NC(=O)NC1=O,1
c1cc(ccn1)c1cncnc1,CCC1(CC)C(=O)NC(=O)NC1=O,1
CC(NC(=O)c1ccccc1C(F)(F)F)c1ccccc1,CC(NC(=O)c1ccccc1N(=O)=O)c1ccccc1,1
CC(NC(=O)c1ccccc1C(F)(F)F)c1ccccc1,CC(NC(=O)c1ccccc1C)c1ccccc1,1
CC(NC(=O)c1ccccc1Br)c1ccccc1,CC(NC(=O)c1ccccc1N(=O)=O)c1ccccc1,1
CC(NC(=O)c1ccccc1C(F)(F)F)c1ccccc1,CC(NC(=O)c1ccccc1I)c1ccccc1,1
IC#CC#CI,O=C(NCc1cccnc1)C(=O)NCc1cccnc1,1
IC#CC#CI,O=C(NCc1ccncc1)C(=O)NCc1ccncc1,1
IC#CC#CC#CI,O=C(NCc1cccnc1)C(=O)NCc1cccnc1,1
IC#CC#CC#CI,O=C(NCc1ccncc1)C(=O)NCc1ccncc1,1
CC1(C)CC2(CC(C)(C)N1[O])NC(=O)C1(CC(C)(C)N([O])C(C)(C)C1)NC2=O,OC(C(F)(F)F)C(F)(F)F,1
CC#CC(O)(c1ccc(C)cc1C)c1ccc(C)cc1C,N1C=CC=N1,1
CC1=CC(=NN1)C,Oc1ccc(cc1)C1(CCCCC1)c1ccc(O)cc1,1
Cc1cccc(NC(=O)c2cccc(c2)C(=O)Nc2cccc(C)n2)n1,OC(=O)c1cccc(c1)c1cccc(c1)C(O)=O,1
Cc1ccc(cc1)S(=O)(=O)NC(=O)NN1CC2CCCC2C1,Oc1ccccc1O,1
Cc1ccc(cc1)S(=O)(=O)NC(=O)NN1CC2CCCC2C1,Oc1cccc(O)c1,1
c1cncc(c1)c1nnc(nn1)c1cccnc1,OC(=O)c1cc(cc(c1)C(O)=O)C(O)=O,1
CCCCOC(C)=O,OC(=O)C1C(C2c3ccccc3C1c1ccccc21)C(O)=O,1
NC1CCCCCCC1,OC1(C#C)c2cccc(Cl)c2C(O)(C#C)c2cccc(Cl)c12,1
COc1cc2N3C4C5C(CC3=O)OCC=C3CN6CCC4(C6CC53)c2cc1OC,OC1(CC2CC1C=C2)C#N,1
COc1cc2N3C4C5C(CC3=O)OCC=C3CN6CCC4(C6CC53)c2cc1OC,OC1(CC2OC1C=C2)C#N,1
Cc1nc(C)c(C)nc1C,OC1=C(Cl)C(=O)C(=C(Cl)C1=O)O,1
CC(C)(C)c1cccc(C=O)c1O,CC(C)(C)c1ccccc1O,1
c1cncnc1,Oc1cccc(O)c1O,1
c1cc2ccc3cccc4ccc(c1)c2c34,Clc1c(Cl)c(C#N)c(Cl)c(Cl)c1C#N,1
Brc1c2ccccc2cc2ccccc12,O=C1N(C2CCC2)C(=O)C2=C1SC1=C(S2)C(=O)N(C2CCC2)C1=O,1
Nc1cnccn1,OC(=O)CCCC(O)=O,1
Nc1cnccn1,OC(=O)CCCCCC(O)=O,1
CN1C(=O)C(Cc2ccc3ccccc3c2)N=C(c2ccc(O)cc2)c2cc(Cl)ccc12,OC(=O)C=CC(O)=O,1
Nc1ncc(Br)nc1Br,OC(=O)c1c(F)c(F)c(F)c(F)c1F,1
Nc1ncc(Br)nc1Br,OC(=O)c1cc(cc(c1)N(=O)=O)N(=O)=O,1
Nc1ncc(Br)nc1Br,OC(=O)c1c(F)cccc1F,1
CCN(CC)CC(=O)Nc1c(C)cccc1C,Fc1c(F)c(Br)c(F)c(F)c1Br,1
CCN(CC)CC(=O)Nc1c(C)cccc1C,Fc1c(F)c(I)c(F)c(F)c1I,1
CN1C=NC2=C1C(=O)N(CCCCC(C)=O)C(=O)N2C,Fc1c(F)c(Br)c(F)c(F)c1Br,1
CN1C=NC2=C1C(=O)N(CCCCC(C)=O)C(=O)N2C,Fc1c(F)c(I)c(F)c(F)c1I,1
Fc1c(F)c(Br)c(F)c(F)c1Br,NC(=O)c1cnccn1,1
Fc1c(F)c(I)c(F)c(F)c1I,NC(=O)c1cnccn1,1
CC(C)(C)OC(=O)N1CCCC1COc1ccc(cc1NC(=O)CF)C(F)(F)F,CCC(C)C,1
Nc1cc(cc(c1)C(O)=O)C(O)=O,O=C1NC=Nc2ccccc12,1
c1ccc2cnccc2c1,Nc1cc(cc(c1)C(O)=O)C(O)=O,1
c1cnc2c(c1)ccc1cccnc21,CC(=NO)C(C)=NO,1
c1ccc2nc3ccccc3cc2c1,CC(=NO)C(C)=NO,1
c1cc(ccn1)c1ccncc1,OC(=O)CNC(=O)CN1C=C(F)C(=O)NC1=O,1
C1CCC2OCCOCCOC3CCCCC3OCCOCCOC2C1,NS(=O)(=O)c1ccc(cc1)N(=O)=O,1
N#CC(C#N)=C1C=CC(C=C1)=C(C#N)C#N,Nc1ccc2ccc3c(N)ccc4ccc1c2c34,1
C1COCCN(CCOCCOCCN(CCO1)Cc1ccccc1)Cc1ccccc1,NS(=O)(=O)c1ccc(cc1)N(=O)=O,1
CCCCN1C=C(C(=O)NC1=O)C1=CSC(S1)=C1SC2=C(SCCS2)S1,N#CC(C#N)=C1C=CC(C=C1)=C(C#N)C#N,1
CCCCCCOc1ccc(cc1)N1C=CC(=O)C=C1,OC(=O)c1ccc(cc1)C#N,1
CC1(C)CC(=O)C=C(C1)NC1=NNC(=C1)c1ccc(Br)cc1,ClC(=CC#N)c1ccc(Br)cc1,1
CC(C)(C)C(=O)Nc1ccc(cn1)c1ccc(NC(=O)C(C)(C)C)nc1,OC(=O)Cc1ccc(CC(O)=O)cc1,1
[NH3+]C(CC(C)C)C(=O)NC(CC(C)C)C(=O)[O-],NC(=O)c1cccc(N)c1,1
c1ccc(cc1)C#Cc1cc(cc(c1)C#Cc1ccccc1)C#Cc1ccccc1,Fc1c(F)c(F)c(C#Cc2cc(cc(c2)C#Cc2c(F)c(F)c(F)c(F)c2F)C#Cc2c(F)c(F)c(F)c(F)c2F)c(F)c1F,1
Nc1ccccc1C(O)=O,O=N(=O)c1cccc(c1)N(=O)=O,1
CN1c2ccc(Br)cc2c2cc(Br)ccc12,O=C1OC(=O)c2cc3C(=O)OC(=O)c3cc12,1
C1CN2CN3CCN(CN1C3)C2,Oc1ccc(O)cc1,1
c1cc(ccn1)C=Cc1ccc(C=Cc2ccncc2)cc1,Fc1c(I)c(F)c(I)c(F)c1I,1
c1cc(ccn1)C=Cc1ccncc1,Fc1c(I)c(F)c(I)c(F)c1I,1
c1cc(ccn1)c1ccncc1,Fc1c(I)c(F)c(I)c(F)c1I,1
C#Cc1ccc(Oc2nc(Oc3ccc(cc3)C#C)nc(Oc3ccc(cc3)C#C)n2)cc1,Clc1c(Cl)c(Cl)c(Cl)c(Cl)c1Cl,1
C#Cc1ccc(Oc2nc(Oc3ccc(cc3)C#C)nc(Oc3ccc(cc3)C#C)n2)cc1,Fc1c(F)c(F)c(F)c(F)c1F,1
C#Cc1ccc(Oc2nc(Oc3ccc(cc3)C#C)nc(Oc3ccc(cc3)C#C)n2)cc1,Cc1c(C)c(C)c(C)c(C)c1C,1
NC(=O)N1c2ccccc2C=Cc2ccccc12,OC(=O)C=CC(O)=O,1
c1ccc2c(c1)cc1ccccc1c2c1c2ccccc2cc2ccccc12,ClC1CCCCCC1,1
CN1C(=O)N(C)c2nncnc2C1=O,N1C=Cc2ccccc12,1
CC1CCC2(O)C(C)(C)C3CCC2(C)C1C3,OC(C#CC#CC(O)(c1ccccc1)c1ccccc1)(c1ccccc1)c1ccccc1,1
Cc1ccccc1C(O)=O,Cc1ccnc(N)n1,1
C1CN2CCN1CC2,Oc1ccc(Br)cc1,1
Cc1ccc(cc1)S(O)(=O)=O,Cc1ccc2NC3=C(c2c1)C1=NCCCN1C=C3,1
C(Cc1ccncc1)c1ccncc1,OC(=O)C1C(C(C1C(O)=O)C(O)=O)C(O)=O,1
CC(=O)Nc1ccc(O)cc1,NC1CCC(N)CC1,1
[O-]c1cc[nH+]cc1,OC(=O)C1CCC(CC1)C(O)=O,1
Cc1cncc(C)c1,Fc1c(F)c(I)c(F)c(F)c1I,1
Cc1cc(C)nc(C)c1,Fc1c(F)c(I)c(F)c(I)c1F,1
c1ccc2cnccc2c1,Fc1c(F)c(I)c(F)c(F)c1I,1
c1ccc2nc3ccccc3cc2c1,Fc1c(F)c(I)c(F)c(I)c1F,1
c1ccc2cnccc2c1,Fc1c(F)c(I)c(F)c(I)c1F,1
c1cnccn1,Fc1c(F)c(I)c(F)c(I)c1F,1
c1ccc2nc3ccccc3nc2c1,Fc1c(F)c(I)c(F)c(I)c1F,1
c1ccc2nccnc2c1,Fc1c(F)c(I)c(F)c(I)c1F,1
Cc1ccncc1,Fc1c(F)c(I)c(F)c(F)c1I,1
c1ccc2nccnc2c1,Fc1c(F)c(I)c(F)c(F)c1I,1
C1CN2CCN1CC2,Fc1c(F)c(I)c(F)c(I)c1F,1
CCOc1ccccc1C1=NNC(=S)N1N,O=P(c1ccccc1)(c1ccccc1)c1ccccc1,1
Cc1cncc(C)c1,Fc1c(F)c(I)c(F)c(I)c1F,1
[NH3+]CCNC(=O)c1ccccc1[O-],Oc1ccccc1,1
Nc1ccc(cc1)C(O)=O,O=N(=O)c1cc(cc(c1)N(=O)=O)N(=O)=O,1
[NH3+]C(C(=O)NC(C(=O)[O-])c1ccccc1)c1ccccc1,CCS(=O)CC,1
CN(C)c1ccc(C=O)cc1,Oc1ccc(cc1)N(=O)=O,1
CC=CC=CC(O)=O,Nc1nc(N)nc(n1)c1ccccc1,1
Cc1[nH+]c([S-])nc(C)c1,NC(N)=S,1
C1CC=CCCC=C1,NC(N)=S,1
Cc1cccc(C)c1N,Cc1cccc(C)c1N=CC1=CC=C(N1)c1ccccc1,1
Clc1ccc(CNN(=O)=O)cc1,NCc1ccc(Cl)cc1,1
CC1(C)OC(C(O1)C(O)(c1ccccc1)c1ccccc1)C(O)(c1ccccc1)c1ccccc1,O=C1Oc2ccccc2C=C1,1
CC1(C)OC(C(O1)C(O)(c1ccccc1)c1ccccc1)C(O)(c1ccccc1)c1ccccc1,O=C1Oc2ccccc2C2C1C1C2c2ccccc2OC1=O,1
c1cc(ccn1)c1ccncc1,OC(=O)C1CCC(CC1)CN1C(=O)c2ccccc2C1=O,1
Brc1ccc(Oc2nc(Oc3ccc(Br)cc3)nc(Oc3ccc(Br)cc3)n2)cc1,Clc1c(Cl)c(Cl)c(Cl)c(Cl)c1Cl,1
O=C(Oc1cc(OC(=O)c2ccncc2)cc(OC(=O)c2ccncc2)c1)c1ccncc1,OC(=O)c1cc(cc(c1)C(O)=O)C(O)=O,1
CC(C)(C)c1cc(Nc2cc(cc(c2O)C(C)(C)C)C(C)(C)C)c(O)c(c1)C(C)(C)C,CC(C)(C)c1cc2N=C3C(=O)C(=CC(=C3Oc2c(c1)C(C)(C)C)C(C)(C)C)C(C)(C)C,1
c1ccc2c(c1)c1cccc3cccc2c13,N#Cc1cc(C#N)c(cc1C#N)C#N,1
Oc1cc(O)c(Cl)cc1Cl,S1C=CC(=C1)C=Cc1ccncc1,1
c1ccc2nc3ccccc3nc2c1,OC1=C(Br)C(=O)C(=C(Br)C1=O)O,1
c1ccc2nccnc2c1,OC1=C(Br)C(=O)C(=C(Br)C1=O)O,1
c1cnccn1,OC1=C(Br)C(=O)C(=C(Br)C1=O)O,1
COc1ccc(cc1)C(C)(C)C(=O)C(C)(C)c1ccc(O)cc1,O=C1CCC(CC1)C1CCC(=O)CC1,1
CC(C)(c1ccc(O)cc1)C(=O)C(C)(C)c1ccc(O)cc1,O=C1CCC(CC1)C1CCC(=O)CC1,1
NNC(=O)c1ccncc1,Oc1cc(O)cc(O)c1,1
COc1ccc2N(C(=C(CC(=O)OCC(O)=O)c2c1)C)C(=O)c1ccc(Cl)cc1,O=C1CCCCCN1,1
COc1ccc2N(C(=C(CC(=O)OCC(O)=O)c2c1)C)C(=O)c1ccc(Cl)cc1,NC(=O)c1ccncc1,1
COc1ccc2N(C(=C(CC(=O)OCC(O)=O)c2c1)C)C(=O)c1ccc(Cl)cc1,Nc1ccc(cc1)C(O)=O,1
COc1ccc2N(C(=C(CC(=O)OCC(O)=O)c2c1)C)C(=O)c1ccc(Cl)cc1,NC(=O)c1ccccn1,1
C(=CC=Cc1ccccc1)C=Cc1ccccc1,Fc1c(F)c(F)c(C=CC=CC=Cc2c(F)c(F)c(F)c(F)c2F)c(F)c1F,1
c1ccc(nc1)c1nc(nc(n1)c1ccccn1)c1ccccn1,Nc1ccc(cc1)S(=O)(=O)N=C1NC=CS1,1
COc1ccc(C=CC=O)cc1,Nc1ccc(cc1N(=O)=O)N(=O)=O,1
[O-][n+]1ccc(cc1)c1cc[n+]([O-])cc1,CN1N=NC2=C(N=CN2C1=O)C(N)=O,1
CC(C)=NNC(=O)c1ccncc1,OC(=O)C=Cc1ccccc1,1
CN1C(=O)N(C)C2=C(NC=N2)C1=O,OC(=O)c1cc(O)cc(O)c1,1
CN1C(=O)N(C)C2=C(NC=N2)C1=O,OC(=O)c1ccc(O)c(O)c1,1
CN1C(=O)N(C)C2=C(NC=N2)C1=O,OC(=O)C=Cc1ccccc1,1
Nc1ccc(cc1)C#N,Nc1ccc(cc1)C(O)=O,1
C(CNC1(c2ccccc2)c2ccccc2Sc2ccccc12)NC1(c2ccccc2)c2ccccc2Sc2ccccc12,CNc1ccccc1,1
ClC1=C(Cl)C(=O)C(=C(Cl)C1=O)Cl,COc1cc(OC)c2CCCc3cc(CCCc1c2)c(OC)cc3OC,1
NC(=O)c1cccc(c1)N(=O)=O,OC(=O)c1ccccc1O,1
NC(=O)c1cccnc1,OC(=O)CSC1=NN=C(Br)N1c1ccc(C2CC2)c2ccccc12,1
NC(N)=O,OC(=O)CSC1=NN=C(Br)N1c1ccc(C2CC2)c2ccccc12,1
Fc1ccc(cc1)C1=CC=NN1,Fc1ccc(cc1)C1=NNC=C1,1
[O-][n+]1ccccc1c1cccc[n+]1[O-],OC(=O)C=CC(O)=O,1
[O-][n+]1ccccc1c1cccc[n+]1[O-],OC(=O)CC(=C)C(O)=O,1
O=CNC1CCCCC1,OC(=O)c1cccc(c1)N(=O)=O,1
[O-][n+]1ccccc1c1cccc[n+]1[O-],OC(=O)C(O)=O,1
c1ccc2nc3ccccc3nc2c1,IC(I)=C(I)I,1
IC(I)=C(I)I,N#Cc1ccc(cc1)C#N,1
c1ccc(nc1)c1ccccn1,IC(I)=C(I)I,1
ClC1=CC=C(S1)c1cc(cc(c1)C1=CC=C(Cl)S1)C1=CC=C(Cl)S1,O=N(=O)c1cc(cc(c1)N(=O)=O)N(=O)=O,1
CCCC(=O)N1N=C(CC1c1ccccc1O)C1=C(C)N=C2C=C(C)C=CN12,CCCC(O)=O,1
N1C(=Nc2ccccc12)C=Cc1ccncc1,OC(=O)c1ccc(cc1)C(O)=O,1
ClCCCCCCCl,NC(N)=O,1
CC(=O)C1CCC2C3CC=C4CC(O)CCC4(C)C3CCC12C,Oc1ccc(I)cc1,1
CC(=O)C1CCC2C3CC=C4CC(O)CCC4(C)C3CCC12C,Oc1c(Cl)cc(Cl)cc1Cl,1
CC(C)CCCC(C)C1CCC2C3CC=C4CC(O)CCC4(C)C3CCC12C,Oc1ccc(I)cc1,1
O=C(Nc1ccccc1)Nc1cccc2ncccc12,OC(=O)c1ccc(cc1)C(O)=O,1
C1COCCOCCOCCO1,OC(c1ccccc1)(c1ccccc1)c1ccccc1,1
Nc1ccc(cc1)C(O)=O,Nc1ccccn1,1
C1COCCOCCOCCO1,NC(c1ccccc1)(c1ccccc1)c1ccccc1,1
c1cc(ccn1)C=Cc1ccncc1,Oc1cc(O)c(Cl)cc1Cl,1
c1ccc2nc3ccccc3nc2c1,OC(=O)C=CC(O)=O,1
c1ccc2nc3ccccc3nc2c1,CC(=CC(O)=O)C(O)=O,1
c1ccc2nc3ccccc3nc2c1,OC(=O)CCCC(O)=O,1
COCCNC(=O)C1=C2N=CC=C(N2N=C1)c1cnccn1,Oc1c(F)c(F)c(F)c(F)c1F,1
Cc1ccc2cc(C)ccc2c1,OC(=O)c1cccc(c1)N(=O)=O,1
c1ccc2c(c1)c1ccccc21,OC(=O)c1cccc(c1)N(=O)=O,1
Cc1cc2ccccc2cc1C,OC(=O)c1cccc(c1)N(=O)=O,1
c1ccc2cc3ccccc3cc2c1,OC(=O)c1cccc(c1)N(=O)=O,1
O=N(=O)N1C2C3N(C4C1N(C(C(N2N(=O)=O)N3N(=O)=O)N4N(=O)=O)N(=O)=O)N(=O)=O,O=P(c1ccccc1)(c1ccccc1)c1ccccc1,1
CCCCCCCCc1ccc2c(SC3=C2Sc2cc(CCCCCCCC)ccc32)c1,FC1=C(F)C(C(=C(F)C1=C(C#N)C#N)F)=C(C#N)C#N,1
CCCCCCCCCCCCc1ccc2c(SC3=C2Sc2cc(CCCCCCCCCCCC)ccc32)c1,FC1=C(F)C(C(=C(F)C1=C(C#N)C#N)F)=C(C#N)C#N,1
CCCCCCCCCCCCc1ccc2c(SC3=C2Sc2cc(CCCCCCCCCCCC)ccc32)c1,N#CC(C#N)=C1C=CC(C=C1)=C(C#N)C#N,1
CCCCc1ccc2c(SC3=C2Sc2cc(CCCC)ccc32)c1,FC1=CC(C(=CC1=C(C#N)C#N)F)=C(C#N)C#N,1
CCCCc1ccc2c(SC3=C2Sc2cc(CCCC)ccc32)c1,FC1=C(F)C(C(=C(F)C1=C(C#N)C#N)F)=C(C#N)C#N,1
CCCCc1ccc2c(SC3=C2Sc2cc(CCCC)ccc32)c1,N#CC(C#N)=C1C=CC(C=C1)=C(C#N)C#N,1
CCCCCCCCc1ccc2c(SC3=C2Sc2cc(CCCCCCCC)ccc32)c1,N#CC(C#N)=C1C=CC(C=C1)=C(C#N)C#N,1
CN(C(=O)C1=CCCCC1)c1ccccc1,OC(C1OC2(CCCC2)OC1C(O)(c1ccccc1)c1ccccc1)(c1ccccc1)c1ccccc1,1
CN(C(=O)C1=CCCCC1)c1ccccc1,OC(C1OC2(CCCCC2)OC1C(O)(c1ccccc1)c1ccccc1)(c1ccccc1)c1ccccc1,1
CC(=C)C(=O)N(Cc1ccccc1)c1ccccc1,OC(C1OC2(CCCC2)OC1C(O)(c1ccccc1)c1ccccc1)(c1ccccc1)c1ccccc1,1
CCN(C)C(=O)C(=O)c1ccccc1,OC(C1OC2(CCCC2)OC1C(O)(c1ccccc1)c1ccccc1)(c1ccccc1)c1ccccc1,1
CCN(C)C(=O)C(=O)c1ccccc1,OC(C1OC2(CCCCC2)OC1C(O)(c1ccccc1)c1ccccc1)(c1ccccc1)c1ccccc1,1
CSC1=C(SCC(N)=O)SC(S1)=C1SC2=C(SCCS2)S1,FC1=C(F)C(C(=C(F)C1=C(C#N)C#N)F)=C(C#N)C#N,1
N#CC(C#N)=C1C=CC(C=C1)=C(C#N)C#N,S1C=C2Sc3nc4ccccc4nc3SC2=C1,1
Cc1ccncc1,Nc1ccc(cc1)C(O)=O,1
CC1=CC(=CC(=O)O1)OCc1cccc(C)c1,O=C1NC(=O)C=C1,1
c1cc(ccn1)c1ccncc1,OC(=O)COc1cccc(OCC(O)=O)c1,1
Cc1c(C)n([O])c(c(C)n1[O])c1c(C)n([O])c(C)c(C)n1[O],N#CC(C#N)=C(C#N)C#N,1
O=S(=O)(c1ccncc1)c1ccncc1,OC(=O)c1cccc(Cl)c1,1
C[N+]1(CCOCC1)CC(=O)[O-],OC(C(O)C(O)=O)C(O)=O,1
c1cnc2ccc3ncccc3c2c1,OC(=O)C(O)=O,1
c1cnc2ccc3ncccc3c2c1,OC(=O)c1ccc(cc1)C(O)=O,1
c1cnc2ccc3ncccc3c2c1,OC(=O)C1CC(CC(C1)C(O)=O)C(O)=O,1
c1cnc2ccc3ncccc3c2c1,OC(=O)c1ccc(C(O)=O)c2ccccc12,1
c1ccc(cc1)c1ccccc1,CCOc1ccc(cc1)N1C(=CC=C1C1=CC=C(S1)C(C#N)=C(C#N)C#N)C1=CC=CS1,1
c1ccc2ccccc2c1,CCOc1ccc(cc1)N1C(=CC=C1C1=CC=C(S1)C(C#N)=C(C#N)C#N)C1=CC=CS1,1
c1ccc2cc3ccccc3cc2c1,CCOc1ccc(cc1)N1C(=CC=C1C1=CC=C(S1)C(C#N)=C(C#N)C#N)C1=CC=CS1,1
Brc1ccc(NC(=O)NC(=O)CC2=C(CCCC2)C(C#N)C(=O)Nc2ccc(Br)cc2)cc1,NC(=O)Nc1ccc(Br)cc1,1
CC12CCC(CC1)C(C)(C)O2,OC(C#CC#CC(O)(c1ccccc1)c1ccccc1)(c1ccccc1)c1ccccc1,1
COc1cccc(OC)c1C1=CC(=O)c2ccccc2O1,Oc1c(cc(cc1N(=O)=O)N(=O)=O)N(=O)=O,1
Cc1ccc(cc1)S(O)(=O)=O,COc1ccc2c(C)cc(C)nc2c1,1
BrC#CC#CBr,O=C(NCc1cccnc1)C(=O)NCc1cccnc1,1
COc1cncc(c1)C#Cc1ccc(F)nc1,OC(=O)c1ccc(cc1)N(=O)=O,1
Fc1ccc(cn1)C#Cc1cccnc1,OC(=O)c1ccc(cc1)N(=O)=O,1
COc1cncc(c1)C#Cc1cccnc1,OC(=O)c1cc(cc(c1)N(=O)=O)N(=O)=O,1
O=C(NCc1ccccc1)c1c[n+]([O-])cc(c1)C(=O)NCc1ccccc1,O=C1NCc2ccc(OCCOCCOCCOCCOc3ccc(CNC(=O)c4cccc1c4)cc3)cc2,1
O=C(Nc1ncnc2N=CNc12)c1ccccc1,Oc1ccc[nH+]c1C(=O)[O-],1
O=C(Nc1ncnc2N=CNc12)c1ccccc1,OC(C(O)C(O)=O)C(O)=O,1
CN1C(=O)N(C)C2=C(NC=N2)C1=O,Nc1ccccc1C(O)=O,1
CN1C(=O)N(C)C2=C(NC=N2)C1=O,Nc1cccc(c1)C(O)=O,1
COC(=O)c1ccc(O)cc1,Nc1nnc(c(N)n1)c1cccc(Cl)c1Cl,1
c1ccc2C#CC#Cc3ccccc3C#CC#Cc2c1,Fc1c(F)c(F)c2C#CC#Cc3c(F)c(F)c(F)c(F)c3C#CC#Cc2c1F,1
CC(=O)SC1CC2=CC(=O)CCC2(C)C2CCC3(C)C(CCC43CCC(=O)O4)C12,O=C1NS(=O)(=O)c2ccccc12,1
c1cc(ccn1)c1ccncc1,OC(=O)c1ccc(cc1Cl)N(=O)=O,1
[NH3+]CCNC(=O)[O-],CN1C(=O)N(C)C2=C(NC=N2)C1=O,1
CCOc1ccccc1C(N)=O,OC(=O)c1cc(cc(c1)N(=O)=O)N(=O)=O,1
C(Cc1ccncc1)Cc1ccncc1,Fc1c(F)c(OCCCOc2c(F)c(F)c(I)c(F)c2F)c(F)c(F)c1I,1
Cc1cnc(C)cn1,NC(N)=S,1
CN(C)c1ccc(cc1)N(C)C,Ic1cc(cc(c1)N(=O)=O)N(=O)=O,1
Brc1cc(cc(c1)N(=O)=O)N(=O)=O,CN(C)c1ccc(cc1)N(C)C,1
O=C(Nc1cccnc1)C1C(C(C1c1cccnc1)C(=O)Nc1cccnc1)c1cccnc1,OC(=O)CCCCC(O)=O,1
Cc1ccc2N3CN(Cc2c1)c1ccc(C)cc1C3,OC(=O)c1cc(cc(c1)N(=O)=O)N(=O)=O,1
c1ccc2cc3ccccc3cc2c1,N1C2=C(c3ccccc3)C3=NC(=C(C4=CC=C(N4)C(=C4C=CC(=N4)C(=C1C=C2)c1ccccc1)c1ccccc1)c1ccccc1)C=C3,1
c1cc2ccc3cccc4ccc(c1)c2c34,N1C2=C(c3ccccc3)C3=NC(=C(C4=CC=C(N4)C(=C4C=CC(=N4)C(=C1C=C2)c1ccccc1)c1ccccc1)c1ccccc1)C=C3,1
CC(C)(OO)OO,O=P(CCP(=O)(c1ccccc1)c1ccccc1)(c1ccccc1)c1ccccc1,1
[NH3+]C(CC1=CNc2ccccc12)C(=O)[O-],CC(O)C(O)=O,1
O=C([O-])C[NH+]1CCCCC1,Oc1c(Cl)cc(cc1Cl)N(=O)=O,1
C[N+]1(CCOCC1)CC(=O)[O-],Oc1ccc(cc1N(=O)=O)N(=O)=O,1
Clc1c(cc(cc1N(=O)=O)N(=O)=O)N(=O)=O,N1c2ccccc2c2ccccc12,1
CC1=Cc2ccccc2N1,Clc1ccc(cc1N(=O)=O)N(=O)=O,1
c1ccc2nc3ccccc3nc2c1,OC(=O)C(O)=C(O)C(O)=O,1
c1ccc2nc3ccccc3nc2c1,OC(=O)C(O)=O,1
C1CCC2OCCOCCOC3CCCCC3OCCOCCOC2C1,N#CCCC#N,1
C1CCC2OCCOCCOC3CCCCC3OCCOCCOC2C1,N#CCCCC#N,1
c1cc(ccn1)c1ccncc1,OC(=O)COc1ccc(Cl)cc1Cl,1
O=N(=O)c1cccc2ncccc12,OC(=O)COc1cc(Cl)c(Cl)cc1Cl,1
c1cc(ccn1)c1ccncc1,OC(=O)COc1cc(Cl)c(Cl)cc1Cl,1
Nc1ccc(N)cc1,Oc1cccc(O)c1,1
Nc1ccc(N)cc1,Oc1ccc2ccc(O)cc2c1,1
Nc1ccc(Cc2ccc(N)cc2)cc1,Oc1ccc(O)cc1,1
Nc1ccc(N)cc1,Oc1ccccc1O,1
Nc1ccc(Cc2ccc(N)cc2)cc1,Oc1ccccc1O,1
Nc1ccc(Cc2ccc(N)cc2)cc1,Oc1cccc(O)c1,1
Nc1ccc(Oc2ccc(N)cc2)cc1,Oc1cccc(O)c1,1
CC(=O)OCC(COC(C)=O)OC(C)=O,O=N(=O)N1C2C3N(C1C1N(C(C(N3N(=O)=O)N1N(=O)=O)N2N(=O)=O)N(=O)=O)N(=O)=O,1
C(N1C=Nc2ccccc12)c1cccc(CN2C=Nc3ccccc23)c1,OC(=O)CC(O)=O,1
NC(=O)c1cccnc1,OC(=O)c1cccc(O)c1,1
NC(=O)c1cnccn1,OC(=O)c1cc(O)ccc1O,1
c1cc(ccn1)c1ccncc1,NC(=O)N1c2ccccc2C=Cc2ccccc12,1
NC(=O)N1c2ccccc2C=Cc2ccccc12,Nc1ccc(cc1)C(O)=O,1
NC(=O)N1c2ccccc2C=Cc2ccccc12,OC(=O)c1cccc(n1)C(O)=O,1
O=C1NC=C(C=C1)P(=O)(C1=CNC(=O)C=C1)C1=CNC(=O)C=C1,OC(=O)C=C,1
O=C1NC=CC=C1,OC(=O)C=CC(O)=O,1
O=C1NC=CC=C1,OC(=O)C(Br)C(Br)C(O)=O,1
ClC1=CNC(=O)C=C1,OC(=O)CCCCC(O)=O,1
CC1=CC=CC(=O)N1,OC(CC(O)=O)C(O)=O,1
COc1c(C)c2COC(=O)c2c(O)c1CC=C(C)CCC(O)=O,N(c1ccccn1)c1ccccn1,1
COc1c(C)c2COC(=O)c2c(O)c1CC=C(C)CCC(O)=O,NC(=O)c1ccncc1,1
CCCCCCC1(CCCC2(CCCCCC)C(=NNC2=O)N)C(=NNC1=O)N,CN1CCN(C)C1=O,1
ClP1(=NP(=NP2(=N1)Nc1ccccc1CO2)(Cl)Cl)Cl,ClP1(=NP2(=NP(=N1)(Cl)Cl)Nc1ccccc1CO2)Cl,1
NC(=O)C=Cc1ccccc1,OC(=O)C=CC(O)=O,1
NC(=O)C=Cc1ccccc1,OC(=O)c1cc(Cl)c(Cl)cc1C(O)=O,1
NC(=O)C=Cc1ccccc1,OC(=O)c1c(Cl)c(Cl)c(Cl)c(Cl)c1C(O)=O,1
c1cc(ccn1)C#CC#Cc1ccncc1,Fc1c(I)c(F)c(I)c(F)c1I,1
[NH3+]c1ccc(O)c(c1)C(=O)[O-],c1cc(ccn1)c1ccncc1,1
NC(N)=S,OC(=O)CCCC(O)=O,1
Fc1ccc(CN2C(=O)c3c(C2=O)c2C(=O)N(Cc4ccc(F)cc4)C(=O)c2c2C(=O)N(Cc4ccc(F)cc4)C(=O)c32)cc1,O=N(=O)c1ccccc1,1
C1Oc2cc3ccccc3cc2OCc2cc3COc4c(OCc3cc12)c1ccccc1c1ccccc41,N#CC(C#N)=C1C=CC(C=C1)=C(C#N)C#N,1
Cc1cc(Cl)cc(C2=NC(=NO2)CS(C)(=O)=O)c1NC(=O)C1=CC(=NN1c1ncccc1Cl)Br,CC=CC,1
O=C1C=CC(=O)C=C1,Oc1cccc(c1)c1ccc(cc1)C(c1ccc(cc1)c1cccc(O)c1)(c1ccc(cc1)c1cccc(O)c1)c1ccc(cc1)c1cccc(O)c1,1
C(N1C=CN=C1C1=NC=CN1)c1ccccn1,Fc1c(F)c(I)c(F)c(F)c1I,1
C(N1C=CN=C1C1=NC=CN1)c1cccnc1,Fc1c(F)c(I)c(F)c(F)c1I,1
C(N1C=CN=C1C1=NC=CN1)c1cccnc1,Fc1c(I)c(F)c(I)c(F)c1I,1
C(N1C=CN=C1C1=NC=CN1)c1ccncc1,Fc1c(F)c(F)c(I)c(I)c1F,1
C(N1C=CN=C1C1=NC=CN1)c1ccccn1,OC(=O)CCCCCCCCCCC(O)=O,1
C(N1C=CN=C1C1=NC=CN1)c1cccnc1,OC(=O)c1ccccc1,1
C(N1C=CN=C1C1=NC=CN1)c1cccnc1,OC(=O)CCCCC(O)=O,1
C(N1C=CN=C1C1=NC=CN1)c1cccnc1,OC(=O)CCCCCCCCC(O)=O,1
C(N1C=CN=C1C1=NC=CN1)c1ccncc1,OC(=O)c1ccccc1,1
C(N1C=CN=C1C1=NC=CN1)c1ccncc1,OC(=O)CCCCC(O)=O,1
CN(C)c1ccc(cc1)N(C)C,NC(=O)C(Br)(Br)Br,1
O=C([O-])c1c[nH+]ccc1,OC(=O)c1cc[nH+]c(c1)C(=O)[O-],1
Brc1cc(Br)cc(Br)c1,Clc1ccc(Oc2nc(Oc3ccc(Cl)cc3)nc(Oc3ccc(Cl)cc3)n2)cc1,1
[NH3+]C(C(=O)NC(C(=O)[O-])c1ccccc1)c1ccccc1,Cc1cccc(c1)S(C)=O,1
[NH3+]C(C(=O)NC(C(=O)[O-])c1ccccc1)c1ccccc1,CS(=O)c1ccccc1Cl,1
[NH3+]C(C(=O)NC(C(=O)[O-])c1ccccc1)c1ccccc1,CS(=O)Cc1ccccc1,1
[O-][N+]1=CN(Cc2ccccc2)C(=C1c1ccccc1)c1ccccc1,OC(O)(C(F)(F)F)C(F)(F)F,1
CN1C(=O)N(C)C2=C(NC=N2)C1=O,OC(=O)C(O)=O,1
CN1C(=O)N(C)C2=C(NC=N2)C1=O,OC(=O)CC(O)=O,1
CN1C(=O)N(C)C2=C(NC=N2)C1=O,OC(=O)C=CC(O)=O,1
CN1C(=O)N(C)C2=C(NC=N2)C1=O,OC(=O)CCCC(O)=O,1
Cc1ccncc1,OC(C#CC#CC(O)(c1ccccc1)c1ccccc1)(c1ccccc1)c1ccccc1,1
CC1=NN(C(=C1)C)c1nnc(nn1)N1N=C(C)C=C1C,N1C=NN=N1,1
CC1=NN(C(=C1)C)c1nnc(nn1)N1N=C(C)C=C1C,NC1=NN=NN1,1
CC1=NN(C(=C1)C)c1nnc(nn1)N1N=C(C)C=C1C,N1C=Cc2ccccc12,1
CC1=NN(C(=C1)C)c1nnc(nn1)N1N=C(C)C=C1C,N1N=Nc2ccccc12,1
CC1=NN(C(=C1)C)c1nnc(Nc2ccc(Br)cc2)nn1,N1N=Nc2ccccc12,1
CN1C(=O)N(C)C2=C(NC=N2)C1=O,NC(=O)CN(Cc1ccc(CN(CC(N)=O)Cc2ccccn2)cc1)Cc1ccccn1,1
c1cncc(c1)N=Nc1cccnc1,OC(=O)CCCCC(O)=O,1
c1cncc(c1)N=Nc1cccnc1,OC(=O)CCCCCCC(O)=O,1
c1cncc(c1)N=Nc1cccnc1,OC(=O)CCCCCCCCC(O)=O,1
c1cc(ccn1)N=Nc1ccncc1,OC(=O)CCCCCCC(O)=O,1
C1=CN(C=N1)c1ccc(cc1)c1cncnc1,Oc1ccc(O)cc1,1
C1=CN(C=N1)c1ccc(cc1)c1cncnc1,Oc1cccc(O)c1,1
c1cc(ccn1)c1cncnc1,Oc1cccc(O)c1,1
c1cc(ccn1)c1cncnc1,Oc1ccc(O)cc1,1
CCNCC,OC1(c2ccccc2c2ccc(cc2)c2ccccc2C2(O)c3ccccc3c3ccccc23)c2ccccc2c2ccccc12,1
N#Cc1cc(C#N)c(cc1C#N)C#N,O=CN1c2ccccc2c2ccccc12,1
CC(=O)N1c2ccccc2c2ccccc12,N#Cc1cc(C#N)c(cc1C#N)C#N,1
N#Cc1cc(C#N)c(cc1C#N)C#N,O=Cc1ccc2ccc3cccc4ccc1c2c34,1
CC(=O)c1ccc2ccc3cccc4ccc1c2c34,N#Cc1cc(C#N)c(cc1C#N)C#N,1
CC(=O)Nc1cccc(NC(C)=O)n1,CCCCN1C(=O)NC(=O)C2=C1OC(c1ccc(C)cc1)(c1ccc(C)cc1)c1ccccc21,1
NC(=NO)C(N)=NO,O=C1C(=O)c2cccnc2c2ncccc12,1
O=C([O-])c1[nH+]c2ccccc2cc1,OC(C(O)C(O)=O)C(O)=O,1
[NH3+]C(Cc1ccccc1)C(=O)[O-],Oc1ccc(cc1)N(=O)=O,1
c1ccc2ccccc2c1,COc1ccc(cc1)C1(O)c2ccccc2Oc2ccccc12,1
c1ccc2cc3ccccc3cc2c1,COc1ccc(cc1)C1(O)c2ccccc2Oc2ccccc12,1
c1cc2ccc3cccc4ccc(c1)c2c34,COc1ccc(cc1)C1(O)c2ccccc2Oc2ccccc12,1
CC12NC(=O)C(C=C1)C1(C)NC(=O)C2C=C1,OC(C#CC#CC(O)(c1ccccc1)c1ccccc1)(c1ccccc1)c1ccccc1,1
O=C1NC2C=CC1C1NC(=O)C2C=C1,OC(C#CC#CC(O)(c1ccccc1)c1ccccc1)(c1ccccc1)c1ccccc1,1
CCN1C=NC2=C(N)N=CN=C12,CN1C(=O)NC(=O)NC1=O,1
CCN(CC)C(N)=O,OC(=O)c1ccccc1N(=O)=O,1
CCN(CC)C(N)=O,OC(=O)c1cc(ccc1O)N(=O)=O,1
CCN(CC)C(N)=O,OC(=O)c1cc(cc(c1O)N(=O)=O)N(=O)=O,1
Cc1cc(C)nc(NS(=O)(=O)c2ccc(N)cc2)n1,OC(=O)C1=Cc2ccccc2N1,1
Cc1cc(C)nc(NS(=O)(=O)c2ccc(N)cc2)n1,OC(=O)c1ccc(cc1N(=O)=O)N(=O)=O,1
Cc1cccc(C)n1,Oc1ccc2ccccc2c1c1c(O)ccc2ccccc12,1
Cc1cncc(C)c1,Oc1ccc2ccccc2c1c1c(O)ccc2ccccc12,1
c1cc(ccn1)c1ccncc1,OC(=O)C(O)=O,1
Cc1c(C)c(C)c2c(c1C)c1c(C)c(C)c(C)c(C)c21,N#CC(C#N)=C1C=CC(C=C1)=C(C#N)C#N,1
Cc1c(C)c(C)c2c(c1C)c1c(C)c(C)c(C)c(C)c21,N#CC(C#N)=C(C#N)C#N,1
[O-][n+]1ccc2ccccc2c1c1[n+]([O-])c(cc2CCCCc12)c1ccccc1,Oc1ccc2ccccc2c1c1c(O)ccc2ccccc12,1
CN(C)c1ccncc1,Ic1cc(cc(c1)N(=O)=O)N(=O)=O,1
CN(C)c1ccc(cc1)C#Cc1ccncc1,Fc1c(F)c(C#Cc2cc(cc(c2)N(=O)=O)N(=O)=O)c(F)c(F)c1I,1
CN(C)c1ccc(cc1)C#Cc1cccnc1,Fc1c(F)c(C#Cc2cc(cc(c2)N(=O)=O)N(=O)=O)c(F)c(F)c1I,1
CN(C)c1ccc(cc1)C#Cc1ccccn1,Fc1c(F)c(C#Cc2cc(cc(c2)N(=O)=O)N(=O)=O)c(F)c(F)c1I,1
OC(=O)c1cc(cc(c1)C(O)=O)C(O)=O,Oc1cc(O)cc(O)c1,1
c1cc(ccn1)c1ccncc1,OC(=O)c1cccc(Cl)c1N(=O)=O,1
c1cc(ccn1)C=Cc1ccncc1,FC(F)(F)C1(OC(=O)Nc2ccc(Cl)cc12)C#CC1CC1,1
c1cc(ccn1)c1ccncc1,CCCCNC(=O)OCC#CI,1
C(Cc1ccncc1)c1ccncc1,CCCCNC(=O)OCC#CI,1
Cc1c2OCOc3c(C)c4OCOc5c(C)c6OC(Oc7c(C)c8OCOc1c1Cc8cc7Cc6cc5Cc4cc3Cc2c1)C(O)=O,COP(C)(=O)OC,1
CCCCOC(=O)C(=O)OCCCC,Nc1ccc(cc1)S(=O)(=O)Nc1ccccn1,1
Cc1ccncc1,Nc1ccc(cc1)S(=O)(=O)N=C1NC=CC=C1,1
CC(=O)N1CCOCC1,Nc1ccc(cc1)S(N)(=O)=O,1
N#CC(C#N)=C1C=CC(C=C1)=C(C#N)C#N,O=C(C=Cc1ccc2ccc3cccc4ccc1c2c34)c1ccc2ccccc2c1,1
N#CC(C#N)=C1C=CC(C=C1)=C(C#N)C#N,O=C(C=Cc1ccc2ccc3cccc4ccc1c2c34)C1=CC=CS1,1
N#CC(=Cc1ccc2ccc3cccc4ccc1c2c34)c1ccccc1,N#CC(C#N)=C1C=CC(C=C1)=C(C#N)C#N,1
C[N+]1(CCOCC1)CC(=O)[O-],Oc1ccc(c(c1)N(=O)=O)N(=O)=O,1
C1CN2CN3CN1CN(C2)C3,CC(C)(C)c1ccc(O)cc1,1
CCN(CC)C(=O)C(=Cc1cc(O)c(O)c(c1)N(=O)=O)C#N,NC(=O)c1ccncc1,1
CCN(CC)C(=O)C(=Cc1cc(O)c(O)c(c1)N(=O)=O)C#N,NC(=O)c1cnccn1,1
CC(O)=C(C(C)=O)c1ccncc1,Fc1c(F)c(I)c(F)c(F)c1I,1
c1cnccn1,OC(=O)c1c(O)cc(O)cc1O,1
c1ccc2nc3ccccc3nc2c1,OC(=O)c1c(O)cc(O)cc1O,1
Clc1c(Cl)c(Cl)c(Cl)c(Cl)c1Cl,O=N(=O)c1ccc(Oc2nc(Oc3ccc(cc3)N(=O)=O)nc(Oc3ccc(cc3)N(=O)=O)n2)cc1,1
CCOC(=O)C1=C2C=CC(=N2)C(=C2NC(=C(C(=O)OCC)C3=NC(=C(C(=O)OCC)C4=CC=C1N4)C=C3)C=C2)C(=O)OCC,CCOC(=O)C1=C2NC(=C(C(=O)OCC)C3=NC(=C(C(=O)OCC)C4=CC=C(N4)C(=C4C=CC1=N4)C(=O)OCC)C=C3)C=C2,1
CC(C)NC(C)C,O=C1NC(=S)SC1=Cc1ccccc1,1
CCNCC,Clc1ccc(cc1)C=C1SC(=S)NC1=O,1
c1ccc(cc1)C=Cc1ccncc1,IC#Cc1ccccc1C#CI,1
c1cc(ccn1)C=Cc1ccncc1,IC#Cc1ccccc1C#CI,1
c1cc(ccn1)C#Cc1ccncc1,IC#Cc1ccccc1C#CI,1
CC(=O)c1cccc2cccc(O)c12,CN(C)c1ccncc1,1
CCC(C)C(=O)c1cccc2cccc(O)c12,CN(C)c1ccncc1,1
CC(=O)c1c(ccc2cccc(O)c12)C(C)(C)C,CN(C)c1ccncc1,1
CC(C)(C)c1cc2ccc3cc(cc4ccc(c1)c2c34)C(C)(C)C,N#CC(C#N)=C1C=CC(C=C1)=C(C#N)C#N,1
CC(C)(C)c1cc2ccc3cc(cc4ccc(c1)c2c34)C(C)(C)C,N#Cc1cc(C#N)c(cc1C#N)C#N,1
C1COc2ccccc2OCCOCCOc2ccccc2OCCO1,Cc1cc(ccc1N)N(=O)=O,1
O=P(c1ccccc1)(c1ccccc1)c1ccccc1,Oc1ccc(cc1)C(=O)c1ccc(O)cc1,1
CC1=CN=C(N1)c1ccccc1,Oc1ccc2ccccc2c1c1c(O)ccc2ccccc12,1
CC1=CNC=N1,Oc1ccc2ccccc2c1c1c(O)ccc2ccccc12,1
C1N2CN3CN1CN(C2)C3,Oc1c(Cl)cc(Cl)cc1CN(Cc1cc(Cl)cc(Cl)c1O)Cc1cc(Cl)cc(Cl)c1O,1
N#Cc1ccncc1,OC(=O)c1cccc(Cl)c1,1
Cc1ccc2NC(=O)C(C3N(c4ccccc4)C4(C(=O)Nc5ccc(C)cc45)C(=C3Nc3ccccc3)C(=O)OC(C)(C)C)c2c1,COC(C)(C)C,1
OC(=O)CCCCC(O)=O,OC(CN1C=NC=N1)(CN1C=NC=N1)c1ccc(F)cc1F,1
OC(=O)c1cccc(n1)C(O)=O,OC(CN1C=NC=N1)(CN1C=NC=N1)c1ccc(F)cc1F,1
OC(CC(O)=O)C(O)=O,OC(CN1C=NC=N1)(CN1C=NC=N1)c1ccc(F)cc1F,1
C[NH2+]CC(=O)[O-],OC(=O)c1cc(C(O)=O)c(cc1C(O)=O)C(O)=O,1
CN1C=NC2=C1C(=O)N(C)C(=O)N2C,OC(=O)c1ccccc1O,1
NC(=O)N1c2ccccc2C=Cc2ccccc12,OC(=O)CC(O)=O,1
CN1C(=O)N(C)C2=C(NC=N2)C1=O,O=C1NS(=O)(=O)c2ccccc12,1
OC(C#CC#CC(O)(c1ccccc1)c1ccccc1)(c1ccccc1)c1ccccc1,OC1(C2COCCN2C1=O)c1ccccc1,1
O=C(N1CCCCC1)C(=O)c1ccccc1,OC(c1ccccc1)(c1ccccc1)C(O)(c1ccccc1)c1ccccc1,1
O=C(N1CCOCC1)C(=O)c1ccccc1,OC(C#CC#CC(O)(c1ccccc1)c1ccccc1)(c1ccccc1)c1ccccc1,1
OC(c1ccccc1)(c1ccccc1)C(O)(c1ccccc1)c1ccccc1,OC1(C2CCCCN2C1=O)c1ccccc1,1
C[N+](C)(C)CC(=O)[O-],OC(=O)CC(O)(CC(O)=O)C(O)=O,1
CC=CC=CC(O)=O,OC(C#CC#CC(O)(c1ccccc1)c1ccccc1)(c1ccccc1)c1ccccc1,1
CC=CC1C(C(C=CC)C1C(O)=O)C(O)=O,OC(C#CC#CC(O)(c1ccccc1)c1ccccc1)(c1ccccc1)c1ccccc1,1
Nc1cccc2C(=O)N(Cc12)C1CCC(=O)NC1=O,OC(=O)c1cc(O)cc(O)c1,1
NC(N)=O,Nc1cccc2C(=O)N(Cc12)C1CCC(=O)NC1=O,1
NC(=O)c1ccc(cc1)C#C,OC(=O)c1c(F)c(F)c(N=[N+]=[N-])c(F)c1F,1
Cc1nc(C)c(C)nc1C,OC(=O)C1CCC(CC1)C(O)=O,1
Cc1nc(C)c(C)nc1C,OC(=O)c1c(O)cccc1O,1
Cc1nc(C)c(C)nc1C,OC(=O)c1ccc2cc(O)ccc2c1,1
Cc1nc(C)c(C)nc1C,OC(=O)c1ccccc1C(O)=O,1
CC(C)(CC(O)=O)C(O)=O,CCC(N1CCCC1=O)C(N)=O,1
CCC(N1CCCC1=O)C(N)=O,OC(=O)c1ccc(O)cc1O,1
CCC(N1CCCC1=O)C(N)=O,OC(=O)c1cccc(c1)N(=O)=O,1
CCC(N1CCCC1=O)C(N)=O,OC(=O)c1ccc(cc1)N(=O)=O,1
CCC(N1CCCC1=O)C(N)=O,OC(=O)C(O)=O,1
O=C(N1CCCCC1)C(=O)c1ccccc1,OC(C1OC2(CCCCC2)OC1C(O)(c1ccccc1)c1ccccc1)(c1ccccc1)c1ccccc1,1
O=C1C(CCCC1=Cc1ccncc1)=Cc1ccncc1,OC(=O)c1cc(cc(c1)C(O)=O)C(O)=O,1
Fc1c(F)c(F)c(C=CC(=O)C=Cc2c(F)c(F)c(F)c(F)c2F)c(F)c1F,O=C(C=Cc1ccccc1)C=Cc1ccccc1,1
O=C1C(CCCC1=Cc1cccnc1)=Cc1cccnc1,OC(=O)c1cc(cc(c1)C(O)=O)C(O)=O,1
c1ccc2nc3ccccc3nc2c1,Fc1c(F)c(F)c(I)c(F)c1F,1
c1ccc2nc3ccccc3cc2c1,Fc1c(F)c(F)c(I)c(F)c1F,1
c1ccc2nc3ccccc3cc2c1,Fc1c(F)c(F)c(Br)c(F)c1F,1
O=C1CC2(CCCCC2)CN1,OC(=O)c1ccccc1,1
CC(=O)Oc1ccccc1C(O)=O,Cc1cc(C)nc(N)n1,1
Cc1cc(C)nc(N)n1,COc1ccc(cc1)C(O)=O,1
Cc1cc(C)nc(N)n1,OC(=O)c1cccc(F)c1F,1
Cc1cc(C)nc(N)n1,Cc1ccc(C)c(c1)C(O)=O,1
Cc1cc(C)cc(c1)C(O)=O,Cc1cc(C)nc(N)n1,1
Cc1cc(C)nc(N)n1,Cc1ccc(cc1C)C(O)=O,1
Cc1cc(C)c(c(C)c1)C(O)=O,Cc1cc(C)nc(N)n1,1
CCN1CCN(CC1)c1cc(c2ccc(F)cc2)c2CCCCCCc2n1,OC(=O)CCCCCCC(O)=O,1
c1ccc(cc1)C(c1cc2ccccc2c2ccccc12)=C(c1ccccc1)c1cc2ccccc2c2ccccc12,CCCC,1
CC(C)c1cccc(C(C)C)c1O,NC(=O)c1ccncc1,1
C1CNCCN1,Cc1ccc(O)cc1,1
C1N2CN3CN1CN(C2)C3,OC(=O)c1cccc(O)c1,1
C1N2CN3CN1CN(C2)C3,OC(=O)c1ccc(O)c(O)c1,1
C1N2CN3CN1CN(C2)C3,OC(=O)c1cc(O)c(O)c(O)c1,1
c1cc(ccn1)C=Cc1ccncc1,CC12CCC(C)(c3cc(O)c(O)cc13)c1cc(O)c(O)cc21,1
O=C1NC=NC=C1,OC(=O)C1CC(CC(C1)C(O)=O)C(O)=O,1
c1cc(ccn1)c1ccncc1,OC(=O)CCCCCC(O)=O,1
COc1ccc(C=CC)cc1,OC(C#CC#CC(O)(c1ccccc1)c1ccccc1)(c1ccccc1)c1ccccc1,1
Cc1cc(C)nc(N)n1,OC(=O)C1=CC=C(Cl)S1,1
Cc1cc(C)nc(N)n1,OC(=O)C1=CC=C(S1)C(O)=O,1
C(Nc1ncnc2NC=Nc12)c1ccccc1,OC(=O)C1=CC=C(Cl)S1,1
c1ccc2nc3ccccc3cc2c1,OC(=O)C1=CC=C(Cl)S1,1
c1cc(ccn1)c1ccncc1,OC(=O)C1=CC=C(Cl)S1,1
c1cc(ccn1)c1ccncc1,OC(=O)C1=CC=CS1,1
C(Cc1ccncc1)Cc1ccncc1,OC(=O)C1=CC=CS1,1
c1cncc(c1)C1C(C(C1c1cccnc1)c1ccncc1)c1ccncc1,OC(=O)c1cccc2cccc(C(O)=O)c12,1
Nc1cccc(Cl)n1,OC(=O)c1ccccc1,1
Nc1cccc(Cl)n1,OC(=O)c1ccc(cc1)N(=O)=O,1
Nc1cccc(Cl)n1,OC(=O)c1cccc(Cl)c1,1
Nc1cccc(Cl)n1,Nc1ccccc1C(O)=O,1
NC(N)=O,OC(=O)C1CC(CC(C1)C(O)=O)C(O)=O,1
[O-]c1c(C=[NH+]C2CCCCC2[NH+]=Cc2ccc3ccc4ccccc4c3c2[O-])ccc2ccc3ccccc3c12,Oc1c(ccc2ccc3ccccc3c12)C=NC1CCCCC1[NH+]=Cc1ccc2ccc3ccccc3c2c1[O-],1
C[N+](C)(CC(=O)[O-])c1ccccc1,Oc1c(Cl)cc(cc1Cl)N(=O)=O,1
COc1ccc2NC=C(CCNC(C)=O)c2c1,OC(=O)CCCCCC(O)=O,1
C1CN(CCN1c1ccncc1)c1ccncc1,CCOc1ccc(cc1)C(O)=O,1
c1cc(ccn1)c1ccncc1,CCOc1ccc(cc1)C(O)=O,1
c1cc(ccn1)c1ccncc1,Cc1c(Cl)cccc1Nc1ccccc1C(O)=O,1
c1cc(ccn1)c1ccncc1,Cc1cccc(Nc2ccccc2C(O)=O)c1C,1
c1cc(ccn1)c1ccncc1,OC(=O)c1cccnc1Nc1cccc(c1)C(F)(F)F,1
NC(=O)CN1CCCC1=O,OC(C(O)=O)c1ccccc1,1
N1C=CN=C1,OC(=O)c1ccc(O)cc1,1
CC(C)(C)C1=PC2(P3P4PC2(P1C34C(C)(C)C)C(C)(C)C)C(C)(C)C,CC(C)(C)C1P2P3P4C(P5C(P14)(P2C35C(C)(C)C)C(C)(C)C)C(C)(C)C,1
O=C1C=CC(=O)C=C1,Oc1cc(Cl)c(Cl)cc1Cl,1
O=S(=O)([O-])CC[n+]1ccc(cc1)c1cc[n+](CCS(=O)(=O)[O-])cc1,Oc1ccc(O)cc1,1
Nc1ccc(S)cc1,Nc1ccc(SSc2ccc(N)cc2)cc1,1
C(Cc1ccncc1)Cc1ccncc1,FC(F)(I)C(F)(F)C(F)(F)C(F)(F)C(F)(F)C(F)(F)C(F)(F)C(F)(F)I,1
CC(=C)C1CCC2(C)CCC3(C)C(CCC4C5(C)CCC(=O)C(C)(C)C5CCC34C)C12,CC1(C)CCC2(C)CCC3(C)C(=CCC4C5(C)CCC(=O)C(C)(C)C5CCC34C)C2C1,1
CN(C)C(=O)N(C)C,Fc1ccc(cc1)S(=O)(=O)NS(=O)(=O)c1ccc(F)cc1,1
c1cc(ccn1)c1ccncc1,OC(=O)CC(CC(O)=O)C(O)=O,1
O=C1NC=CC=C1,OC(=O)CCCC(O)=O,1
O=C1NC=CC=C1,OC(=O)CCCCCC(O)=O,1
O=C1NC=CC=C1,OC(=O)CCCCCCCC(O)=O,1
C1Cc2cccc3cccc1c23,Fc1c(F)c(F)c2c(F)c(F)c(F)c(F)c2c1F,1
CN1N=C(C(=O)C=C1c1ccccc1)C(F)(F)F,OC1(OC(=CC1=O)c1ccccc1)C(F)(F)F,1
CC1=CN2CCSC2=N1,NC1=NCCS1,1
CC1=CN2C(=N1)Sc1ccccc21,NC1=Nc2ccccc2S1,1
CC1=NN2C=C(C)N=C2S1,OC(=O)c1cc(cc(c1)N(=O)=O)N(=O)=O,1
CC1=NN2C=C(C)N=C2S1,OC(=O)c1ccccc1O,1
CC1=NN2C=C(C)N=C2S1,OC(=O)Cc1ccccc1Nc1c(Cl)cccc1Cl,1
COc1ccc(cc1)C1=NN=C(N)S1,OC(=O)c1ccc(cc1)N(=O)=O,1
COc1ccc(cc1)C1=NN2C=C(C)N=C2S1,OC(=O)Cc1ccccc1Nc1c(Cl)cccc1Cl,1
CC1=NN2C=C(C)N=C2S1,OC(=O)c1ccc(cc1)N(=O)=O,1
CC1=NN2C=C(C)N=C2S1,OC(=O)Cc1ccc(cc1)N(=O)=O,1
COc1ccc(cc1)C1=NN2C=C(C)N=C2S1,OC(=O)C1=Cc2ccccc2N1,1
COc1ccc(cc1)C1=NN2C=C(C)N=C2S1,OC(=O)c1ccccc1O,1
CC1=NN2C=C(C)N=C2S1,CCc1ccc(cc1)C(O)=O,1
CC1=NN2C=C(C)N=C2S1,OC(=O)C1=Cc2ccccc2N1,1
CCCCCO,COc1ccc(cc1)C1=C(OC2OC(C)C(O)C(O)C2O)C(=O)c2c(O)cc(OC3OC(CO)C(O)C(O)C3O)c(CC=C(C)C)c2O1,1
CCC(C)(C)O,COc1ccc(cc1)C1=C(OC2OC(C)C(O)C(O)C2O)C(=O)c2c(O)cc(OC3OC(CO)C(O)C(O)C3O)c(CC=C(C)C)c2O1,1
Cc1cc(O)cc(O)c1,Cc1nc(C)c(C)nc1C,1
Cc1nc(C)c(C)nc1C,Oc1cc(O)cc(O)c1,1
c1cc(ccn1)c1ccncc1,Oc1ccc2C3c4ccc(O)cc4C(c2c1)c1cc(O)ccc31,1
CN1C=NC2=C1C(=O)N(C)C(=O)N2C,COc1cc(OC)cc(C=Cc2ccc(O)cc2)c1,1
COc1cc(OC)cc(C=Cc2ccc(O)cc2)c1,NC(=O)N1c2ccccc2C=Cc2ccccc12,1
CC(C)C1=C(C)N(C)N(c2ccccc2)C1=O,OC(=O)c1cc(Cl)c(Cl)cc1C(O)=O,1
CC(C)C1=C(C)N(C)N(c2ccccc2)C1=O,OC(=O)c1ccc(O)cc1,1
CC(C)C1=C(C)N(C)N(c2ccccc2)C1=O,OC(=O)C=CC(O)=O,1
[NH3+]c1ccc(cc1)C(=O)[O-],OC(=O)COc1ccc(Cl)cc1Cl,1
O=P(c1ccccc1)(c1ccccc1)c1ccccc1,OC(=O)COc1ccc(Cl)cc1Cl,1
CC(C)C1=C(C)N(C)N(c2ccccc2)C1=O,Oc1ccc(O)cc1,1
CC(C)C1=C(C)N(C)N(c2ccccc2)C1=O,COC(=O)c1ccc(O)cc1,1
CC(C)c1cc2Cc3cc(cc(Cc4cc(cc(Cc5cc(cc(Cc(c1)c2O)c5O)C(C)C)c4O)C(C)C)c3O)C(C)C,ClC(Cl)=C(Cl)Cl,1
C[S]([O])(O)=O,COc1ccccc1CNC1C2CCN(CC2)C1C(c1ccccc1)c1ccccc1,1
c1ccc2c(c1)c(C=Cc1ccncc1)c1ccccc1c2C=Cc1ccncc1,Fc1c(I)c(F)c(I)c(F)c1I,1
Nc1cccc(c1)C#N,OC(=O)c1cc(cc(c1)N(=O)=O)N(=O)=O,1
CSC1=CC(=NC#N)C(=CC1=NC#N)SC,S1C=CSC1=C1SC=CS1,1
CC(=O)C(C)=NNc1ccccc1,N#CC(C#N)=C(C#N)C#N,1
c1cc(ccn1)C=Cc1ccncc1,OC(=O)c1cccc(c1)C(O)=O,1
O=C(Nc1cccnc1)c1ccc(cc1)C(=O)Nc1cccnc1,OC(=O)c1ccc(cc1)C(O)=O,1
C1=CN(C=N1)c1cncnc1,Oc1ccc(O)cc1,1
N(c1ccccc1)c1ncccn1,OC(=O)c1ccc(cc1)N(=O)=O,1
NC(=O)c1ccccc1F,O=C1NS(=O)(=O)c2ccccc12,1
NC(=O)N1c2ccccc2C=Cc2ccccc12,O=S1(=O)NC(=S)c2ccccc12,1
NC(=O)N1c2ccccc2CCc2ccccc12,O=S1(=O)NC(=S)c2ccccc12,1
NC(=O)c1ccccc1F,O=S1(=O)NC(=S)c2ccccc12,1
Cc1ccc(O)c(c1)N1N=C2C=CC=CC2=N1,Fc1c(F)c(F)c2c(F)c(F)c(F)c(F)c2c1F,1
Cc1ccc(O)c(c1)N1N=C2C=CC=CC2=N1,Fc1c(F)c(I)c(F)c(F)c1I,1
C1COCCOCCOCCOCCOCCO1,Nc1c(F)cc(F)c(N)c1F,1
c1cc(ccn1)c1ccncc1,OC(=O)c1ccc(Oc2nc(Oc3ccc(cc3)C(O)=O)nc(Oc3ccc(cc3)C(O)=O)n2)cc1,1
c1cc(ccn1)C=Cc1ccncc1,OC(=O)c1ccc(Oc2nc(Oc3ccc(cc3)C(O)=O)nc(Oc3ccc(cc3)C(O)=O)n2)cc1,1
C(Cc1ccncc1)c1ccncc1,OC(=O)c1ccc(Oc2nc(Oc3ccc(cc3)C(O)=O)nc(Oc3ccc(cc3)C(O)=O)n2)cc1,1
CCCCOc1cc(C=Cc2ccncc2)c(OCCCC)cc1C=Cc1ccncc1,Fc1c(F)c(I)c(F)c(F)c1I,1
COCCOCCOCCOc1cc(C=Cc2ccncc2)c(OCCOCCOCCOC)cc1C=Cc1ccncc1,Fc1c(F)c(I)c(F)c(F)c1I,1
Cc1cccc(NC(=O)c2cccc(c2)C(=O)Nc2cccc(C)n2)n1,OC(=O)CCCCCC(O)=O,1
Cc1cccc(NC(=O)c2cccc(c2)C(=O)Nc2cccc(C)n2)n1,OC(=O)CCCC(O)=O,1
C1COCCOCCOCCOCCOCCO1,Nc1cc(F)cc(N)c1F,1
C1COCCOCCOCCOCCOCCO1,Nc1c(F)c(N)c(Cl)c(F)c1F,1
C1COCCOCCOCCOCCOCCO1,Nc1c(F)c(N)c(Cl)c(F)c1Cl,1
C1COCCOCCOCCOCCOCCO1,Nc1c(Cl)c(N)c(Cl)c(F)c1Cl,1
Cc1cccc(O)c1,O=C1N(CCc2ccncc2)C(=O)c2ccc3c4ccc5C(=O)N(CCc6ccncc6)C(=O)c6ccc(c7ccc1c2c37)c4c56,1
O=C1N(CCc2ccncc2)C(=O)c2ccc3c4ccc5C(=O)N(CCc6ccncc6)C(=O)c6ccc(c7ccc1c2c37)c4c56,Oc1ccccc1,1
Cc1nc(C)c(C)nc1C,OC(=O)C1C2CC(C=C2)C1C(O)=O,1
c1ccc(cc1)C#CC(C#Cc1ccccc1)=C1c2ccccc2c2ccccc12,N#CC(C#N)=C1C=CC(C=C1)=C(C#N)C#N,1
c1cc(ccn1)C=Cc1ccncc1,CNC(=S)NN=C(C)c1ccc(O)cc1O,1
CN1C(=C([O-])c2ccccc2S1(=O)=O)C(=O)Nc1[nH+]cccc1,O=C1NS(=O)(=O)c2ccccc12,1
c1cnc2ccc3ncccc3c2c1,Fc1c(F)c(I)c(F)c(F)c1I,1
c1cnc2c(c1)ccc1cccnc21,Fc1c(F)c(F)c(I)c(I)c1F,1
c1cnc2c(c1)ccc1ncccc21,Fc1c(F)c(F)c(I)c(I)c1F,1
c1cnc2ccc3ncccc3c2c1,Fc1c(F)c(F)c(I)c(I)c1F,1
c1cnc2c(c1)ccc1ncccc21,Fc1c(F)c(I)c(F)c(F)c1I,1
CC(C)CCCC(C)C1CCC2C3CC=C4CC(O)CCC4(C)C3CCC12C,Oc1ccccc1,1
CCC(N1CCCC1=O)C(N)=O,OC(C(O)C(O)=O)C(O)=O,1
CCC(N1CCCC1=O)C(N)=O,OC(C(O)=O)c1ccccc1,1
NC(=O)c1cccnc1,NS(=O)(=O)c1cc(C(O)=O)c(NCC2=CC=CO2)cc1Cl,1
Ic1ccc(I)cc1,N#Cc1ccc(C=Cc2ccc(cc2)C=Cc2ccc(cc2)C#N)cc1,1
CC[N+]([O-])=CC,Oc1ccc2ccccc2c1c1c(O)ccc2ccccc12,1
N#CC(C#N)=C1c2ccccc2c2ccccc12,S1C=CSC1=C1SC=CS1,1
C1c2ccccc2CC2(c3ccccc3)C(=C(c3ccccc3)C12c1ccccc1)c1ccccc1,c1ccc(cc1)C=C(c1ccccc1)C(=Cc1ccccc1)c1ccccc1,1
FC1=C(F)C(C(=C(F)C1=C(C#N)C#N)F)=C(C#N)C#N,OCC1=C(CO)SC(S1)=C1SC(=C(CO)S1)CO,1
CC(NC(=O)C(C)(C)C)c1ccc(Br)cc1,CC1CCc2ccc3ccccc3c2C1NC(=O)c1cc(cc(c1)N(=O)=O)N(=O)=O,1
C1COCCOc2ccccc2Oc2ccccc2OCCOCCO1,NC(=S)NNC(N)=S,1
c1cc(ccn1)c1ccncc1,OC(c1ccc(cc1)C(O)=O)c1ccc(cc1)C(O)=O,1
CC1=NN=C2SC(=NN12)c1ccc(Br)cc1,OC(=O)c1ccc(Br)cc1,1
c1cc(ccn1)c1ccncc1,OC(=O)C=CC=CC(O)=O,1
CC(CCC(O)=O)C1CCC2C3C(O)CC4CC(O)CCC4(C)C3CC(O)C12C,Nc1cccc(F)c1,1
CC1=NN(C(=C1)O)c1nc(C)cc(C)n1,Oc1ccc(Cl)cc1,1
O1C(=NN=C1c1cccnc1)c1cccnc1,OC(=O)C=CC(O)=O,1
O1C(=NN=C1c1ccncc1)c1ccncc1,OC(=O)C=CC(O)=O,1
O1C(=NN=C1c1cccnc1)c1cccnc1,OC(=O)CCCCCCC(O)=O,1
O=C(NNC(=O)c1ccncc1)c1ccncc1,OC(=O)CCCCCCC(O)=O,1
O1C(=NN=C1c1cccnc1)c1cccnc1,OC(=O)COc1ccc(OCC(O)=O)cc1,1
O1C(=NN=C1c1ccncc1)c1ccncc1,OC(=O)COc1ccc(OCC(O)=O)cc1,1
Cc1cc(Cl)ccc1OCC(O)=O,O=P(c1ccccc1)(c1ccccc1)c1ccccc1,1
C1N2CN3CN1CN(C2)C3,OC(=O)CCCCCCCCC(O)=O,1
OC1(C(Cl)Cl)c2ccccc2C(=O)c2ccccc12,OC1(C(Cl)Cl)c2ccccc2C(O)(C(Cl)Cl)c2ccccc12,1
O=C(NNC(=O)c1cccnc1)c1cccnc1,OC(=O)C=CC(O)=O,1
COc1cc(C=CC(O)=O)ccc1O,NC1=Nc2ccc(OC(F)(F)F)cc2S1,1
NC1=Nc2ccc(OC(F)(F)F)cc2S1,O=C([O-])C1[NH2+]CCC1,1
CC1=CNC(=O)C=C1,OC(=O)c1cc(cc(c1)C(O)=O)C(O)=O,1
COc1cc(ccc1O)C(O)=O,NC1=Nc2ccc(OC(F)(F)F)cc2S1,1
NC1=Nc2ccc(OC(F)(F)F)cc2S1,OC(=O)C=Cc1ccccc1,1
CC1(C)CC(=CC(C1)=C(C#N)C#N)C=Cc1ccc(cc1)N1CCCC1,CN(C)c1ccc(C=CC2=CC(CC(C)(C)C2)=C(C#N)C#N)cc1,1
CC(C)N=C1OCOC1C1OCOC1=NC(C)C,Oc1ccc2ccccc2c1c1c(O)ccc2ccccc12,1
CC(N(O)C(N)=O)C1=Cc2ccccc2S1,NC(=O)c1cccnc1,1
CC(N(O)C(N)=O)C1=Cc2ccccc2S1,NC(=O)c1ccncc1,1
Ic1ccc(I)cc1,N#CC(C#N)=C1C=CC(C=C1)=C(C#N)C#N,1
Ic1ccc(I)cc1,O=N(=O)c1ccc(cc1)N(=O)=O,1
CCOC(=O)Nc1ccc(NCc2ccc(F)cc2)cc1N,OC(=O)c1ccc(O)cc1O,1
CCOC(=O)Nc1ccc(NCc2ccc(F)cc2)cc1N,OC(=O)c1cc(O)c(O)c(O)c1,1
CN1C(=O)N(C)C2=C(NC=N2)C1=O,NC(=O)c1ccc(O)cc1,1
CC(=O)NC1=NN=C(S1)S(N)(=O)=O,CN1C(=O)N(C)C2=C(NC=N2)C1=O,1
CN1C(=O)N(C)C2=C(NC=N2)C1=O,OC(=O)c1ccc(Cl)c(Cl)c1,1
CN1C(=O)N(C)C2=C(NC=N2)C1=O,NC(=O)c1ccccn1,1
CN1C(=O)N(C)C2=C(NC=N2)C1=O,OC(=O)c1ccc(Cl)c(c1)N(=O)=O,1
Cc1cc(C)c(C=O)c(C)c1,OC(C#CC#CC(O)(c1ccccc1)c1ccccc1)(c1ccccc1)c1ccccc1,1
CSC1=C(SC)SC(S1)=C1SC2=C(S1)SC1=C(SC(S1)=C1SC=CS1)S2,N#CC(C#N)=C1C=CC(C=C1)=C(C#N)C#N,1
Cc1ccccc1O,O=C(C=CC(=O)N(C1CCCCC1)C1CCCCC1)N(C1CCCCC1)C1CCCCC1,1
Cc1ccc(O)cc1,O=C(C=CC(=O)N(C1CCCCC1)C1CCCCC1)N(C1CCCCC1)C1CCCCC1,1
c1ccc(cc1)C=Cc1ccncc1,Oc1cc(O)c(Br)cc1Br,1
c1ccc(cc1)C1C(C(C1c1ccncc1)c1ccncc1)c1ccccc1,Oc1cc(O)c(Br)cc1Br,1
c1ccc(cc1)C=Cc1ccncc1,Oc1cc(O)c(Cl)cc1Cl,1
c1ccc(cc1)C1C(C(C1c1ccncc1)c1ccccc1)c1ccncc1,Oc1cc(O)c(Cl)cc1Cl,1
CC(=O)C(C)(C)C,CC1CC2C3C=CC4=CC(=O)C=CC4(C)C3(Cl)C(=O)CC2(C)C1C(O)=O,1
C1CCNCC1,OC(C1CCCCC1C(O)(c1ccccc1)c1ccccc1)(c1ccccc1)c1ccccc1,1
Cc1cccnc1Br,OC1=C(Br)C(=O)C(=C(Br)C1=O)O,1
NC(=O)c1ccncc1,Oc1ccc(cc1)C1=COc2cc(O)cc(O)c2C1=O,1
C1COCO1,OC1(c2ccccc2c2ccccc2C2(O)c3cc(Cl)ccc3c3ccc(Cl)cc23)c2cc(Cl)ccc2c2ccc(Cl)cc12,1
[N]1SSN=C1c1ccccc1,Fc1nc(F)c(F)c(C2=NSS[N]2)c1F,1
CCCCCCCCCC(=O)OC1CCC2(C)C(CCC3C2CCC2(C)C(CCC32)C(C)CCCC(C)C)C1,CCCCCCCCCCCC(=O)OC1CCC2(C)C(CCC3C2CCC2(C)C(CCC32)C(C)CCCC(C)C)C1,1
N#Cc1cc(C#N)c(cc1C#N)C#N,O=C(C=Cc1c2ccccc2cc2ccccc12)c1ccccc1,1
COc1ccc(cc1)C(=O)C=Cc1c2ccccc2cc2ccccc12,N#Cc1cc(C#N)c(cc1C#N)C#N,1
N#Cc1cc(C#N)c(cc1C#N)C#N,O=C(C=Cc1c2ccccc2cc2ccccc12)c1cccc2ccccc12,1
CCNCC,OC1(c2cccc(c2)c2cccc(c2)C2(O)c3ccccc3c3ccccc23)c2ccccc2c2ccccc12,1
CC(=O)N1CCN(CC1)c1ccc(OCC2COC(CN3C=CN=C3)(O2)c2ccc(Cl)cc2Cl)cc1,OC(=O)C=CC(O)=O,1
CC(=O)N1CCN(CC1)c1ccc(OCC2COC(CN3C=CN=C3)(O2)c2ccc(Cl)cc2Cl)cc1,OC(=O)CCCCC(O)=O,1
IC=CC=CI,NC(N)=O,1
Fc1c(F)c(I)c(F)c(F)c1I,NC(=O)c1ccncc1,1
CC(CCC(N)=O)C1CCC2C3C(O)CC4CC(O)CCC4(C)C3CC(O)C12C,CCCC(O)C(C)(C)C,1
N#Cc1ccncc1,OC(=O)c1ccccc1F,1
Cc1ccncc1,OC1(c2ccccc2c2ccccc12)c1cc2ccccc2cc1c1cc2ccccc2cc1C1(O)c2ccccc2c2ccccc12,1
C1Cc2cccc3cccc1c23,Fc1c(F)c(Br)c(F)c(F)c1Br,1
C1Cc2cccc3cccc1c23,Fc1c(I)c(F)c(I)c(F)c1I,1
COc1cc(OC)nc(N)n1,Nc1ccccc1C(O)=O,1
N#Cc1ccncc1,OC(=O)c1ccccc1Br,1
CC1=CC(C=C(C)C1=O)=C(C#N)C#N,S1C=CSC1=C1SC=CS1,1
CCN(CC)[P](=S)OC(C(C)NC)c1ccccc1,CCN(CC)P1(=S)OC(C(C)N1C)c1ccccc1,1
C(Cc1ccncc1)Cc1ccncc1,OC(=O)c1ccc(Nc2cc(Nc3ccc(cc3)C(O)=O)cc(Nc3ccc(cc3)C(O)=O)c2)cc1,1
N1C=CN=C1,Oc1ccc2ccccc2c1c1c(O)ccc2ccccc12,1
Cc1cc(I)ccc1N,OC(=O)c1cc(cc(c1)N(=O)=O)N(=O)=O,1
Cc1cc(c(O)c(c1)C(C)(C)C)C(C)(C)C,O=P(C1CCCCC1)(C1CCCCC1)C1CCCCC1,1
CCCC1=NN(C)C2=C1N=C(NC2=O)c1cc(ccc1OCC)S(=O)(=O)N1CCN(C)CC1,OC(=O)CCCCC(O)=O,1
CCCC1=NN(C)C2=C1N=C(NC2=O)c1cc(ccc1OCC)S(=O)(=O)N1CCN(C)CC1,OC(=O)CCCCCCC(O)=O,1
CCCC1=NN(C)C2=C1N=C(NC2=O)c1cc(ccc1OCC)S(=O)(=O)N1CCN(C)CC1,OC(=O)CCCCCCCCC(O)=O,1
NC(=O)c1ccc(cc1)N(=O)=O,OC(=O)CCCC(O)=O,1
CCN1c2ccccc2c2cc(ccc12)c1ccc2N(CC)c3ccccc3c2c1,N#CC(C#N)=C(C#N)C#N,1
C(Cc1ccncc1)Cc1ccncc1,O=C1NC(=O)NC(=O)N1,1
c1ccc2nc3ccccc3nc2c1,O=C1NC(=O)NC(=O)N1,1
c1cnc2c(c1)ccc1ncccc21,O=C1NC(=O)NC(=O)N1,1
COc1ccc(nc1)N=Cc1ccccc1O,Fc1c(F)c(I)c(F)c(F)c1I,1
COc1ccc(nc1)N=Cc1ccccc1O,Fc1c(I)c(F)c(I)c(F)c1I,1
Cc1cncc(C)n1,OC(=O)c1c(F)c(F)c(C(O)=O)c(F)c1F,1
COc1ccc2cc(ccc2c1)C(C)C(O)=O,N#Cc1cc(C#N)c(cc1C#N)C#N,1
Cc1nccnc1C,OC(=O)c1c(F)c(F)c(C(O)=O)c(F)c1F,1
Fc1c(F)c(F)c(C#CI)c(F)c1F,O1C=CC=C1c1cncc(c1)C1=CC=CO1,1
[NH3+]C(Cc1ccccc1)C(=O)NCC(=O)[O-],OC(=O)C(Cl)(Cl)Cl,1
c1cc(ccn1)N=Nc1ccncc1,Fc1c(F)c(OCC2CCCCC2COc2c(F)c(F)c(I)c(F)c2F)c(F)c(F)c1I,1
CC12CCC3C(CCC4CC(=O)CCC34C)C1CCC2O,OC(C(O)C(O)=O)C(O)=O,1
CC1(O)CCC2C3CCC4CC(=O)CCC4(C)C3CCC12C,OC(=O)c1ccccc1O,1
Brc1ccc2N3CN(Cc2c1)c1ccc(Br)cc1C3,Clc1ccc2N3CN(Cc2c1)c1ccc(Cl)cc1C3,1
C(Cc1ccncc1)Cc1ccncc1,Fc1c(I)c(F)c(I)c(F)c1I,1
NN1C=NN=C1,ON=C1C(=O)NC(=O)NC1=O,1
C(Cc1ccncc1)c1ccncc1,CC(c1ccc(O)cc1)(c1ccc(O)cc1)c1ccc(O)cc1,1
C=CCN1C(c2ccccc2C1=C(C#N)C#N)=C(C#N)C#N,S1C=CSC1=C1SC=CS1,1
C1N2CN3CN1CN(C2)C3,COc1cc(C=O)ccc1O,1
CC(CCC(O)=O)C1CCC2C3CCC4CC(O)CCC4(C)C3CC(O)C12C,CC1(C)C2CCC1(C)C(=O)C2=O,1
CN(C)c1ccc(C=O)cc1,CN(C)c1ccc(cc1)C=C(O)C(O)=O,1
Nc1nc(N)nc(n1)c1ccccc1,O=C1NC(=O)c2ccccc12,1
C1CCNCC1,CC1(C)OC(C(O1)C(O)(c1ccc2ccccc2c1)c1ccc2ccccc2c1)C(O)(c1ccc2ccccc2c1)c1ccc2ccccc2c1,1
CC1(CC2(O)c3ccccc3c3ccccc23)c2ccccc2c2ccccc12,CC1(O)c2ccccc2c2ccccc12,1
O=C([O-])C1C[NH2+]CCC1,OC(=O)c1ccccc1O,1
ClC1=CC=C(S1)C(=O)NCC1CN(C(=O)O1)c1ccc(cc1)N1CCOCC1=O,OC(=O)CC(O)=O,1
CC(=O)Oc1ccccc1C(O)=O,COc1cnc(NS(=O)(=O)c2ccc(N)cc2)nc1,1
c1cc(ccn1)c1ccncc1,S=C1NC(=S)NC(=S)N1,1
c1cnc2c(c1)ccc1ncccc21,S=C1NC(=S)NC(=S)N1,1
C(Cc1ccncc1)c1ccncc1,S=C1NC(=S)NC(=S)N1,1
COc1ccccc1O,N1C2=C(c3ccncc3)C3=NC(=C(C4=CC=C(N4)C(=C4C=CC(=N4)C(=C1C=C2)c1ccncc1)c1ccncc1)c1ccncc1)C=C3,1
C1N2CN3CN1CN(C2)c1ccccc31,Oc1ccc(O)cc1,1
c1cc(ccn1)c1ccncc1,Oc1ccc(Cc2ccc(O)cc2)cc1,1
C(Cc1ccncc1)Cc1ccncc1,OC(=O)c1ccccc1SSc1ccccc1C(O)=O,1
c1cc(ccn1)C=Cc1ccncc1,Oc1cc(O)c2C(=O)C(=C(Oc2c1)c1ccc(O)c(O)c1)O,1
C(Cc1ccncc1)c1ccncc1,Oc1cc(O)c2C(=O)C(=C(Oc2c1)c1ccc(O)c(O)c1)O,1
c1cc(ccn1)N=Nc1ccncc1,Oc1cc(O)c2C(=O)C(=C(Oc2c1)c1ccc(O)c(O)c1)O,1
c1ccc2nc3ccccc3nc2c1,Oc1cc(O)c2C(=O)C(=C(Oc2c1)c1ccc(O)c(O)c1)O,1
Cc1nc(C)c(C)nc1C,Oc1cc(O)c2C(=O)C(=C(Oc2c1)c1ccc(O)c(O)c1)O,1
c1cc(ccn1)c1ccncc1,Oc1cc(O)c2C(=O)C(=C(Oc2c1)c1ccc(O)c(O)c1)O,1
C1CCNC1,OC(=O)C(=Cc1ccc(cc1)N(c1ccccc1)c1ccccc1)C#N,1
c1cnc2c(c1)ccc1cccnc21,FI(F)c1c(F)c(F)c(F)c(F)c1F,1
c1ccc(nc1)c1ccccn1,FI(F)c1c(F)c(F)c(F)c(F)c1F,1
c1cnc2c(c1)ccc1cccnc21,Fc1ccc(cc1)I(C#N)C#N,1
CCNCC,CN1C(=C(C(c2ccc(C=O)cc2)C2=C(O)N(C)C(=O)N(C)C2=O)C(=O)N(C)C1=O)[O],1
COC1OC(C)C2OC(OC2C1OC(=O)NC1CCCCC1)(C(F)(F)F)C(F)(F)F,OC(CC(=O)CC(O)(C(F)(F)F)C(F)(F)F)(C(F)(F)F)C(F)(F)F,1
Cc1ccc(cc1)C(=NNC(=O)c1ccncc1)c1ccc(C)cc1,OC(=O)c1ccccc1O,1
CN(C)c1ccc(cc1)C(=NNC(=O)c1ccncc1)c1ccccc1,OC(=O)c1ccccc1O,1
OC(=O)c1ccccc1O,Oc1ccccc1C(=NNC(=O)c1ccncc1)c1ccccc1O,1
CN1C(=O)N(C)C2=C(NC=N2)C1=O,Nc1ccc(C(O)=O)c(O)c1,1
Nc1ccc(cc1)C(=NNC(=O)c1ccncc1)c1ccccc1,OC(=O)c1ccccc1O,1
O=C(NN=C(c1ccccc1)c1ccccc1)c1ccncc1,OC(=O)c1ccccc1O,1
Cc1ccc(cc1)C(=NNC(=O)c1ccncc1)c1ccccc1,OC(=O)c1ccccc1O,1
C(CCN1C=CN=C1)CN1C=CN=C1,OC(=O)c1cccc(c1)C(O)=O,1
CC(CCC(O)=O)C1CCC2C3C(O)CC4CC(O)CCC4(C)C3CC(O)C12C,OCc1ccccc1F,1
CC(CCC(O)=O)C1CCC2C3C(O)CC4CC(O)CCC4(C)C3CC(O)C12C,OCc1ccc(F)cc1,1
COc1cc(OC)c(C=O)c(OC)c1,Nc1ccc(cc1)N(=O)=O,1
NC(=O)c1ccccc1,Oc1c(cc(cc1N(=O)=O)N(=O)=O)N(=O)=O,1
CN1N(C(=O)C(=C1C)NC(C)=O)c1ccccc1,Oc1cc2ccccc2cc1O,1
NC(N)=O,OC(CC(O)=O)C(O)=O,1
CC(C)(C)c1cccc(c1O)C(C)(C)C,CN(C)C(=N)N(C)C,1
Cc1cc(c(O)c(c1)C(C)(C)C)C(C)(C)C,CN(C)C(=N)N(C)C,1
COc1cc(cc(OC)c1O)C12CC3CC(C1)(CC(C3)(C2)c1cc(OC)c(O)c(OC)c1)c1cc(OC)c(O)c(OC)c1,O=N(=O)c1cc(cc(c1)N(=O)=O)N(=O)=O,1
C1COCCOCCOCCOCCOCCO1,CS(N)(=O)=O,1
C1COCCOCCOCCOCCOCCO1,Cc1ccc(cc1)S(N)(=O)=O,1
ClC1=C(Cl)C(=O)C(=C(C#N)C1=O)C#N,CSc1ccccc1SC,1
CC12CCC3C(CCC4=CC(=O)C=CC34C)C1CCC2=O,Oc1cccc2ccccc12,1
CC12CCC3C(CCC4=CC(=O)C=CC34C)C1CCC2=O,Oc1ccc2ccccc2c1,1
COC(=O)c1ccc(O)cc1,COc1ccc2nccc(C(O)C3CC4CCN3CC4C=C)c2c1,1
COc1cc(C=O)ccc1O,Nc1nnc(c(N)n1)c1cccc(Cl)c1Cl,1
c1cc(ccn1)c1ccncc1,Oc1ccc(Oc2nc(Oc3ccc(O)cc3)nc(Oc3ccc(O)cc3)n2)cc1,1
c1cnc2c(c1)ccc1cccnc21,Fc1c(F)c(N=Nc2c(F)c(F)c(Br)c(F)c2F)c(F)c(F)c1Br,1
CCCCCc1ccc(cc1)c1ccc(cc1)C#N,Fc1c(F)c(N=Nc2c(F)c(F)c(I)c(F)c2F)c(F)c(F)c1I,1
Fc1c(F)c(N=Nc2c(F)c(F)c(I)c(F)c2F)c(F)c(F)c1I,N#Cc1ccc(cc1)N=Nc1ccc(cc1)C#N,1
Fc1c(F)c(N=Nc2c(F)c(F)c(I)c(F)c2F)c(F)c(F)c1I,O=N(=O)c1ccc(cc1)N=Nc1ccc(cc1)N(=O)=O,1
C1COCCOCCOCCOCCOCCO1,Nc1ccc(cc1)N=O,1
C1CCC2OCCOCCOC3CCCCC3OCCOCCOC2C1,Nc1ccc(cc1)N=O,1
Cc1ccccc1C(O)(C1OC(C)(C)OC1C(O)(c1ccccc1C)c1ccccc1C)c1ccccc1C,CN1N=C(C)CC1c1ccccc1,1
FC(F)(F)C1=CSC(S1)=C1SC2=C(SCCS2)S1,N#CC(C#N)=C1C=CC(C=C1)=C(C#N)C#N,1
CC(N1C(=O)C2C(C3c4ccccc4C2c2ccccc32)C1=O)C(O)(c1ccccc1)c1ccccc1,CC1CCCCC1=O,1
CC(N1C(=O)C2C(C3c4ccccc4C2c2ccccc32)C1=O)C(O)(c1ccccc1)c1ccccc1,CC1(C)C2CCC(C)(C2)C1=O,1
COc1ccc2CCC3C(C3c2c1)c1ccncc1,OC(=O)C(OC(=O)c1ccccc1)C(OC(=O)c1ccccc1)C(O)=O,1
Cc1ccc(cc1)C(=O)OC(C(OC(=O)c1ccc(C)cc1)C(O)=O)C(O)=O,CCCN(CCC)C1CCc2cc(F)c3NC=Cc3c2C1,1
Nc1ncccn1,OC(=O)c1ccccc1C(O)=O,1
Nc1ccccc1C(O)=O,Nc1ncccn1,1
Nc1cccc(c1)C(O)=O,Nc1ncccn1,1
C1COCCOCCOCCOCCOCCO1,O=S(=O)(NS(=O)(=O)c1ccc2ccccc2c1)c1ccc2ccccc2c1,1
NC(=O)c1ccccc1O,OC(=O)C(O)=O,1
N#Cc1ccncc1,OC(=O)c1ccccc1Cl,1
C(Cc1ccncc1)c1ccncc1,Ic1ccc(I)cc1,1
C(Cc1ccncc1)c1ccncc1,FC(F)(I)C(F)(F)C(F)(F)C(F)(F)C(F)(F)C(F)(F)I,1
C(Cc1ccncc1)c1ccncc1,FC(F)(I)C(F)(F)C(F)(F)C(F)(F)C(F)(F)C(F)(F)C(F)(F)C(F)(F)I,1
c1cc(ccn1)N=Nc1ccncc1,OC(=O)c1cc(cc(c1)c1cc(cc(c1)C(O)=O)C(O)=O)C(O)=O,1
O=C([O-])C1[NH2+]CCC1,OC(=O)c1ccccc1,1
CC(=O)c1c(O)cc(O)cc1O,Nc1cc(ccc1O)N(=O)=O,1
CN(c1ccccc1)C1=NC(=NC1(C)C)C(F)(F)F,NC(=O)C(F)(F)F,1
Cc1ccc(NCC(=O)NC2=NC=CS2)cc1,COC,1
Fc1c(F)c(I)c(F)c(F)c1I,O=C1C=CC(=O)C=C1,1
C1COCCOCCOCCO1,CCS(=O)(=O)CS(=O)(=O)CC,1
O=C(Nc1ncnc2N=CNc12)c1ccccc1,OC(=O)c1ccc(O)cc1,1
CN(C)P(=O)(N(C)C)N(C)C,O=N(=O)N1C2C3N(C4C1N(C(C(N2N(=O)=O)N3N(=O)=O)N4N(=O)=O)N(=O)=O)N(=O)=O,1
CC(O)C(C)O,NC1CCCCC1N,1
NC1CCCCC1N,OC(C(O)c1ccccc1)c1ccccc1,1
C1CCOOC1,CC(C)c1cccc(C(C)C)c1N=P(P(c1ccccc1)c1ccccc1)(c1ccccc1)c1ccccc1,1
N#CC(C#N)=C1C=CC(C=C1)=C(C#N)C#N,N=C1N2C(=Nc3ccccc23)Sc2ccccc12,1
O=C(c1ccccc1)c1ccccc1,Oc1cc(O)cc(c1)c1c2ccccc2c(c2cc(O)cc(O)c2)c2ccccc12,1
CC1=CC(=NN1)c1ccccc1,OC(=O)c1cc(C(O)=O)c(cc1C(O)=O)C(O)=O,1
C1c2ccccc2c2ccccc12,Fc1c(F)c(I)c(F)c(F)c1I,1
CCOC1=C(NCCCN2CCN(CCCNC3=C(OCC)C(=O)C3=O)CC2)C(=O)C1=O,Oc1cccc(O)c1,1
NC(=O)CN1CC(O)CC1=O,OC(=O)c1cc(O)c(O)c(O)c1,1
NC(=O)CN1CC(O)CC1=O,OC(=O)c1ccc(O)c(O)c1,1
O=C(NN=Cc1ccncc1)c1ccncc1,Oc1c(cc(cc1N(=O)=O)N(=O)=O)N(=O)=O,1
CC1CCC2CN(CC2C(C)O1)S(=O)(=O)c1ccc(C)cc1,CC1OC(C)C2CN(CC2C=C1)S(=O)(=O)c1ccc(C)cc1,1
CC(C)N(C)C(=O)C(=O)c1ccccc1,OC(C1OC2(CCCC2)OC1C(O)(c1ccccc1)c1ccccc1)(c1ccccc1)c1ccccc1,1
CC(C)N(C)C(=O)C(=O)c1ccccc1,OC(C1OC2(CCCCC2)OC1C(O)(c1ccccc1)c1ccccc1)(c1ccccc1)c1ccccc1,1
CN(C)c1ccc(cc1)C=Nc1ccccc1C(O)=O,NC(N)=O,1
c1cc(ccn1)c1ccncc1,OC(=O)CCN1C(=O)N(CCC(O)=O)C(=O)N(CCC(O)=O)C1=O,1
CN(C)C(N)=O,OC(=O)C(O)=O,1
Cc1nccnc1C,OC(=O)c1ccccc1O,1
Cc1nccnc1C,OC(=O)c1cccc(O)c1,1
CCCCN1C=C(C(=O)NC1=O)C1=CSC(S1)=C1SC2=C(OCCO2)S1,N#CC(C#N)=C1C=CC(C=C1)=C(C#N)C#N,1
Nc1ccccc1N,Oc1ccc(cc1)C1(CCCCC1)c1ccc(O)cc1,1
Nc1ccc(N)cc1,Oc1ccc(cc1)C1(CCCCC1)c1ccc(O)cc1,1
c1ccnnc1,IC#Cc1cccc(c1)C#CI,1
C1N2CN3CN1CN(C2)C3,IC#Cc1ccc(cc1)C#CI,1
BrC#Cc1ccc(cc1)C#CBr,c1cc(ccn1)C=Cc1ccncc1,1
c1cc(ccn1)C=Cc1ccncc1,IC#Cc1cccc(c1)C#CI,1
c1cc(ccn1)C=Cc1ccncc1,IC#Cc1ccc(cc1)C#CI,1
Cc1ccc2N3CN(Cc2c1)c1ccc(C)cc1C3,IC#Cc1ccc(cc1)C#CI,1
O=C(Nc1cccnc1)c1ccccc1,OC(=O)c1ccccc1,1
CN1C(=O)N(C)C2=C(NC=N2)C1=O,OC(=O)c1ccc(F)c(c1)N(=O)=O,1
O=S(=O)(c1ccccc1)c1cc(c(cc1S(=O)(=O)c1ccccc1)S(=O)(=O)c1ccccc1)S(=O)(=O)c1ccccc1,O=S1(=O)CCCC1,1
O=C1CCCCCC1,O=S(=O)(c1ccccc1)c1cc(c(cc1S(=O)(=O)c1ccccc1)S(=O)(=O)c1ccccc1)S(=O)(=O)c1ccccc1,1
NC(=O)c1ccccc1,OC(=O)c1ccc(cc1Cl)N(=O)=O,1
Nc1ccccc1C(O)=O,OC(=O)c1ccc(cc1Cl)N(=O)=O,1
COc1ccc(N)cc1,Oc1ccc(O)cc1,1
CCOC(=O)C1=C(C2c3ccccc3C1c1ccccc21)C(O)=O,O=P(c1ccccc1)(c1ccccc1)c1ccccc1,1
CN1C=NC2=C1C(=O)N(C)C(=O)N2C,Nc1ccc(C(O)=O)c(O)c1,1
CCCCc1c2CCc3cc4ccc[nH+]c4nc3c2nc2c([O-])c(cc(c12)N(=O)=O)N(=O)=O,CN1CC(=O)N=C1N,1
Cc1nc(C)c(C)[n+]([O-])c1C,NC(N)=O,1
Cc1[n+]([O-])c(C)c(C)[n+]([O-])c1C,NC(N)=O,1
NC(N)=O,Oc1cccc(c1)N(=O)=O,1
[O]C(=O)C(O)C(O)C([O])=O,CS(=O)(=O)c1nccnc1C1CN2CCC1CC2,1
c1ccc2cc3ccccc3cc2c1,Fc1c(F)c(F)c2cc3C(=O)C=CC(=O)c3cc2c1F,1
C(C(C(Cc1ccccc1)c1ccccc1)c1ccccc1)c1ccccc1,c1ccc(cc1)C=Cc1ccccc1,1
OC(=O)c1ccccc1,Oc1ccc(Br)cc1C=Nc1cccnc1,1
OC(=O)c1ccccc1O,Oc1ccc(Br)cc1C=Nc1cccnc1,1
OC(=O)c1ccc(Cl)cc1,Oc1ccc(Br)cc1C=Nc1cccnc1,1
OC(=O)c1cc(O)cc(O)c1,Oc1ccc(Br)cc1C=Nc1cccnc1,1
OC(=O)c1ccc(Cl)cc1,Oc1ccc(Cl)cc1C=Nc1cccnc1,1
OC(=O)c1cc(cc(c1)N(=O)=O)N(=O)=O,Oc1c(Br)cc(Br)cc1C=Nc1cccnc1,1
Ic1ccc(I)cc1,Oc1ccc(Br)cc1C=Nc1cccnc1,1
Ic1ccc(cc1)c1ccc(I)cc1,Oc1ccc(Br)cc1C=Nc1cccnc1,1
Ic1cccc(I)c1,Oc1ccc(Br)cc1C=Nc1cccnc1,1
OC(=O)c1ccc(O)c(O)c1,Oc1ccc(Br)cc1C=Nc1cccnc1,1
OC(=O)c1cc(Cl)cc(Cl)c1,Oc1ccc(Br)cc1C=Nc1cccnc1,1
CN1C(=O)N(C)C2=C(NC=N2)C1=O,Nc1ccc(cc1)N(=O)=O,1
CCN1C=C(C(O)=O)C(=O)c2ccc(C)nc12,Oc1cccc(O)c1,1
CCN1C=C(C(O)=O)C(=O)c2ccc(C)nc12,Oc1ccc(O)cc1,1
CCN1C=C(C(O)=O)C(=O)c2ccc(C)nc12,Oc1ccccc1O,1
Cc1nccnc1C,OC(=O)c1cccc(c1C(O)=O)N(=O)=O,1
Cc1nccnc1C,OC(=O)c1cc(Cl)ccc1O,1
Cc1nccnc1C,OC(=O)c1cccc(O)c1O,1
Cc1nccnc1C,OC(=O)c1cc(Cl)c(Cl)cc1C(O)=O,1
O=CN1CCN(CC1)C=O,O=N(=O)N1CN(CN(CN(C1)N(=O)=O)N(=O)=O)N(=O)=O,1
O=N(=O)N1CN(CN(CN(C1)N(=O)=O)N(=O)=O)N(=O)=O,S1C=CC2=C1C=CS2,1
O=C([O-])C1[NH2+]CCC1,OC(=O)c1cc(O)ccc1O,1
CN1N=NC(=N1)N,ON1N=NN=C1C1=NN=NN1O,1
CC(C)(C)c1cc(c(c(O)c1O)N(=O)=O)C(C)(C)C,CN1C(=O)N(C)C(=C1c1ccccc1)c1ccccc1,1
CC(=O)Nc1ccccc1,O=P(c1ccccc1)(c1ccccc1)c1ccccc1,1
CC1=CC(=O)C2CC1C2(C)C,Cc1ccccc1C(O)(C1OC(C)(C)OC1C(O)(c1ccccc1C)c1ccccc1C)c1ccccc1C,1
CC(C)(Oc1ccc(CCNC(=O)c2ccc(Cl)cc2)cc1)C(O)=O,CN(C)c1ccncc1,1
C(Cc1ccncc1)c1ccncc1,CC(C)(Oc1ccc(CCNC(=O)c2ccc(Cl)cc2)cc1)C(O)=O,1
c1cc(ccn1)C=Cc1ccncc1,CC(C)(Oc1ccc(CCNC(=O)c2ccc(Cl)cc2)cc1)C(O)=O,1
c1cc(ccn1)N=Nc1ccncc1,CC(C)(Oc1ccc(CCNC(=O)c2ccc(Cl)cc2)cc1)C(O)=O,1
CC(C)N(C)C1CCC(C(C1)NC(C)=O)N1CCC(Nc2ncnc3ccc(cc23)C(F)(F)F)C1=O,OOC1CCCO1,1
C1OC1c1ccccc1,CC1(C)C2CCC1(C)C(O)(C2)C#Cc1c2ccccc2c(C#CC2(O)CC3CCC2(C)C3(C)C)c2ccccc12,1
Cc1ccc(cc1)S(N)=O,Fc1c(F)c(I)c(F)c(F)c1I,1
C1COCCOCCOCCOCCOCCO1,N1C=NC=N1,1
NC(=O)c1ccncc1,Oc1ccc2C(=O)C(=C(Oc2c1)c1ccc(O)c(O)c1)O,1
NC(=O)c1ccncc1,Oc1cc(O)c2C(=O)C=C(Oc2c1)c1ccc(O)c(O)c1,1
CC(=O)C1=C(N)C(=C2N=NC(=NN12)N1N=C(C)C=C1C)C#N,CC1=NN(C(=C1)C)C1=NNC(NN1)=C(C#N)C#N,1
NC(=O)CC1=CNc2ccccc12,Oc1c(cc(cc1N(=O)=O)N(=O)=O)N(=O)=O,1
N#CCC1=CNc2ccccc12,Oc1c(cc(cc1N(=O)=O)N(=O)=O)N(=O)=O,1
OC(=O)CC1=CNc2ccccc12,Oc1c(cc(cc1N(=O)=O)N(=O)=O)N(=O)=O,1
CC(C)C(N=CC=NC(C(C)C)C(C)C)C(C)C,OC(C(O)c1ccccc1)c1ccccc1,1
Cc1c(Cl)cccc1Nc1ncccc1C(O)=O,O=C([O-])C1[NH2+]CCC1,1
NC1=NC(=O)NC=C1F,O=C([O-])C1[NH2+]CCC1,1
CC1=NNC(S1)=NS(=O)(=O)c1ccc(N)cc1,O=C([O-])C1[NH2+]CCC1,1
c1cc(ccn1)c1ccncc1,OC(=O)CNC(=O)NCC(O)=O,1
C(Cc1ccncc1)c1ccncc1,OC(=O)CNC(=O)NCC(O)=O,1
O=C(OCC#CC#CCOC(=O)c1ccncc1)c1ccncc1,OC(=O)CNC(=O)NCC(O)=O,1
O=C(NCc1ccncc1)NCc1ccncc1,OC(=O)CCCC#CC#CCCCC(O)=O,1
NC(=O)c1ccncc1,Nc1cccc(c1)C(O)=O,1
NC(=O)c1ccncc1,OC(=O)c1ccccc1N(=O)=O,1
COc1ccccc1C(O)=O,NC(=O)c1ccncc1,1
NC(=O)c1ccncc1,OC(=O)c1ccccc1Cl,1
NC(=O)c1ccncc1,OC(=O)c1cccc(Cl)c1,1
NC(=O)c1ccncc1,OC(=O)c1cc(Cl)ccc1O,1
CC(CCC(O)=O)C1CCC2C3C(O)CC4CC(O)CCC4(C)C3CC(O)C12C,OCC(F)(F)F,1
CN1C(=O)N(C)C2=C(NC=N2)C1=O,OC(=O)c1ccccc1Nc1cccc(c1)C(F)(F)F,1
O=C1NC=CC=C1,OC(=O)c1ccccc1Nc1cccc(c1)C(F)(F)F,1
c1cc(ccn1)c1ccncc1,OC(=O)c1ccccc1Nc1cccc(c1)C(F)(F)F,1
Cc1ccc(cc1)C12NC(=S)NC1(NC(=S)N2)c1ccc(C)cc1,NC(N)=S,1
FC1=CC(C(=CC1=C(C#N)C#N)F)=C(C#N)C#N,S1C=CC=C1C1=CC=C(S1)C1=CC=C(S1)C1=CC=CS1,1
FC1=C(F)C(C(=C(F)C1=C(C#N)C#N)F)=C(C#N)C#N,S1C=CC=C1C1=CC=C(S1)C1=CC=C(S1)C1=CC=CS1,1
Cc1cccnc1C,OC1(c2ccccc2CCc2ccccc12)c1ccccc1c1ccccc1C1(O)c2ccccc2CCc2ccccc12,1
Cc1ccnc(C)c1,OC1(c2ccccc2CCc2ccccc12)c1ccccc1c1ccccc1C1(O)c2ccccc2CCc2ccccc12,1
Cc1cncc(C)c1,OC1(c2ccccc2CCc2ccccc12)c1ccccc1c1ccccc1C1(O)c2ccccc2CCc2ccccc12,1
Cc1ccnc(C)c1,OC(c1ccccc1)(c1ccccc1)c1ccccc1c1ccccc1C(O)(c1ccccc1)c1ccccc1,1
Cc1cncc(C)c1,OC(c1ccccc1)(c1ccccc1)c1ccccc1c1ccccc1C(O)(c1ccccc1)c1ccccc1,1
Cc1ccnc(C)c1,OC1(c2ccccc2Oc2ccccc12)c1ccccc1c1ccccc1C1(O)c2ccccc2Oc2ccccc12,1
Cc1cncc(C)c1,OC1(c2ccccc2Oc2ccccc12)c1ccccc1c1ccccc1C1(O)c2ccccc2Oc2ccccc12,1
Cc1ccnc(C)c1,OC1(c2ccccc2c2ccccc12)c1ccccc1c1ccccc1C1(O)c2ccccc2c2ccccc12,1
Cc1cncc(C)c1,OC1(c2ccccc2c2ccccc12)c1ccccc1c1ccccc1C1(O)c2ccccc2c2ccccc12,1
COc1cc(cc(OC)c1OC)C(O)=O,NC1=Nc2ccc(OC(F)(F)F)cc2S1,1
OCC1=CSC(S1)=C1SC=C(CO)S1,OCCOCCN1C(=O)c2cc3C(=O)N(CCOCCO)C(=O)c3cc2C1=O,1
Nc1ccc2ccc3c(N)ccc4ccc1c2c34,OCCOCCN1C(=O)c2cc3C(=O)N(CCOCCO)C(=O)c3cc2C1=O,1
Nc1cccc2c(N)cccc12,OCCOCCN1C(=O)c2cc3C(=O)N(CCOCCO)C(=O)c3cc2C1=O,1
CN1C=NC2=C1C(=O)NC(=O)N2C,Nc1ccccc1C(O)=O,1
c1cc(ccn1)C=NN=Cc1ccncc1,CC1(C)C(CCC1(C)C(O)=O)C(O)=O,1
FC1=C(F)C(C(=C(F)C1=C(C#N)C#N)F)=C(C#N)C#N,IC1=C(I)SC(S1)=C1SC2=C(SCCS2)S1,1
CN1C=NC2=C1C(=O)N(C)C(=O)N2C,Nc1ccccc1C(O)=O,1
C(Cc1ccncc1)c1ccncc1,Cc1cc(C)nc(NS(=O)(=O)c2ccc(N)cc2)n1,1
CCCCCCCCOc1ccc(cc1)C=Cc1ccncc1,Oc1ccc(cc1)C#N,1
NC(N)=N,OC(=O)C=C,1
Fc1c(F)c(F)c(I)c(I)c1F,N1C=CN=C1c1cccnc1,1
Fc1c(F)c(I)c(F)c(F)c1I,N1C=CN=C1c1cccnc1,1
Fc1c(I)c(F)c(I)c(F)c1I,N1C=CN=C1c1cccnc1,1
Fc1c(F)c(I)c(F)c(F)c1I,N1C=CN=C1c1ccccn1,1
Fc1c(F)c(c(F)c(F)c1I)c1c(F)c(F)c(I)c(F)c1F,N1C=CN=C1c1ccccn1,1
Fc1c(F)c(I)c(F)c(F)c1I,N1C=CN=C1c1cnccn1,1
Fc1c(F)c(c(F)c(F)c1I)c1c(F)c(F)c(I)c(F)c1F,N1C=CN=C1c1cnccn1,1
Nc1ccc(Cl)cc1,Oc1cc(Cl)c(Cl)c(Cl)c1,1
Nc1cccc(Cl)c1,Oc1cc(Cl)c(Cl)c(Cl)c1,1
Nc1cc(Cl)ccc1Cl,Oc1cc(Cl)c(Cl)c(Cl)c1,1
Nc1cc(Cl)cc(Cl)c1,Oc1cc(Cl)c(Cl)c(Cl)c1,1
Nc1ccc(Br)cc1,Oc1cc(Cl)c(Cl)c(Cl)c1,1
Nc1ccc(I)cc1,Oc1cc(Cl)c(Cl)c(Cl)c1,1
Nc1ccc(Cl)cc1,Oc1ccc(Cl)c(Cl)c1Cl,1
Nc1cccc(Cl)c1,Oc1ccc(Cl)c(Cl)c1Cl,1
Nc1cc(Cl)cc(Cl)c1,Oc1ccc(Cl)c(Cl)c1Cl,1
Nc1ccc(Cl)c(Cl)c1,Oc1ccc(Cl)c(Cl)c1Cl,1
NC(=O)c1cccc(N)c1,OC(=O)c1ccc(O)cc1,1
NC(=O)c1cccc(N)c1,OC(=O)c1cccc(O)c1,1
NC(=O)c1ccc(N)cc1,OC(=O)c1cc(O)cc(O)c1,1
[O-]c1ccccc1C1=[NH+]CCN1,Oc1ccccc1,1
COCCOCCOCCOC,Oc1c(c(Cl)c(c(Cl)c1N(=O)=O)N(=O)=O)N(=O)=O,1
CC(C)N=NC(C)(C)OO,CC(C)NN=C(C)C,1
Nc1ncccn1,OC(=O)c1cccc(c1C(O)=O)N(=O)=O,1
CN(C)P(=O)(N(C)C)N(C)C,NC(=O)CS(=O)(=O)c1ccccc1,1
O=N(=O)c1ccc(cc1)N(=O)=O,OC(=O)C=Cc1ccc(I)cc1,1
C1CCNCC1,OC1(c2ccccc2)c2ccccc2c2ccccc12,1
Fc1c(F)c(I)c(F)c(F)c1I,OC(=O)c1ccc(cc1)N=Cc1ccccc1O,1
[O-]c1ccc2ccccc2c1C=[NH+]c1ccccc1,OC(=O)c1cccc(O)c1O,1
[O-]c1ccc2ccccc2c1C=[NH+]c1ccccc1,CC(=CC(O)=O)C(O)=O,1
NC(=O)c1cccnc1,OC(=O)c1ccc(cc1)N=Cc1ccccc1O,1
[O-]c1ccc2ccccc2c1C=[NH+]c1ccccc1,OC(=O)c1cc(O)cc(O)c1,1
COc1cccc(C=Nc2ccccc2)c1O,NC(N)=O,1
Fc1ccc([NH+]=Cc2c([O-])ccc3ccccc23)cc1,OC(=O)c1cc(O)cc(O)c1,1
COc1cccc(C=Nc2ccc(cc2)C(O)=O)c1O,NC(=O)c1ccc(cc1)N(=O)=O,1
Fc1ccc([NH+]=Cc2c([O-])ccc3ccccc23)cc1,OC(=O)C=CC(O)=O,1
CC(C)C1CCC(C)CC1O,OC(=O)C(OC(=O)c1ccccc1)C(OC(=O)c1ccccc1)C(O)=O,1
CC1=CC(=NO1)NS(=O)(=O)c1ccc(N)cc1,Oc1cccc2cccnc12,1
CN1C=NC2=C1C(=O)N(C)C(=O)N2C,COc1cc(ccc1O)C(O)=O,1
c1ccc2nc3ccccc3cc2c1,COc1cc(ccc1O)C(O)=O,1
COc1cc(ccc1O)C(O)=O,NC(=O)c1cccnc1,1
COc1cc(ccc1O)C(O)=O,NC(N)=O,1
c1ccc2c(c1)nnc1ccccc21,ClC1=C(Cl)C(=O)C(=C(C#N)C1=O)C#N,1
CC1=CC(=NN1)C,Cc1cc(C)c(c(C)c1)C(O)=O,1
CN(C)P(=O)(N(C)C)N(C)C,FC(F)(Br)C(F)(F)Br,1
CCOC1Oc2ccccc2C2=Nc3ccccc3NC(=O)C12,Nc1ccccn1,1
COc1ccc2cc(OC)ccc2c1,Fc1c(F)c(F)c2c(F)c(F)c(F)c(F)c2c1F,1
CCCCCOc1ccc2ccc(OCCCCC)cc2c1,Fc1c(F)c(F)c2c(F)c(F)c(F)c(F)c2c1F,1
CCCOc1ccc2ccc(OCCC)cc2c1,Fc1c(F)c(F)c2c(F)c(F)c(F)c(F)c2c1F,1
COc1ccc2ccc(OC)cc2c1,Fc1c(F)c(F)c2c(F)c(F)c(F)c(F)c2c1F,1
CC1=CC(=O)NC(=N1)N,OC(=O)CCCC(O)=O,1
CC1=CC(=O)NC(=N1)N,OC(=O)CCCCC(O)=O,1
NC1=NC(=O)C=C(N1)c1ccccc1,OC(=O)CCCCC(O)=O,1
c1ccc2cc3ccccc3cc2c1,OC(=O)c1cc(c(Cl)c(c1)N(=O)=O)N(=O)=O,1
c1ccc2cc3ccccc3cc2c1,Cc1c(cc(cc1N(=O)=O)C(O)=O)N(=O)=O,1
c1ccc2nc3ccccc3nc2c1,OC(=O)c1cc(cc(c1)N(=O)=O)N(=O)=O,1
c1ccc2nc3ccccc3nc2c1,Cc1c(cc(cc1N(=O)=O)C(O)=O)N(=O)=O,1
c1ccc2nc3ccccc3nc2c1,OC(=O)CC(O)=O,1
CC1CCc2c(F)c(F)ccc2N1,OC(=O)C(OC(=O)c1ccccc1)C(OC(=O)c1ccccc1)C(O)=O,1
C1CCC2OCCOCCOC3CCCCC3OCCOCCOC2C1,CC(O)=S,1
Clc1ccc(cc1)C1CNC(=O)C1,OC(C(O)C(O)=O)C(O)=O,1
NC(=O)c1cccnc1,NC(N)=O,1
[O-][n+]1ccccc1,IN1C(=O)CCC1=O,1
[O-][n+]1ccc(cc1)c1ccccc1,IN1C(=O)CCC1=O,1
[O-][n+]1ccccc1,IN1C(=O)c2ccccc2S1(=O)=O,1
Cc1cccc[n+]1[O-],IN1C(=O)c2ccccc2S1(=O)=O,1
[O-][n+]1ccc(cc1)c1ccccc1,IN1C(=O)c2ccccc2S1(=O)=O,1
[O-][n+]1ccccc1,O=C1NS(=O)(=O)c2ccccc12,1
Cc1cccc[n+]1[O-],O=C1NS(=O)(=O)c2ccccc12,1
CCCOCCC,OC(=O)C(OC(=O)c1ccccc1)C(OC(=O)c1ccccc1)C(O)=O,1
CC(CCC(O)=O)C1CCC2C3C(O)CC4CC(O)CCC4(C)C3CC(O)C12C,Nc1ccccc1F,1
CC(CCC(O)=O)C1CCC2C3C(O)CC4CC(O)CCC4(C)C3CC(O)C12C,Nc1ccc(F)cc1,1
CC(CCC(O)=O)C1CCC2C3C(O)CC4CC(O)CCC4(C)C3CC(O)C12C,Nc1ccc(F)c(F)c1,1
CN1N(C(=O)C=C1C)c1ccccc1,NC(N)=NS(=O)(=O)c1ccc(N)cc1,1
c1ccc(cc1)C=Cc1ccccc1,CC(C)c1ccc(C)c2C(=O)Oc3c(ccc(C)c3C(=O)Oc3c(ccc(C)c3C(=O)Oc12)C(C)C)C(C)C,1
c1cc2ccc3cccc4ccc(c1)c2c34,Fc1c(F)c(F)c(F)c(F)c1F,1
c1ccc2cc3ccccc3cc2c1,Fc1c(F)c(F)c(F)c(F)c1F,1
c1cc2cccc3c4cccc5cccc(c(c1)c23)c45,Fc1c(F)c(F)c(F)c(F)c1F,1
BrC1=C(Br)C(=O)C(=C(Br)C1=O)Br,Cc1c(C)c(C)c(C)c(C)c1C,1
OC(=CC(=O)C1=CC=CO1)c1ccc(cc1)C(c1ccccc1)=C(c1ccccc1)c1ccccc1,OC(=CC(=O)c1ccc(cc1)C(c1ccccc1)=C(c1ccccc1)c1ccccc1)C1=CC=CO1,1
N#CC(C#N)=C1C=CC(C=C1)=C(C#N)C#N,Nc1ccc2ccc3cccc4ccc1c2c34,1
CC12CCC3C(CC(=C)C4=CC(=O)C=CC34C)C1CCC2=O,NC(N)=S,1
O=C(NCc1ccncc1)C(=O)NCc1ccncc1,OC(=O)c1ccccc1,1
CCCCCCCCOc1ccc(cc1)C=Cc1ccncc1,Oc1ccc(cc1)C=Cc1cc(O)cc(O)c1,1
CC(=O)C=Cc1ccc2cc(O)cc(O)c2c1,CCCCCCCCOc1ccc(cc1)C=Cc1ccncc1,1
c1ccc(nc1)c1ccccn1,OC1=C(I)C(=O)C(=C(I)C1=O)O,1
COc1cc(O)c(CC=C(C)C)c(O)c1C(=O)C=Cc1ccc(O)cc1,O=C1CCCC(=O)N1,1
COc1ccc(cc1)C1C(OC2=C1C(=O)CC(C)(C)C2)N(NC(=O)OC(C)C)C(=O)OC(C)C,COc1ccc(cc1)C1C(OC2=C1C(=O)CC(C)(C)C2)N(OC(=O)OC(C)C)C(=O)OC(C)C,1
CCOC(=O)Cc1ccccc1Nc1c(Cl)cccc1Cl,OC(=O)Cc1ccccc1Nc1c(Cl)cccc1Cl,1
Cc1ccc2N=NNc2c1,Cc1ccc2NN=Nc2c1,1
c1cc(ccn1)c1ccncc1,Oc1ccc(cc1)C1=CC(=O)c2c(O)cc(O)cc2O1,1
CN1C(Sc2ccccc12)=NN=C1N(C)c2ccccc2N1C,N#CC(C#N)=C1C=CC(C=C1)=C(C#N)C#N,1
CN(C)C(=NN=C1Sc2ccccc2N1C)N(C)C,N#CC(C#N)=C1C=CC(C=C1)=C(C#N)C#N,1
c1ccc(cc1)N1c2ccccc2N=C1c1cccc(c1)N1c2ccccc2c2ccc(cc12)C(c1ccccc1)=C(c1ccccc1)c1ccccc1,O1C=CC=C1,1
COC(=O)C(C(=O)OC)=C1C=CC(C=C1)=C(C(=O)OC)C(=O)OC,N#CN=C1C=CC(C=C1)=C(C#N)C#N,1
CCOC(=O)C(C(=O)OCC)=C1C=CC(C=C1)=C(C(=O)OCC)C(=O)OCC,N#CN=C1C=CC(C=C1)=C(C#N)C#N,1
C1CC(CCC1N=Cc1ccncc1)N=Cc1ccncc1,OC(=O)c1ccc(SSc2ccc(cc2)C(O)=O)cc1,1
CC1CC2CN3C4C(=O)C56COC7(C)CC5C(C(C)C(=O)C6C5(COC(=O)C5)C4(C)CCC3(C1)O2)C(=O)C7,OC(=O)C(F)(F)F,1
C#C,CCN=C1NC(=C(NNc2ccccc2)S1)C1=C(N)N=C(S1)N(CC)CC,1
c1cc2ccc3ccc4ccc5ccc6ccc1c1c2c3c4c5c61,FC1=C(F)C(=O)C(=C(F)C1=O)F,1
Cc1ccc(cc1)C1C=Cc2cc(Br)c(Br)cc2C1O,O=C(C=Cc1ccccc1)C=Cc1ccccc1,1
CN(C)c1ccc(C=O)cc1,CN(C)c1ccc(cc1)C=NNC(N)=S,1
CN1C=NC2=C1C(=O)NC(=O)N2C,OC(=O)c1ccc(O)cc1O,1
CN1C=NC2=C1C(=O)NC(=O)N2C,OC(=O)c1cc(O)ccc1O,1
CN1C=NC2=C1C(=O)NC(=O)N2C,OC(=O)c1ccc(O)c(O)c1,1
CN1C=NC2=C1C(=O)NC(=O)N2C,OC(=O)c1cc(O)cc(O)c1,1
c1cc(ccn1)N=Nc1ccncc1,OC(=O)c1ccc(cc1)C(O)=O,1
C(Cc1ccncc1)c1ccncc1,OC(=O)c1ccc(cc1)C(O)=O,1
c1cc(ccn1)C=Cc1ccncc1,OC(=O)c1ccc(cc1)C(O)=O,1
c1cc(ccn1)C=Cc1ccncc1,Oc1ccc(cc1)C=Cc1cc(O)cc(O)c1,1
c1cc(ccn1)N=Nc1ccncc1,Oc1ccc(cc1)C=Cc1cc(O)cc(O)c1,1
C1CN2CN3CCN(CN1C3)C2,Oc1cccc(c1)N(=O)=O,1
CC(Oc1ccc(COc2ccc(Cl)cc2)cc1)C(O)=O,NC(=O)c1ccncc1,1
CS(=O)(=O)c1ccc(cc1)C1=CN=C2C=CC(=NN12)c1cccc(c1)S(C)(=O)=O,OC(=O)C=CC(O)=O,1
CS(=O)(=O)c1ccc(cc1)C1=CN=C2C=CC(=NN12)c1cccc(c1)S(C)(=O)=O,OC(=O)CCCC(O)=O,1
CS(=O)(=O)c1ccc(cc1)C1=CN=C2C=CC(=NN12)c1cccc(c1)S(C)(=O)=O,OC(=O)CCCCC(O)=O,1
FC(F)(F)C1(OC(=O)Nc2ccc(Cl)cc12)C#CC1CC1,OC(=O)C1CCCN1,1
c1cc(ccn1)C=Cc1ccncc1,Clc1c(Cl)c(I)c(Cl)c(Cl)c1I,1
C[N+]1(CCCC1)CC(=O)[O-],OC(=O)c1ccc(O)cc1,1
CC1=NN(Cc2ccc(cc2)C#N)C(=C1)C,OC(=O)C(O)=O,1
CSC1=C(C)SC(S1)=C1SC(=C(SC)S1)C,N#CC(C#N)=C1C=CC(C=C1)=C(C#N)C#N,1
CC1N(C(CO)Cc2c(CCC(C)(C)O)cccc12)C(=O)Cc1c(Cl)cccc1Cl,OC(=O)c1ccc(O)cc1,1
C1CNCCN1,Cc1cccc(O)c1,1
C1CNCCN1,Cc1ccccc1O,1
c1ccc2cc3ccccc3cc2c1,FC(F)(F)c1cc2c(cc3c(cc(cc3C(F)(F)F)C(F)(F)F)c2C(F)(F)F)c(c1)C(F)(F)F,1
c1ccc2cc3ccccc3cc2c1,FC(F)(F)c1cc2c(cc1C(F)(F)F)c(c1cc(c(cc1c2C(F)(F)F)C(F)(F)F)C(F)(F)F)C(F)(F)F,1
c1cc2ccc3ccc4ccc5ccc6ccc1c1c2c3c4c5c61,FC(F)(F)c1cc2c(cc1C(F)(F)F)c(c1cc(c(cc1c2C(F)(F)F)C(F)(F)F)C(F)(F)F)C(F)(F)F,1
c1cc2cccc3c4cccc5cccc(c(c1)c23)c45,FC(F)(F)c1cc2c(cc1C(F)(F)F)c(c1cc(c(cc1c2C(F)(F)F)C(F)(F)F)C(F)(F)F)C(F)(F)F,1
c1ccc2cc3ccccc3cc2c1,FC(F)(F)c1cc2c(cc3c(cc(c(c3C(F)(F)F)C(F)(F)F)C(F)(F)F)c2C(F)(F)F)c(c1)C(F)(F)F,1
c1cc(ccn1)c1cncc(c1)c1ccncc1,Fc1c(F)c(I)c(F)c(F)c1I,1
Cc1ccnc2N(C3CC3)c3ncccc3C(=O)Nc12,OC(=O)c1ccccc1O,1
Clc1ccc(cc1)C1=CSC(=N1)NC=O,NC1=NC(=CS1)c1ccc(Cl)cc1,1
[NH3+]CC(=O)[O-],OC(=O)c1cccc(n1)C(O)=O,1
O=C([O-])c1c[nH+]ccc1,OC(=O)c1cccc(n1)C(O)=O,1
CC1=NNC(S1)=NS(=O)(=O)c1ccc(N)cc1,O=C1NS(=O)(=O)c2ccccc12,1
NC(=O)c1cnccn1,OC(=O)CCCCCC(O)=O,1
C[NH2+]CC(=O)[O-],CC1=NNC(S1)=NS(=O)(=O)c1ccc(N)cc1,1
NNC(=O)c1ccncc1,O=C1NC(=O)NC(=O)N1,1
IC#Cc1cc(cc(c1)N(=O)=O)N(=O)=O,O1C=CC=C1c1cncnc1,1
c1ccc2nccnc2c1,OC(=O)C(Cc1ccc(O)cc1)NC(=O)C(c1ccccc1)(c1ccccc1)c1ccccc1,1
c1ccc2nc3ccccc3nc2c1,Oc1ccccc1O,1
c1ccc2nc3ccccc3nc2c1,Oc1cccc(O)c1,1
c1ccc2nc3ccccc3nc2c1,Oc1ccc2ccc(O)cc2c1,1
NC(=O)c1ccncc1,OC(=O)Cc1ccc(O)c(Cl)c1,1
c1ccc2nc3ccccc3nc2c1,OC(=O)Cc1ccc(O)c(Cl)c1,1
c1cc(ccn1)c1ccncc1,OC(=O)Cc1ccc(O)c(Cl)c1,1
CC12CCC3C(CCc4cc(O)ccc34)C1CCC2(O)C#C,NC(=O)c1cccnc1,1
c1cc(ccn1)c1ccncc1,CC12CCC3C(CCc4cc(O)ccc34)C1CCC2(O)C#C,1
CC12CCC3C(CCc4cc(O)ccc34)C1CCC2(O)C#C,N1C=CN=C1,1
Cc1cc(ccc1O)C1(c2ccc(O)c(C)c2)C(=O)c2ccccc2C1=O,Cc1cc(O)c(C)cc1O,1
OC(C(O)C(O)(c1ccccc1)c1ccccc1)C(O)(c1ccccc1)c1ccccc1,OC1CCCCC1,1
Cc1cc(C)c(c(C)c1)c1c2cccc(c2cc2c(cccc12)c1c(C)cncc1C)c1c(C)cncc1C,Fc1c(F)c(N=Nc2c(F)c(F)c(I)c(F)c2F)c(F)c(F)c1I,1
NC(=O)c1cccnc1,OC(=O)c1cc(ccc1Cl)N(=O)=O,1
O=N(=O)c1cccc2ncccc12,OC(=O)c1ccc(cc1Cl)N(=O)=O,1
O=N(=O)c1cccc2ncccc12,OC(=O)c1cc(Cl)ccc1N(=O)=O,1
FC(F)(I)C(F)(F)C(F)(F)C(F)(F)I,N#Cc1ccncc1,1
Fc1c(F)c(I)c(F)c(F)c1I,N#Cc1ccncc1,1
IC#CI,N#Cc1ccncc1,1
Fc1c(F)c(I)c(F)c(I)c1F,N#Cc1ccncc1,1
COc1cc(C=Cc2ccncc2)c(OC)cc1C=Cc1ccncc1,OC(=O)c1c(F)c(F)c(Br)c(F)c1F,1
Cc1ccnc2N(C3CC3)c3ncccc3C(=O)Nc12,OC(=O)c1ccc(O)cc1,1
COc1cc(ccc1O)C(O)=O,OC(CN1C=NC=N1)(CN1C=NC=N1)c1ccc(F)cc1F,1
OC(=O)c1ccc(O)cc1,OC(CN1C=NC=N1)(CN1C=NC=N1)c1ccc(F)cc1F,1
CCCCNc1cc(cc(c1Oc1ccccc1)S(N)(=O)=O)C(O)=O,O=C1CCCCCN1,1
CCCCNc1cc(cc(c1Oc1ccccc1)S(N)(=O)=O)C(O)=O,CN1CCCCCC1=O,1
CCCCNc1cc(cc(c1Oc1ccccc1)S(N)(=O)=O)C(O)=O,NC(N)=O,1
CCCCNc1cc(cc(c1Oc1ccccc1)S(N)(=O)=O)C(O)=O,O=C1CCCCN1,1
Cc1cc(C)nc(NS(=O)(=O)c2ccc(N)cc2)n1,OC(=O)c1cc(ccc1Cl)N(=O)=O,1
Cc1cc(C)nc(NS(=O)(=O)c2ccc(N)cc2)n1,OC(=O)c1ccc(Br)cc1,1
Cc1cc(C)nc(NS(=O)(=O)c2ccc(N)cc2)n1,OC(=O)C=Cc1ccccc1,1
Cc1cc(C)nc(NS(=O)(=O)c2ccc(N)cc2)n1,Cc1ccc(cc1)C(O)=O,1
O=C1C=CC(=O)C=C1,Oc1ccc(F)cc1,1
O=C1C=CC(=O)C=C1,Oc1ccc(I)cc1,1
N1N=NC(=N1)c1ccncc1,OC(=O)c1cccc(C(O)=O)c1C(O)=O,1
[nH+]1ccc(cc1)C1=NN=N[N-]1,OC(=O)c1cccc(O)c1O,1
CN1CC(=Cc2ccncc2)C(=O)C(C1)=Cc1ccncc1,Oc1cccc(O)c1,1
CN1CC(=Cc2ccncc2)C(=O)C(C1)=Cc1ccncc1,COc1cc(O)cc(O)c1,1
CN1CC(=Cc2ccncc2)C(=O)C(C1)=Cc1ccncc1,OC(=O)c1cc(O)cc(O)c1,1
CCCCCc1ccc(cc1)C#Cc1ccncc1,Fc1c(F)c(I)c(F)c(F)c1I,1
CCCCCc1ccc(cc1)C#Cc1ccccn1,Fc1c(F)c(I)c(F)c(F)c1I,1
CCCCCc1ccc(cc1)C#Cc1ccncc1,OC(=O)c1ccc(cc1)C(O)=O,1
O=C1NN=Cc2ccccc12,OC(=O)c1c(F)c(F)c(C(O)=O)c(F)c1F,1
NC(=O)c1ccncc1,OC(=O)c1ccc2OCOc2c1,1
COc1cc(C(=O)Nc2ccncc2)c(OC)cc1C(=O)Nc1ccncc1,Fc1c(F)c(I)c(F)c(F)c1I,1
c1ccc2nc3ccccc3nc2c1,OC(=O)c1c2ccccc2c(c2ccccc12)c1c2ccccc2c(C(O)=O)c2ccccc12,1
c1cc(ccn1)c1ccncc1,OC(=O)c1c2ccccc2c(c2ccccc12)c1c2ccccc2c(C(O)=O)c2ccccc12,1
IC#CC#CC#CI,O=C(NCCCCCCC#N)C(=O)NCCCCCCC#N,1
Cc1[n+]([O-])c(C)c(C)[n+]([O-])c1C,ClC1=C(Cl)C(=O)C(=C(C#N)C1=O)C#N,1
CC1(C)c2cc3N4c5ccccc5c5cccc(c45)C(C)(C)c3cc2N2c3ccccc3c3cccc1c23,ClC1=C(Cl)C(=O)C(=C(Cl)C1=O)Cl,1
CC1(C)c2cc3N4c5ccccc5c5cccc(c45)C(C)(C)c3cc2N2c3ccccc3c3cccc1c23,FC1=C(F)C(=O)C(=C(F)C1=O)F,1
CC1(C)C2=CC3=C4c5ccccc5c5cccc(c45)C(C)(C)C3=CC2=C2c3ccccc3c3cccc1c23,N#CC(C#N)=C1C=CC(C=C1)=C(C#N)C#N,1
COc1ccccc1C=Nc1ccccc1C(O)=O,Nc1ccccc1C(O)=O,1
O=C(NCc1ccncc1)C(=O)NCc1ccncc1,OC(=O)c1ccc(Cl)cc1,1
CC1=CC(=NN1)C,OC(=O)c1cc(cc(c1)C(O)=O)C(O)=O,1
COC(=O)C=CC1=C(OC(=O)C(=C1)Br)c1ccccc1,COC(=O)C=CCC12CCCC1C1OC(=O)C2(Br)C=C1C(=O)c1ccccc1,1
OC(=O)c1ccc(cc1)C(O)=O,S1N=C2C(=CC=C(C=Cc3ccncc3)C2=N1)C=Cc1ccncc1,1
c1cc(ccn1)c1ccncc1,OC(=O)CCCCCCC(O)=O,1
c1cc(ccn1)C=Cc1ccncc1,OC(=O)CCCCCCCCC(O)=O,1
c1cc(ccn1)c1ccncc1,Oc1cccc(O)c1,1
C1OCC=C1,N#CC(=Cc1cccc2ccccc12)C1=CC=C(N1)C(=Cc1cccc2ccccc12)C#N,1
O=C1Nc2cc(OCCCCN3CCN(CC3)c3cccc4SC=Cc34)ccc2C=C1,Oc1ccccc1O,1
CN1C(=O)N(C)C2=C(NC=N2)C1=O,OC(=O)COc1cccc(c1)C(O)=O,1
NC(=O)c1ccncc1,OC(=O)COc1cccc(c1)C(O)=O,1
CN1C=NC2=C1C(=O)N(C)C(=O)N2C,OC(=O)COc1ccc2ccc(OCC(O)=O)cc2c1,1
C(Cc1ccncc1)Cc1ccncc1,OC(=O)COc1ccc2ccc(OCC(O)=O)cc2c1,1
c1cc(ccn1)c1ccncc1,Cc1cc(cc(C)c1OCC(O)=O)C(c1cc(C)c(OCC(O)=O)c(C)c1)c1ccccc1N(=O)=O,1
c1cc(ccn1)c1ccncc1,Cc1cc(C)c(OCC(O)=O)c(c1)C(c1cc(C)cc(C)c1OCC(O)=O)c1ccccc1N(=O)=O,1
CC(=O)OCC(OC(C)=O)C(OC(C)=O)C(OC(C)=O)C(CN(C(C)=O)C(=C)c1cc(Br)ccc1OC(C)=O)OC(C)=O,CC(=O)OCC(OC(C)=O)C(OC(C)=O)C(OC(C)=O)C1CN(C(C)=O)C(C)(O1)c1cc(Br)ccc1OC(C)=O,1
COc1c2OC=Cc2cc2C=CC(=O)Oc12,OC(=O)C(O)=O,1
COc1c2OC=Cc2cc2C=CC(=O)Oc12,Nc1ccc(cc1)C(O)=O,1
Brc1cncc(c1)c1ccncc1,Fc1c(F)c(I)c(F)c(F)c1I,1
OC(=O)c1cccc(Br)c1,OC(=O)c1ccccc1SSc1ccccc1C(O)=O,1
COc1cc(C=CC(O)=O)ccc1O,O=C1CN(N=CC2=CC=C(O2)N(=O)=O)C(=O)N1,1
N1c2ccccc2c2ccccc12,Oc1c(cc(cc1N(=O)=O)N(=O)=O)N(=O)=O,1
CC(C)=NNC(=O)c1ccncc1,OC(=O)c1ccc(cc1)N(=O)=O,1
CCC(C)=NNC(=O)c1ccncc1,OC(=O)c1ccc(cc1)N(=O)=O,1
CCC(CC)=NNC(=O)c1ccncc1,OC(=O)c1ccc(cc1)N(=O)=O,1
O=N(=O)c1cccc2ncccc12,OC(=O)c1cccc(Cl)c1N(=O)=O,1
O=N(=O)c1ccc2ncccc2c1,OC(=O)c1cccc(Cl)c1N(=O)=O,1
N#CC(C#N)=C1C=CC(C=C1)=C(C#N)C#N,S1C=C2C(=C1)C1=CSC=C1C1=CSC=C21,1
Cc1[nH+]c(nc(C)c1)[N-]S(=O)(=O)c1ccc(N)cc1,NC(=O)c1cccnc1,1
Cc1ccnc(NS(=O)(=O)c2ccc(N)cc2)n1,Nc1ccccc1C(O)=O,1
Cc1ccnc(NS(=O)(=O)c2ccc(N)cc2)n1,NC(=O)c1ccccc1O,1
NC(N)=O,NS(=O)(=O)c1cc(C(O)=O)c(NCC2=CC=CO2)cc1Cl,1
CC(=O)C1CCC2C3CCC4=CC(=O)CCC4(C)C3CCC12C,Nc1ccc(cc1Cl)N(=O)=O,1
CC(=O)C1CCC2C3CCC4=CC(=O)CCC4(C)C3CCC12C,Oc1ccc(cc1)c1ccc(O)cc1,1
CC(=O)OC1(CCC2C3C=C(C)C4=CC(=O)CCC4C3CCC12C)C(C)=O,OC(=O)c1ccc(O)cc1O,1
O=C1NC=CC=C1,OC(=O)c1cc(O)c(O)c(O)c1,1
CN1C(=O)N(C)C2=C(NC=N2)C1=O,NC(N)=NC1=NC(=CS1)CSCCC(N)=NS(N)(=O)=O,1
CN1N(C(=O)C=C1C)c1ccccc1,O=C1NS(=O)(=O)c2ccccc12,1
CN(C)C1=C(C)N(C)N(c2ccccc2)C1=O,OC(=O)C=CC(O)=O,1
CN1N(C(=O)C=C1C)c1ccccc1,OC(=O)C=CC(O)=O,1
O=C1NC=CC=C1,OC(=O)c1ccccc1O,1
NC(N)=O,OC(=O)c1cc(O)c(O)c(O)c1,1
Fc1ccc2SC3C4CCCN4C(=O)CN3C(=O)c2c1,O=C=O,1
NC(=O)c1cccnc1,Oc1ccc(CCC(=O)c2c(O)cc(O)cc2O)cc1,1
NC(=O)c1ccncc1,Oc1ccc(CCC(=O)c2c(O)cc(O)cc2O)cc1,1
COc1ccc(cc1N(=O)=O)N(=O)=O,Nc1ccccc1N(=O)=O,1
COc1ccc(cc1N(=O)=O)N(=O)=O,O=N(=O)c1cccc(c1)N(=O)=O,1
FC1=CNC(=O)NC1=O,OC(=O)c1ccc2cc(O)ccc2c1,1
CC(C)(C)C1=NC(=C(S1)c1ccnc(N)n1)c1cccc(NS(=O)(=O)c2c(F)cccc2F)c1F,OC(=O)CCCCC(O)=O,1
CCCCN1C(=O)C2(N(CCCC)C1=S)N(C(=O)C(=C2C(=O)c1ccccc1)O)c1cc(Cl)ccc1O,Clc1ccc2OC(=O)C(Nc2c1)=CC(=O)c1ccccc1,1
CC(C(=O)O)c1cccc(C(=O)c2ccccc2)c1,NC(=O)N1c2ccccc2C=Cc2ccccc21,1
c1cc2ccc3cccc4ccc(c1)c2c34,O=c1oc2ccccc2c2ccccc12,1
c1cc2ccc3cccc4ccc(c1)c2c34,N#Cc1c2ccccc2c(C#N)c2ccccc12,1
